Workbook

Sheet Sheet1
A1: =IF(OR(C2>3.5,D2>3.5,D1>3.5),"wow",IF(AND(C2>2,D2>2,D1>2),"yes",IF(C2=MAX(C2,D2,D1),1,IF(D2=MAX(C2,D2,D1),2,IF(D1=MAX(C2,D2,D1),3,""))))) | B1: =IF(OR(E2>3.5,F2>3.5,F1>3.5),"wow",IF(AND(E2>2,F2>2,F1>2),"yes",IF(E2=MAX(E2,F2,F1),1,IF(F2=MAX(E2,F2,F1),2,IF(F1=MAX(E2,F2,F1),3,""))))) | C1: =$E46-D1 | D1: =AVERAGE(C2,D2) | E1: =$E46-F1 | F1: =AVERAGE(E2,F2) | G1: =$E46-H1 | H1: =AVERAGE(G2,H2) | I1: =$E46-J1 | J1: =AVERAGE(I2,J2) | K1: =$E46-L1 | L1: =AVERAGE(K2,L2)
A2: =IF(OR(G2>3.5,H2>3.5,H1>3.5),"wow",IF(AND(G2>2,H2>2,H1>2),"yes",IF(G2=MAX(G2,H2,H1),1,IF(H2=MAX(G2,H2,H1),2,IF(H1=MAX(G2,H2,H1),3,""))))) | B2: =IF(OR(I2>3.5,J2>3.5,J1>3.5),"wow",IF(AND(I2>2,J2>2,J1>2),"yes",IF(I2=MAX(I2,J2,J1),1,IF(J2=MAX(I2,J2,J1),2,IF(J1=MAX(I2,J2,J1),3,""))))) | C2: =VLOOKUP(F48,$C6:$V42,14)+VLOOKUP(F48,C6:V42,16)*1.35 | D2: =VLOOKUP(G48,$C6:$V42,16)+VLOOKUP(G48,$C6:$V42,14)*1.35 | E2: =VLOOKUP(J48,$C6:$V42,14)+VLOOKUP(J48,$C6:$V42,16)*1.35 | F2: =VLOOKUP(K48,$C6:$V42,16)+VLOOKUP(K48,$C6:$V42,14)*1.35 | G2: =VLOOKUP(N48,$C6:$V42,14)+VLOOKUP(N48,$C6:$V42,16)*1.35 | H2: =VLOOKUP(O48,$C6:$V42,16)+VLOOKUP(O48,$C6:$V42,14)*1.35 | I2: =VLOOKUP(R48,$C6:$V42,14)+VLOOKUP(R48,$C6:$V42,16)*1.35 | J2: =VLOOKUP(S48,$C6:$V42,16)+VLOOKUP(S48,$C6:$V42,14)*1.35 | K2: =VLOOKUP(V48,$C6:$V42,14)+VLOOKUP(V48,$C6:$V42,16)*1.35 | L2: =VLOOKUP(W48,$C6:$V42,16)+VLOOKUP(W48,$C6:$V42,14)*1.35
A3: =IF(OR(K2>3.5,L2>3.5,L1>3.5),"wow",IF(AND(K2>2,L2>2,L1>2),"yes",IF(K2=MAX(K2,L2,L1),1,IF(L2=MAX(K2,L2,L1),2,IF(L1=MAX(K2,L2,L1),3,""))))) | B3: =IF(OR(A64="",Sheet2!AA15="no"),"",Sheet2!N2) | C3: Goals per match
A4: =_xlfn.TEXTJOIN(" /", ,IF(AND(A113="yes",E74=""),"+2",IF(AND(A113="yes",OR(E74="u2.5",E74="u3.5",E74="u4.5",E74="u5.5",E74="u6.5")),"+1",IF(AND(A113="yes",E74<>""),E74,"no"))),_xlfn.IFERROR(E74,""),A79,IF(Sheet2!M71="under",Sheet2!M77,Sheet2!M71)) | B4: =_xlfn.TEXTJOIN(" /", ,H104,_xlfn.IFERROR(E114,""),B115) | D4: GP | E4: Average goals overall | I4: Average goals at home | M4: Average goals away | P4: home | Q4: home | R4: away | S4: away | T4: Home advantage | AB4: Points per game | AD4: 2.25 | AF4: 1.6 | AI4: Points per game | AK4: 2.2 | AM4: 1.03
A5: =_xlfn.TEXTJOIN("/ ", ,Sheet2!Y25,Sheet2!BW25) | B5: =IF(A74<51,"",IF(B70="","",IF(AND(T89="yes",U89="Yes"),"",_xlfn.TEXTJOIN("+ ", ,Sheet2!S3,M106,N106)))) | E5: Scored | F5: Conc. | G5: Total | I5: Scored | J5: Conc. | K5: Total | M5: Scored | N5: Conc. | O5: Total | P5: att | Q5: defend | R5: att | S5: defend | T5: HA | U5: =COUNT(C6:S6) | AB5: % Wins | AD5: 0.75 | AF5: 0.47 | AI5: % Wins | AK5: 0.6 | AM5: 0.28
A6: =IF(Sheet2!F40="coup","just Add 1 goal","clean") | B6: =_xlfn.TEXTJOIN(" ,", , ,Sheet2!V25,D46) | C6: America MG | D6: 13 | E6: 0.77 | F6: 1.85 | G6: 2.62 | I6: 0.67 | J6: 1.83 | K6: 2.5 | M6: 0.86 | N6: 1.86 | O6: 2.71 | P6: =I6/$I$44 | Q6: =J6/$J$44 | R6: =M6/$M$44 | S6: =N6/$N$44 | T6: =IF((I6-M6)/D6<0,0*(I6-M6)/D6,(I6-M6)/D6) | V6: =IF(K6>0,AVERAGE(K6,O6)," ") | AB6: % Draws | AD6: 0 | AF6: 0.18 | AI6: % Draws | AK6: 0.4 | AM6: 0.2
C7: Athletic Club | D7: 14 | E7: 1.07 | F7: 1.07 | G7: 2.14 | I7: 0.86 | J7: 0.71 | K7: 1.57 | M7: 1.29 | N7: 1.43 | O7: 2.71 | P7: =I7/$I$44 | Q7: =J7/$J$44 | R7: =M7/$M$44 | S7: =N7/$N$44 | T7: =IF((I7-M7)/D7<0,0*(I7-M7)/D7,(I7-M7)/D7) | V7: =IF(K7>0,AVERAGE(K7,O7)," ") | AB7: % Defeats | AD7: 0.25 | AF7: 0.35 | AI7: % Defeats | AK7: 0 | AM7: 0.52
C8: Atletico GO | D8: 14 | E8: 1.14 | F8: 1.14 | G8: 2.29 | I8: 1.29 | J8: 1.29 | K8: 2.57 | M8: 1 | N8: 1 | O8: 2 | P8: =I8/$I$44 | Q8: =J8/$J$44 | R8: =M8/$M$44 | S8: =N8/$N$44 | T8: =IF((I8-M8)/D8<0,0*(I8-M8)/D8,(I8-M8)/D8) | V8: =IF(K8>0,AVERAGE(K8,O8)," ") | AB8: Goals scored per game | AD8: 1.75 | AF8: 1.97 | AI8: Goals scored per game | AK8: 1.8 | AM8: 1.2
C9: Avai | D9: 14 | E9: 1.07 | F9: 1.43 | G9: 2.5 | I9: 1 | J9: 1.13 | K9: 2.13 | M9: 1.17 | N9: 1.83 | O9: 3 | P9: =I9/$I$44 | Q9: =J9/$J$44 | R9: =M9/$M$44 | S9: =N9/$N$44 | T9: =IF((I9-M9)/D9<0,0*(I9-M9)/D9,(I9-M9)/D9) | V9: =IF(K9>0,AVERAGE(K9,O9)," ") | AB9: Goals conceded per game | AD9: 1.25 | AF9: 1.57 | AI9: Goals conceded per game | AK9: 0.4 | AM9: 1.57
A10: =IF(B10>AVERAGE(D6:D42),"no","yes") | B10: =ROUND(((COUNTA(C6:C42)-1)*((COUNTA(C6:C42)-1)*2))/38,0) | C10: Botafogo SP | D10: 14 | E10: 1 | F10: 0.93 | G10: 1.93 | I10: 1.67 | J10: 1.17 | K10: 2.83 | M10: 0.5 | N10: 0.75 | O10: 1.25 | P10: =I10/$I$44 | Q10: =J10/$J$44 | R10: =M10/$M$44 | S10: =N10/$N$44 | T10: =IF((I10-M10)/D10<0,0*(I10-M10)/D10,(I10-M10)/D10) | V10: =IF(K10>0,AVERAGE(K10,O10)," ") | AB10: % Clean sheets | AD10: 0.5 | AF10: 0.26 | AI10: % Clean sheets | AK10: 0.6 | AM10: 0.24
C11: Ceara | D11: 14 | E11: 1.07 | F11: 1.14 | G11: 2.21 | I11: 1.25 | J11: 1.25 | K11: 2.5 | M11: 0.83 | N11: 1 | O11: 1.83 | P11: =I11/$I$44 | Q11: =J11/$J$44 | R11: =M11/$M$44 | S11: =N11/$N$44 | T11: =IF((I11-M11)/D11<0,0*(I11-M11)/D11,(I11-M11)/D11) | V11: =IF(K11>0,AVERAGE(K11,O11)," ") | AB11: % Failed To Score | AD11: 0 | AF11: 0.14 | AI11: % Failed To Score | AK11: 0 | AM11: 0.34
C12: CRB | D12: 14 | E12: 1.64 | F12: 1.71 | G12: 3.36 | I12: 1.71 | J12: 1.57 | K12: 3.29 | M12: 1.57 | N12: 1.86 | O12: 3.43 | P12: =I12/$I$44 | Q12: =J12/$J$44 | R12: =M12/$M$44 | S12: =N12/$N$44 | T12: =IF((I12-M12)/D12<0,0*(I12-M12)/D12,(I12-M12)/D12) | V12: =IF(K12>0,AVERAGE(K12,O12)," ") | AB12: % Won To Nil | AD12: 0.5 | AF12: 0.24 | AI12: % Won To Nil | AK12: 0.6 | AM12: 0.17
C13: Criciuma | D13: 13 | E13: 1.15 | F13: 0.85 | G13: 2 | I13: 1.33 | J13: 0.67 | K13: 2 | M13: 1 | N13: 1 | O13: 2 | P13: =I13/$I$44 | Q13: =J13/$J$44 | R13: =M13/$M$44 | S13: =N13/$N$44 | T13: =IF((I13-M13)/D13<0,0*(I13-M13)/D13,(I13-M13)/D13) | V13: =IF(K13>0,AVERAGE(K13,O13)," ") | AB13: % Lost To Nil | AD13: 0 | AF13: 0.11 | AI13: % Lost To Nil | AK13: 0 | AM13: 0.27
C14: Cuiaba | D14: 14 | E14: 0.64 | F14: 0.5 | G14: 1.14 | I14: 0.71 | J14: 0.57 | K14: 1.29 | M14: 0.57 | N14: 0.43 | O14: 1 | P14: =I14/$I$44 | Q14: =J14/$J$44 | R14: =M14/$M$44 | S14: =N14/$N$44 | T14: =IF((I14-M14)/D14<0,0*(I14-M14)/D14,(I14-M14)/D14) | V14: =IF(K14>0,AVERAGE(K14,O14)," ") | AB14: Total goals per game | AD14: 3 | AF14: 3.54 | AI14: % Team scored first | AK14: 1 | AM14: 0.36
C15: Fortaleza | D15: 14 | E15: 1.14 | F15: 1.07 | G15: 2.21 | I15: 2 | J15: 1.17 | K15: 3.17 | M15: 0.5 | N15: 1 | O15: 1.5 | P15: =I15/$I$44 | Q15: =J15/$J$44 | R15: =M15/$M$44 | S15: =N15/$N$44 | T15: =IF((I15-M15)/D15<0,0*(I15-M15)/D15,(I15-M15)/D15) | V15: =IF(K15>0,AVERAGE(K15,O15)," ") | AB15: % over 1.5 goals | AD15: 0.75 | AF15: 0.88 | AI15: % Opponent scored first | AK15: 0 | AM15: 0.57
C16: Goias | D16: 13 | E16: 1 | F16: 1.38 | G16: 2.38 | I16: 1 | J16: 1.17 | K16: 2.17 | M16: 1 | N16: 1.57 | O16: 2.57 | P16: =I16/$I$44 | Q16: =J16/$J$44 | R16: =M16/$M$44 | S16: =N16/$N$44 | T16: =IF((I16-M16)/D16<0,0*(I16-M16)/D16,(I16-M16)/D16) | V16: =IF(K16>0,AVERAGE(K16,O16)," ") | AB16: % over 2.5 goals | AD16: 0.5 | AF16: 0.74 | AI16: Total goals per game | AK16: 2.2 | AM16: 2.77
C17: Juventude | D17: 13 | E17: 1 | F17: 0.62 | G17: 1.62 | I17: 1.29 | J17: 0.14 | K17: 1.43 | M17: 0.67 | N17: 1.17 | O17: 1.83 | P17: =I17/$I$44 | Q17: =J17/$J$44 | R17: =M17/$M$44 | S17: =N17/$N$44 | T17: =IF((I17-M17)/D17<0,0*(I17-M17)/D17,(I17-M17)/D17) | V17: =IF(K17>0,AVERAGE(K17,O17)," ") | AB17: % over 3.5 goals | AD17: 0.25 | AF17: 0.51 | AI17: % over 1.5 goals | AK17: 0.8 | AM17: 0.76
C18: Londrina | D18: 14 | E18: 1.21 | F18: 1.57 | G18: 2.79 | I18: 1.29 | J18: 1.43 | K18: 2.71 | M18: 1.14 | N18: 1.71 | O18: 2.86 | P18: =I18/$I$44 | Q18: =J18/$J$44 | R18: =M18/$M$44 | S18: =N18/$N$44 | T18: =IF((I18-M18)/D18<0,0*(I18-M18)/D18,(I18-M18)/D18) | V18: =IF(K18>0,AVERAGE(K18,O18)," ") | AB18: % both teams scored | AD18: 0.5 | AF18: 0.62 | AI18: % over 2.5 goals | AK18: 0.4 | AM18: 0.55
C19: Nautico | D19: 14 | E19: 1.5 | F19: 1.29 | G19: 2.79 | I19: 1 | J19: 0.83 | K19: 1.83 | M19: 1.88 | N19: 1.63 | O19: 3.5 | P19: =I19/$I$44 | Q19: =J19/$J$44 | R19: =M19/$M$44 | S19: =N19/$N$44 | T19: =IF((I19-M19)/D19<0,0*(I19-M19)/D19,(I19-M19)/D19) | V19: =IF(K19>0,AVERAGE(K19,O19)," ") | AB19: % Team scored first | AD19: 0.5 | AF19: 0.56 | AI19: % over 3.5 goals | AK19: 0 | AM19: 0.29
C20: Novorizontino | D20: 13 | E20: 1.54 | F20: 1 | G20: 2.54 | I20: 1.5 | J20: 1.33 | K20: 2.83 | M20: 1.57 | N20: 0.71 | O20: 2.29 | P20: =I20/$I$44 | Q20: =J20/$J$44 | R20: =M20/$M$44 | S20: =N20/$N$44 | T20: =IF((I20-M20)/D20<0,0*(I20-M20)/D20,(I20-M20)/D20) | V20: =IF(K20>0,AVERAGE(K20,O20)," ") | AB20: % Opponent scored first | AD20: 0.5 | AF20: 0.42 | AI20: % both teams scored | AK20: 0.4 | AM20: 0.49
C21: Operario PR | D21: 13 | E21: 1.15 | F21: 1.31 | G21: 2.46 | I21: 1.29 | J21: 1.14 | K21: 2.43 | M21: 1 | N21: 1.5 | O21: 2.5 | P21: =I21/$I$44 | Q21: =J21/$J$44 | R21: =M21/$M$44 | S21: =N21/$N$44 | T21: =IF((I21-M21)/D21<0,0*(I21-M21)/D21,(I21-M21)/D21) | V21: =IF(K21>0,AVERAGE(K21,O21)," ") | AB21: Average minute scored first | AD21: 48 | AF21: 24
C22: Ponte Preta | D22: 13 | E22: 0.77 | F22: 1.92 | G22: 2.69 | I22: 0.71 | J22: 1.57 | K22: 2.29 | M22: 0.83 | N22: 2.33 | O22: 3.17 | P22: =I22/$I$44 | Q22: =J22/$J$44 | R22: =M22/$M$44 | S22: =N22/$N$44 | T22: =IF((I22-M22)/D22<0,0*(I22-M22)/D22,(I22-M22)/D22) | V22: =IF(K22>0,AVERAGE(K22,O22)," ") | AB22: Average minute conceded first | AD22: 13 | AF22: 27
C23: Sao Bernardo | D23: 13 | E23: 1.54 | F23: 0.77 | G23: 2.31 | I23: 1 | J23: 0.71 | K23: 1.71 | M23: 2.17 | N23: 0.83 | O23: 3 | P23: =I23/$I$44 | Q23: =J23/$J$44 | R23: =M23/$M$44 | S23: =N23/$N$44 | T23: =IF((I23-M23)/D23<0,0*(I23-M23)/D23,(I23-M23)/D23) | V23: =IF(K23>0,AVERAGE(K23,O23)," ") | AB23: Lead-defending rate | AD23: 0.75 | AF23: 0.6
C24: Sport Recife | D24: 14 | E24: 1.21 | F24: 0.64 | G24: 1.86 | I24: 1.38 | J24: 0.88 | K24: 2.25 | M24: 1 | N24: 0.33 | O24: 1.33 | P24: =I24/$I$44 | Q24: =J24/$J$44 | R24: =M24/$M$44 | S24: =N24/$N$44 | T24: =IF((I24-M24)/D24<0,0*(I24-M24)/D24,(I24-M24)/D24) | V24: =IF(K24>0,AVERAGE(K24,O24)," ") | AB24: Equalizing rate | AD24: 0.67 | AF24: 0.43
C25: Vila Nova | D25: 14 | E25: 1.57 | F25: 1.07 | G25: 2.64 | I25: 2 | J25: 1.14 | K25: 3.14 | M25: 1.14 | N25: 1 | O25: 2.14 | P25: =I25/$I$44 | Q25: =J25/$J$44 | R25: =M25/$M$44 | S25: =N25/$N$44 | T25: =IF((I25-M25)/D25<0,0*(I25-M25)/D25,(I25-M25)/D25) | V25: =IF(K25>0,AVERAGE(K25,O25)," ") | AB25: % Time leading | AD25: 0.4 | AF25: 0.37
P26: =I26/$I$44 | Q26: =J26/$J$44 | R26: =M26/$M$44 | S26: =N26/$N$44 | T26: =IF((I26-M26)/D26<0,0*(I26-M26)/D26,(I26-M26)/D26) | V26: =IF(K26>0,AVERAGE(K26,O26)," ") | AB26: % Time level in goals | AD26: 0.47 | AF26: 0.4
P27: =I27/$I$44 | Q27: =J27/$J$44 | R27: =M27/$M$44 | S27: =N27/$N$44 | T27: =IF((I27-M27)/D27<0,0*(I27-M27)/D27,(I27-M27)/D27) | V27: =IF(K27>0,AVERAGE(K27,O27)," ") | AB27: % Time trailing | AD27: 0.13 | AF27: 0.23
P28: =I28/$I$44 | Q28: =J28/$J$44 | R28: =M28/$M$44 | S28: =N28/$N$44 | T28: =IF((I28-M28)/D28<0,0*(I28-M28)/D28,(I28-M28)/D28) | V28: =IF(K28>0,AVERAGE(K28,O28)," ") | AB28: PPG when scored first | AD28: 3 | AF28: 2.23
P29: =I29/$I$44 | Q29: =J29/$J$44 | R29: =M29/$M$44 | S29: =N29/$N$44 | T29: =IF((I29-M29)/D29<0,0*(I29-M29)/D29,(I29-M29)/D29) | V29: =IF(K29>0,AVERAGE(K29,O29)," ") | AB29: PPG when conceded first | AD29: 1.5 | AF29: 0.8
P30: =I30/$I$44 | Q30: =J30/$J$44 | R30: =M30/$M$44 | S30: =N30/$N$44 | T30: =IF((I30-M30)/D30<0,0*(I30-M30)/D30,(I30-M30)/D30) | V30: =IF(K30>0,AVERAGE(K30,O30)," ")
P31: =I31/$I$44 | Q31: =J31/$J$44 | R31: =M31/$M$44 | S31: =N31/$N$44 | T31: =IF((I31-M31)/D31<0,0*(I31-M31)/D31,(I31-M31)/D31) | V31: =IF(K31>0,AVERAGE(K31,O31)," ")
P32: =I32/$I$44 | Q32: =J32/$J$44 | R32: =M32/$M$44 | S32: =N32/$N$44 | T32: =IF((I32-M32)/D32<0,0*(I32-M32)/D32,(I32-M32)/D32) | V32: =IF(K32>0,AVERAGE(K32,O32)," ")
P33: =I33/$I$44 | Q33: =J33/$J$44 | R33: =M33/$M$44 | S33: =N33/$N$44 | T33: =IF((I33-M33)/D33<0,0*(I33-M33)/D33,(I33-M33)/D33) | V33: =IF(K33>0,AVERAGE(K33,O33)," ")
P34: =I34/$I$44 | Q34: =J34/$J$44 | R34: =M34/$M$44 | S34: =N34/$N$44 | T34: =IF((I34-M34)/D34<0,0*(I34-M34)/D34,(I34-M34)/D34) | V34: =IF(K34>0,AVERAGE(K34,O34)," ")
P35: =I35/$I$44 | Q35: =J35/$J$44 | R35: =M35/$M$44 | S35: =N35/$N$44 | T35: =IF((I35-M35)/D35<0,0*(I35-M35)/D35,(I35-M35)/D35) | V35: =IF(K35>0,AVERAGE(K35,O35)," ")
P36: =I36/$I$44 | Q36: =J36/$J$44 | R36: =M36/$M$44 | S36: =N36/$N$44 | T36: =IF((I36-M36)/D36<0,0*(I36-M36)/D36,(I36-M36)/D36) | V36: =IF(K36>0,AVERAGE(K36,O36)," ")
P37: =I37/$I$44 | Q37: =J37/$J$44 | R37: =M37/$M$44 | S37: =N37/$N$44 | T37: =IF((I37-M37)/D37<0,0*(I37-M37)/D37,(I37-M37)/D37) | V37: =IF(K37>0,AVERAGE(K37,O37)," ")
P38: =I38/$I$44 | Q38: =J38/$J$44 | R38: =M38/$M$44 | S38: =N38/$N$44 | T38: =IF((I38-M38)/D38<0,0*(I38-M38)/D38,(I38-M38)/D38) | V38: =IF(K38>0,AVERAGE(K38,O38)," ")
P39: =I39/$I$44 | Q39: =J39/$J$44 | R39: =M39/$M$44 | S39: =N39/$N$44 | T39: =IF((I39-M39)/D39<0,0*(I39-M39)/D39,(I39-M39)/D39) | V39: =IF(K39>0,AVERAGE(K39,O39)," ")
P40: =I40/$I$44 | Q40: =J40/$J$44 | R40: =M40/$M$44 | S40: =N40/$N$44 | T40: =IF((I40-M40)/D40<0,0*(I40-M40)/D40,(I40-M40)/D40) | V40: =IF(K40>0,AVERAGE(K40,O40)," ")
P41: =I41/$I$44 | Q41: =J41/$J$44 | R41: =M41/$M$44 | S41: =N41/$N$44 | T41: =IF((I41-M41)/D41<0,0*(I41-M41)/D41,(I41-M41)/D41) | V41: =IF(K41>0,AVERAGE(K41,O41)," ")
P42: =I42/$I$44 | Q42: =J42/$J$44 | R42: =M42/$M$44 | S42: =N42/$N$44 | T42: =IF((I42-M42)/D42<0,0*(I42-M42)/D42,(I42-M42)/D42) | V42: =IF(K42>0,AVERAGE(K42,O42)," ")
A43: =_xlfn.TEXTJOIN("/ ", ,R88,Q88,Q86,P88,R93,T88,Sheet2!F40) | B43: =_xlfn.TEXTJOIN("/ ", ,_xlfn.IFERROR(O89,""),_xlfn.IFERROR(O90,""))
C44: =COUNT(E6:E42) | E44: =AVERAGE(E6:E42) | F44: =AVERAGE(F6:F42) | H44: league ave | I44: =AVERAGE(I6:I42) | J44: =AVERAGE(J6:J42) | M44: =AVERAGE(M6:M42) | N44: =AVERAGE(N6:N42)
E45: =AVERAGE(E44,F44) | I45: =AVERAGE(I44,J44) | M45: =AVERAGE(M44,N44)
A46: =_xlfn.TEXTJOIN("/ ", ,R90,Q90,Q87,P90,R94,U88,Sheet2!BE39) | B46: =_xlfn.TEXTJOIN(", ", ,C114,_xlfn.IFERROR(O84,""),_xlfn.IFERROR(O85,"")) | C46: =_xlfn.TEXTJOIN("=", ,E62,IF(P6="","Att is empty","")) | D46: =(E46/2)*E46 | E46: =AVERAGE(V6:V42) | F46: 1 | G46: =IF(OR(E61="u2.5",E61="u2.5+",E61="u3.5"),E61,"check") | H46: =IF(AND(F62="over",J62="over"),1,IF(OR(F62="over",J62="over"),2,"")) | I46: =_xlfn.TEXTJOIN("/ ", ,M84,S99,IF(AND($C$46="settled",$C$47="high"),"D+","")) | J46: =_xlfn.TEXTJOIN(" ,", ,Sheet2!E40,2) | K46: =IF(OR(I61="u2.5",I61="u2.5+",I61="u3.5"),I61,"check") | N46: 3 | O46: =IF(OR(M61="u2.5",M61="u2.5+",M61="u3.5"),M61,"check") | P46: =IF(AND(N62="over",R62="over"),1,IF(OR(N62="over",R62="over"),2,"")) | Q46: =_xlfn.TEXTJOIN("/ ", ,M85,S100,IF(AND($C$46="settled",$C$47="high"),"D+","")) | R46: =_xlfn.TEXTJOIN(" ,", ,Sheet2!BD39,4) | S46: =IF(OR(Q61="u2.5",Q61="u2.5+",Q61="u3.5"),Q61,"check") | V46: 5 | W46: =IF(OR(U61="u2.5",U61="u2.5+",U61="u3.5"),U61,"check")
A47: =IF(Sheet2!BE39="coup","just Add 1 goal","clean") | B47: =_xlfn.TEXTJOIN("/ ", ,_xlfn.IFERROR(N84,""),_xlfn.IFERROR(N85,"")) | C47: =H64 | D47: =IF($E$46-(AVERAGE(VLOOKUP(F48,$C$6:$V$42,20),VLOOKUP(G48,$C$6:$V$42,20)))>-0.21,"well","not") | E47: =IF(C1>0,"align",IF(C1>-0.16,"full",IF(C1>-0.3,"partially","the goal"))) | F47: home | G47: away | H47: =$A$100 | I47: =IF(E1>0,"align",IF(E1>-0.16,"full",IF(E1>-0.3,"partially","the goal"))) | J47: home | K47: away | L47: =$A$100 | M47: =IF(G1>0,"align",IF(G1>-0.16,"full",IF(G1>-0.3,"partially","the goal"))) | N47: home | O47: away | P47: =$A$100 | Q47: =IF(I1>0,"align",IF(I1>-0.16,"full",IF(I1>-0.3,"partially","the goal"))) | R47: home | S47: away | T47: =$A$100 | U47: =IF(K1>0,"align",IF(K1>-0.16,"full",IF(K1>-0.3,"partially","the goal"))) | V47: home | W47: away
A48: =IF(OR(Sheet2!W26>1,T88="not",U88="not",P88="both",P89="both",Sheet2!Y25="D'over",Sheet2!AX25="D'over",Sheet2!BW25="D'over",Sheet2!CV25="D'over",O89="hold1",O90="hold2"),"",_xlfn.TEXTJOIN(" + ", ,S81,U81,W83)) | B48: =_xlfn.TEXTJOIN("/ ", ,_xlfn.IFERROR(V95,""),_xlfn.IFERROR(V96,"")) | C48: =H102 | D48: =IF($E$46-(AVERAGE(VLOOKUP(J48,$C$6:$V$42,20),VLOOKUP(K48,$C$6:$V$42,20)))>-0.21,"well","not") | E48: =IF($D46>4.9,"5 goals",IF($D46>4.45,"5goals",IF($D46>3.45,"4goals",IF($D46>2.45,"3goals","2goals or less")))) | F48: =B62 | G48: =C62 | H48: =IF(OR(H75="u2.5",H76="u2.5",AND(G75="over",H75="over"),AND(G76="over",H76="over")),"faulty","good") | I48: =IF($D46>4.9,"5 goals",IF($D46>4.45,"5goals",IF($D46>3.45,"4goals",IF($D46>2.45,"3goals","2goals or less")))) | J48: =C62 | K48: =B62 | M48: =IF($D46>4.9,"5 goals",IF($D46>4.45,"5goals",IF($D46>3.45,"4goals",IF($D46>2.45,"3goals","2goals or less")))) | N48: =B63 | O48: =C63 | P48: =IF(OR($H$77="u2.5",$H$78="u2.5",AND($G$77="over",$H$77="over"),AND($G$78="over",$H$78="over")),"faulty","good") | Q48: =IF($D46>4.9,"5 goals",IF($D46>4.45,"5goals",IF($D46>3.45,"4goals",IF($D46>2.45,"3goals","2goals or less")))) | R48: =C63 | S48: =B63 | U48: =IF($D46>4.9,"5 goals",IF($D46>4.45,"5goals",IF($D46>3.45,"4goals",IF($D46>2.45,"3goals","2goals or less")))) | V48: Galway Utd | W48: Cork City
A49: =AA93 | D49: =IF($E$46-(AVERAGE(VLOOKUP(F50,$C$6:$V$42,20),VLOOKUP(G50,$C$6:$V$42,20)))>-0.21,"well","not") | E49: attack | F49: =VLOOKUP($F$48,$C$4:$T$42,14,FALSE) | G49: =VLOOKUP($G$48,$C$4:$T$42,16,FALSE) | I49: attack | J49: =VLOOKUP($J$48,$C$4:$T$42,14,FALSE) | K49: =VLOOKUP($K$48,$C$4:$T$42,16,FALSE) | M49: attack | N49: =VLOOKUP($N$48,$C$4:$T$42,14,FALSE) | O49: =VLOOKUP($O$48,$C$4:$T$42,16,FALSE) | Q49: attack | R49: =VLOOKUP($R$48,$C$4:$T$42,14,FALSE) | S49: =VLOOKUP($S$48,$C$4:$T$42,16,FALSE) | U49: attack | V49: =VLOOKUP($V$48,$C$4:$T$42,14,FALSE) | W49: =VLOOKUP($W$48,$C$4:$T$42,16,FALSE)
A50: =AA94 | D50: =IF($E$46-(AVERAGE(VLOOKUP(F51,$C$6:$V$42,20),VLOOKUP(G51,$C$6:$V$42,20)))>-0.21,"well","not") | E50: defend | F50: =VLOOKUP($F$48,$C$4:$T$42,15,FALSE) | G50: =VLOOKUP($G$48,$C$4:$T$42,17,FALSE) | I50: defend | J50: =VLOOKUP($J$48,$C$4:$T$42,15,FALSE) | K50: =VLOOKUP($K$48,$C$4:$T$42,17,FALSE) | M50: defend | N50: =VLOOKUP($N$48,$C$4:$T$42,15,FALSE) | O50: =VLOOKUP($O$48,$C$4:$T$42,17,FALSE) | Q50: defend | R50: =VLOOKUP(R48,$C$4:$T$42,15,FALSE) | S50: =VLOOKUP(S48,$C$4:$T$42,17,FALSE) | U50: defend | V50: =VLOOKUP($V$48,$C$4:$T$42,15,FALSE) | W50: =VLOOKUP($W$48,$C$4:$T$42,17,FALSE)
A51: =AA95 | D51: =IF($E$46-(AVERAGE(VLOOKUP(F52,$C$6:$V$42,20),VLOOKUP(G52,$C$6:$V$42,20)))>-0.21,"well","not") | E51: l.average | F51: =I45 | G51: =M45 | I51: l.average | J51: =I45 | K51: =M45 | M51: l.average | N51: =I45 | O51: =M45 | Q51: l.average | R51: =I45 | S51: =M45 | U51: l.average | V51: =I45 | W51: =M45
A52: =AA96 | D52: =IF($E$46-(AVERAGE(VLOOKUP(F53,$C$6:$V$42,20),VLOOKUP(G53,$C$6:$V$42,20)))>-0.21,"well","not") | E52: g.expect | F52: =F51*G50*G53 | G52: =G51*F50*G49 | I52: g.expect | J52: =J51*K50*K53 | K52: =K51*J50*K49 | M52: g.expect | N52: =N51*O50*O53 | O52: =O51*N50*O49 | Q52: g.expect | R52: =R51*S50*S53 | S52: =S51*R50*S49 | U52: g.expect | V52: =V51*W50*W53 | W52: =W51*V50*W49
A53: =AA97 | D53: =IF($E$46-(AVERAGE(VLOOKUP(F54,$C$6:$V$42,20),VLOOKUP(G54,$C$6:$V$42,20)))>-0.21,"well","not") | E53: HA | F53: =VLOOKUP($F$48,$C$4:$U$42,18,FALSE) | G53: =F49+F53 | J53: =VLOOKUP($J$48,$C$4:$U$42,18,FALSE) | K53: =J49+J53 | N53: =VLOOKUP($N$48,$C$4:$U$42,18,FALSE) | O53: =N49+N53 | R53: =VLOOKUP($R$48,$C$4:$U$42,18,FALSE) | S53: =R49+R53 | V53: =VLOOKUP($V$48,$C$4:$U$42,18,FALSE) | W53: =V49+V53
A54: =IF(OR(Sheet2!W26>1,T88="not",U88="not",P88="both",P89="both",Sheet2!Y25="D'over",Sheet2!AX25="D'over",Sheet2!BW25="D'over",Sheet2!CV25="D'over",O89="hold1",O90="hold2"),"",_xlfn.TEXTJOIN(" + ", ,S82,U82,W84)) | B54: =_xlfn.TEXTJOIN("/ ", ,_xlfn.IFERROR(T99,""),_xlfn.IFERROR(T100,"")) | C54: =IF(OR(H69<0,I102<0),"Negative","positive") | E54: predictions | F54: =IF(Sheet2!O34="yes",Sheet2!S37,IF(Sheet2!O24="both tabs",Sheet2!S33,Sheet2!O33)) | G54: =_xlfn.TEXTJOIN(", ", ,A1,Sheet2!X24) | H54: =IF(AND(O92>70,P97>60,H48="good"),"under",IF(AND(H48="faulty",O92>70,P97>60),"under+1","run")) | I54: predictions | J54: =IF(Sheet2!AN34="yes",Sheet2!AR37,IF(Sheet2!AN24="both tabs",Sheet2!AR33,Sheet2!AN33)) | K54: =_xlfn.TEXTJOIN(", ", ,B1,Sheet2!AW24) | M54: predictions | N54: =IF(Sheet2!BM34="yes",Sheet2!BQ37,IF(Sheet2!BM24="both tabs",Sheet2!BQ33,Sheet2!BM33)) | O54: =_xlfn.TEXTJOIN(", ", ,A2,Sheet2!BV24) | P54: =IF(AND($O$93>70,$P$98>60,$P$48="good"),"under",IF(AND($P$48="faulty",$O$93>70,$P$98>60),"under+1","run")) | Q54: predictions | R54: =IF(Sheet2!CL34="yes",Sheet2!CP37,IF(Sheet2!CL24="both tabs",Sheet2!CP33,Sheet2!CL33)) | S54: =_xlfn.TEXTJOIN(", ", ,B2,Sheet2!CU24) | U54: predictions | V54: =IF(Sheet2!DK34="yes",Sheet2!DO37,IF(Sheet2!DK24="both tabs",Sheet2!DO33,Sheet2!DK33)) | W54: =_xlfn.TEXTJOIN(", ", ,A3,Sheet2!DT24)
D55: =IF($E$46-(AVERAGE(VLOOKUP(F56,$C$6:$V$42,20),VLOOKUP(G56,$C$6:$V$42,20)))>-0.21,"well","not") | F55: away | G55: home | J55: away | K55: home | N55: away | O55: home | R55: away | S55: home | V55: away | W55: home
D56: =IF($E$46-(AVERAGE(VLOOKUP(F57,$C$6:$V$42,20),VLOOKUP(G57,$C$6:$V$42,20)))>-0.21,"well","not") | E56: attack | F56: =VLOOKUP(F48,$C$6:$U$42,16,FALSE) | G56: =VLOOKUP(G48,$C$6:$U$42,14,FALSE) | I56: attack | J56: =VLOOKUP(J48,$C$6:$U$42,16,FALSE) | K56: =VLOOKUP(K48,$C$6:$U$42,14,FALSE) | M56: attack | N56: =VLOOKUP(N48,$C$6:$U$42,16,FALSE) | O56: =VLOOKUP(O48,$C$6:$U$42,14,FALSE) | Q56: attack | R56: =VLOOKUP(R48,$C$6:$U$42,16,FALSE) | S56: =VLOOKUP(S48,$C$6:$U$42,14,FALSE) | U56: attack | V56: =VLOOKUP(V48,$C$6:$U$42,16,FALSE) | W56: =VLOOKUP(W48,$C$6:$U$42,14,FALSE)
D57: =IF($E$46-(AVERAGE(VLOOKUP(F58,$C$6:$V$42,20),VLOOKUP(G58,$C$6:$V$42,20)))>-0.21,"well","not") | E57: defend | F57: =VLOOKUP(F48,$C$6:$U$42,17, ) | G57: =VLOOKUP(G48,$C$6:$U$42,15,FALSE) | I57: defend | J57: =VLOOKUP(J48,$C$6:$U$42,17, ) | K57: =VLOOKUP(K48,$C$6:$U$42,15,FALSE) | M57: defend | N57: =VLOOKUP(N48,$C$6:$U$42,17, ) | O57: =VLOOKUP(O48,$C$6:$U$42,15,FALSE) | Q57: defend | R57: =VLOOKUP(R48,$C$6:$U$42,17, ) | S57: =VLOOKUP(S48,$C$6:$U$42,15,FALSE) | U57: defend | V57: =VLOOKUP(V48,$C$6:$U$42,17, ) | W57: =VLOOKUP(W48,$C$6:$U$42,15,FALSE)
D58: =IF($E$46-(AVERAGE(VLOOKUP(F59,$C$6:$V$42,20),VLOOKUP(G59,$C$6:$V$42,20)))>-0.21,"well","not") | E58: l.average | F58: =$I$45 | G58: =$E$45 | I58: l.average | J58: =$I$45 | K58: =$E$45 | M58: l.average | N58: =$I$45 | O58: =$E$45 | Q58: l.average | R58: =$I$45 | S58: =$E$45 | U58: l.average | V58: =$I$45 | W58: =$E$45
D59: =IF($E$46-(AVERAGE(VLOOKUP(F60,$C$6:$V$42,20),VLOOKUP(G60,$C$6:$V$42,20)))>-0.21,"well","not") | E59: g.expect | F59: =F56*G57*F58 | G59: =(G56+G60)*F57*G58 | I59: g.expect | J59: =J56*K57*J58 | K59: =(K56+K60)*J57*K58 | M59: g.expect | N59: =N56*O57*N58 | O59: =(O56+O60)*N57*O58 | Q59: g.expect | R59: =R56*S57*R58 | S59: =(S56+S60)*R57*S58 | U59: g.expect | V59: =V56*W57*V58 | W59: =(W56+W60)*V57*W58
D60: =IF($E$46-(AVERAGE(VLOOKUP(N48,$C$6:$V$42,20),VLOOKUP(O48,$C$6:$V$42,20)))>-0.21,"well","not") | E60: HA | G60: =VLOOKUP(G48,$C$6:$U$45,18, ) | I60: HA | K60: =VLOOKUP(K48,$C$6:$U$45,18, ) | M60: HA | O60: =VLOOKUP(O48,$C$6:$U$45,18, ) | Q60: HA | S60: =VLOOKUP(S48,$C$6:$U$45,18, ) | U60: HA | W60: =VLOOKUP(W48,$C$6:$U$45,18, )
D61: =IF($E$46-(AVERAGE(VLOOKUP(R48,$C$6:$V$42,20),VLOOKUP(S48,$C$6:$V$42,20)))>-0.21,"well","not") | E61: =Sheet2!J28 | F61: =IF(Sheet2!S38="both sides",Sheet2!S38,IF(Sheet2!S33="2 handicap",Sheet2!S37,Sheet2!P26)) | G61: =_xlfn.TEXTJOIN(", ", ,Sheet2!C26,Sheet2!C28,Sheet2!U23) | H61: =_xlfn.TEXTJOIN(" ;", ,IF(O81<25,H54,N81),IF(OR(L75="swiped",L76="swiped"),"yes","")) | I61: =Sheet2!AI28 | J61: =IF(Sheet2!AR38="both sides",Sheet2!AR38,IF(Sheet2!AR33="2 handicap",Sheet2!AR37,Sheet2!AO26)) | K61: =_xlfn.TEXTJOIN(", ", ,Sheet2!AB26,Sheet2!AB28,Sheet2!AT23) | M61: =Sheet2!BH28 | N61: =IF(Sheet2!BQ38="both sides",Sheet2!BQ38,IF(Sheet2!BQ38="both sides",Sheet2!S38,IF(Sheet2!BQ33="2 handicap",Sheet2!BQ37,Sheet2!BN26))) | O61: =_xlfn.TEXTJOIN(", ", ,Sheet2!BA26,Sheet2!BA28,Sheet2!BS23) | P61: =_xlfn.TEXTJOIN(" ;", ,IF(O83<25,P54,N83),IF(OR(L77="swiped",L78="swiped"),"yes","")) | Q61: =Sheet2!CG28 | R61: =IF(Sheet2!CP38="both sides",Sheet2!CP38,IF(Sheet2!CP33="2 handicap",Sheet2!CP37,Sheet2!CM26)) | S61: =_xlfn.TEXTJOIN(", ", ,Sheet2!BZ26,Sheet2!BZ28,Sheet2!CR23) | U61: =Sheet2!DF28 | V61: =IF(Sheet2!DO38="both sides",Sheet2!DO38,IF(Sheet2!DO33="2 handicap",Sheet2!DO37,Sheet2!DL26)) | W61: =_xlfn.TEXTJOIN(", ", ,Sheet2!CY26,Sheet2!CY28,Sheet2!DQ23)
A62: 1 | B62: =B69 | C62: =C69 | D62: =IF($E$46-(AVERAGE(VLOOKUP(V48,$C$6:$V$42,20),VLOOKUP(W48,$C$6:$V$42,20)))>-0.21,"well","not") | E62: =IF(CORREL($I6:$I42,$M6:$M42)>0.4,"settled","not") | F62: =Sheet2!V23 | G62: =Sheet2!O14 | H62: =IF(P97<60,"",IF(AND(OR(A1="yes",A1="wow"),OR(B1="yes",B1="wow")),"NO",IF(OR(OR(A1="yes",A1="wow"),OR(B1="yes",B1="wow")),"+1",H54))) | I62: =IF(CORREL($I6:$I42,$M6:$M42)>0.4,"settled","not") | J62: =Sheet2!AU23 | K62: =Sheet2!AN14 | M62: =IF(CORREL($I6:$I42,$M6:$M42)>0.4,"settled","not") | N62: =Sheet2!BT23 | O62: =Sheet2!BM14 | P62: =IF(P98<60,"",IF(AND(OR(A2="yes",A2="wow"),OR(B2="yes",B2="wow")),"NO",IF(OR(OR(A2="yes",A2="wow"),OR(B2="yes",B2="wow")),"+1",P54))) | Q62: =IF(CORREL($I6:$I42,$M6:$M42)>0.4,"settled","not") | R62: =Sheet2!CS23 | S62: =Sheet2!CL14 | U62: =IF(CORREL($I6:$I42,$M6:$M42)>0.6,"settled","not") | V62: =Sheet2!DR23 | W62: =Sheet2!DK14
A63: 2 | B63: =C69 | C63: =B69 | E63: =IF(AND(G62="all met",OR(E47="align",E47="full"),F62="under"),"precised1",IF(AND(F62="under",OR(E47="align",E47="full"),OR(F63="high1",F63="waw",F63="high"),OR(G63="high",G63="high1",G63="waw1",G63="waw")),"precised2", )) | F63: =Sheet2!H39 | G63: =Sheet2!M12 | H63: =Q91 | I63: =IF(AND(K62="all met",OR(I47="align",I47="full"),J62="under"),"precised1",IF(AND(J62="under",OR(I47="align",I47="full"),OR(J63="high1",J63="waw",J63="high"),OR(K63="high",K63="high1",K63="waw1",K63="waw")),"precised2", )) | J63: =Sheet2!AG39 | K63: =Sheet2!AL12 | M63: =IF(AND(O62="all met",OR(M47="align",M47="full"),N62="under"),"precised1",IF(AND(N62="under",OR(M47="align",M47="full"),OR(N63="high1",N63="waw",N63="high"),OR(O63="high",O63="high1",O63="waw1",O63="waw")),"precised2", )) | N63: =Sheet2!BF39 | O63: =Sheet2!BK12 | P63: =Q93 | Q63: =IF(AND(S62="all met",OR(Q47="align",Q47="full"),R62="under"),"precised1",IF(AND(R62="under",OR(Q47="align",Q47="full"),OR(R63="high1",R63="waw",R63="high"),OR(S63="high",S63="high1",S63="waw1",S63="waw")),"precised2", )) | R63: =Sheet2!CE39 | S63: =Sheet2!CJ12 | U63: =IF(AND(W62="all met",OR(U47="align",U47="full"),V62="under"),"precised1",IF(AND(V62="under",OR(U47="align",U47="full"),OR(V63="high1",V63="waw",V63="high"),OR(W63="high",W63="high1",W63="waw1",W63="waw")),"precised2", )) | V63: =Sheet2!DD39 | W63: =Sheet2!DI12
A64: =IF(OR(T88="not",U88="not",P88="both",P89="both"),"",W81) | B64: =_xlfn.TEXTJOIN(". ", ,"Home",B104,(ROUND(Sheet2!R2,2))*100) | C64: =_xlfn.TEXTJOIN("• ", ,"Away",L105) | D64: =Sheet2!N73 | E64: =Sheet2!J20 | F64: =Sheet2!J26 | H64: =IF(CORREL($J6:$J42,$N6:$N42)<0.4,"less","High") | I64: =Sheet2!AI20 | J64: =Sheet2!AI26 | M64: =Sheet2!BH20 | N64: =Sheet2!BH26 | P64: =IF(CORREL($J6:$J42,$N6:$N42)<0.4,"less","High") | Q64: =Sheet2!CG20 | R64: =Sheet2!CG26 | U64: =Sheet2!DF20 | V64: =Sheet2!DF26
E65: =IF(ABS(Sheet2!J5-Sheet2!J43)>2,"greater",IF(ABS(Sheet2!J5-Sheet2!J43)>1,"great","less")) | F65: =IF(Sheet2!J5+Sheet2!J43>16,"less goal",IF(Sheet2!J5+Sheet2!J43>14,"L.goal","H.goal")) | G65: =IF(ISNA(VLOOKUP(F48,Sheet2!K17,1)),"",VLOOKUP(F48,Sheet2!K17,1)) | I65: =IF(ABS(Sheet2!AI5-Sheet2!AI43)>2,"greater",IF(ABS(Sheet2!AI5-Sheet2!AI43)>1,"great","less")) | J65: =IF(Sheet2!AI5+Sheet2!AI43>16,"less goal",IF(Sheet2!AI5+Sheet2!AI43>14,"L.goal","H.goal")) | K65: =Sheet2!AJ17 | M65: =IF(ABS(Sheet2!BH5-Sheet2!BH43)>2,"greater",IF(ABS(Sheet2!BH5-Sheet2!BH43)>1,"great","less")) | N65: =IF(Sheet2!BH5+Sheet2!BH43>16,"less goal",IF(Sheet2!BH5+Sheet2!BH43>14,"L.goal","H.goal")) | O65: =Sheet2!BI17 | Q65: =IF(ABS(Sheet2!CG5-Sheet2!CG43)>2,"greater",IF(ABS(Sheet2!CG5-Sheet2!CG43)>1,"great","less")) | R65: =IF(Sheet2!CG5+Sheet2!CG43>16,"less goal",IF(Sheet2!CG5+Sheet2!CG43>14,"L.goal","H.goal")) | S65: =Sheet2!CH17 | U65: =IF(ABS(Sheet2!DF5-Sheet2!DF43)>2,"greater",IF(ABS(Sheet2!DF5-Sheet2!DF43)>1,"great","less")) | V65: =IF(Sheet2!DF5+Sheet2!DF43>16,"less goal",IF(Sheet2!DF5+Sheet2!DF43>14,"L.goal","H.goal")) | W65: =Sheet2!DG17
E66: =IF(F66=MAX(G66,F66),"home","away") | F66: =VLOOKUP(F48,$C6:$O42,7) | G66: =VLOOKUP(G48,$C6:$O42,11) | I66: =IF(J66=MAX(K66,J66),"home","away") | J66: =VLOOKUP(J48,$C6:$O42,7) | K66: =VLOOKUP(K48,$C6:$O42,11) | M66: =IF(N66=MAX(O66,N66),"home","away") | N66: =VLOOKUP(N48,$C6:$O42,7) | O66: =VLOOKUP(O48,$C6:$O42,11) | Q66: =IF(R66=MAX(S66,R66),"home","away") | R66: =VLOOKUP(R48,$C6:$O42,7) | S66: =VLOOKUP(S48,$C6:$O42,11) | U66: =IF(V66=MAX(W66,V66),"home","away") | V66: =VLOOKUP(V48,$C6:$O42,7) | W66: =VLOOKUP(W48,$C6:$O42,11)
E67: =IF(F67=MAX(G67,F67),"home","away") | F67: =F66*VLOOKUP(G48,$C6:$O42,12) | G67: =G66*VLOOKUP(F48,$C6:$O42,8) | I67: =IF(J67=MAX(K67,J67),"home","away") | J67: =J66*VLOOKUP(K48,$C6:$O42,12) | K67: =K66*VLOOKUP(J48,$C6:$O42,8) | M67: =IF(N67=MAX(O67,N67),"home","away") | N67: =N66*VLOOKUP(O48,$C6:$O42,12) | O67: =O66*VLOOKUP(N48,$C6:$O42,8) | Q67: =IF(R67=MAX(S67,R67),"home","away") | R67: =R66*VLOOKUP(S48,$C6:$O42,12) | S67: =S66*VLOOKUP(R48,$C6:$O42,8) | U67: =IF(V67=MAX(W67,V67),"home","away") | V67: =V66*VLOOKUP(W48,$C6:$O42,12) | W67: =W66*VLOOKUP(V48,$C6:$O42,8)
E68: =IF(AND(E66="home",E67="home"),"1x",IF(AND(E66="away",E67="away"),"x2",IF(AND(E66="home",E67="away"),E67,IF(AND(E66="away",E67="home"),E67,0)))) | F68: =AVERAGE(F67,G67) | G68: =IF(F68<0.65,"u1.5",IF(F68<1,"u2.5",IF(F68<1.3,"over3",IF(AND(F67>F66,OR(G67<G66,G67=G66)),"under1",IF(AND(G67>G66,OR(F67<F66,F67=F66)),"under2","over"))))) | I68: =IF(AND(I66="home",I67="home"),"1x",IF(AND(I66="away",I67="away"),"x2",IF(AND(I66="home",I67="away"),I67,IF(AND(I66="away",I67="home"),I67,0)))) | J68: =AVERAGE(J67,K67) | K68: =IF(J68<0.65,"u1.5",IF(J68<1,"u2.5",IF(J68<1.3,"over3",IF(AND(J67>J66,OR(K67<K66,K67=K66)),"under1",IF(AND(K67>K66,OR(J67<J66,J67=J66)),"under2","over"))))) | M68: =IF(AND(M66="home",M67="home"),"1x",IF(AND(M66="away",M67="away"),"x2",IF(AND(M66="home",M67="away"),M67,IF(AND(M66="away",M67="home"),M67,0)))) | N68: =AVERAGE(N67,O67) | O68: =IF(N68<0.65,"u1.5",IF(N68<1,"u2.5",IF(N68<1.3,"over3",IF(AND(N67>N66,OR(O67<O66,O67=O66)),"under1",IF(AND(O67>O66,OR(N67<N66,N67=N66)),"under2","over"))))) | Q68: =IF(AND(Q66="home",Q67="home"),"1x",IF(AND(Q66="away",Q67="away"),"x2",IF(AND(Q66="home",Q67="away"),Q67,IF(AND(Q66="away",Q67="home"),Q67,0)))) | R68: =AVERAGE(R67,S67) | S68: =IF(R68<0.65,"u1.5",IF(R68<1,"u2.5",IF(R68<1.3,"over3",IF(AND(R67>R66,OR(S67<S66,S67=S66)),"under1",IF(AND(S67>S66,OR(R67<R66,R67=R66)),"under2","over"))))) | U68: =IF(AND(U66="home",U67="home"),"1x",IF(AND(U66="away",U67="away"),"x2",IF(AND(U66="home",U67="away"),U67,IF(AND(U66="away",U67="home"),U67,0)))) | V68: =AVERAGE(V67,W67) | W68: =IF(V68<0.65,"u1.5",IF(V68<1,"u2.5",IF(V68<1.3,"over3",IF(AND(V67>V66,OR(W67<W66,W67=W66)),"under1",IF(AND(W67>W66,OR(V67<V66,V67=V66)),"under2","over")))))
A69: =IF(AND(Sheet2!AB18="yes",OR(Sheet2!AA15="both",Sheet2!AA15="Yes1",Sheet2!AA15="yes"),OR(N84="under1",N85="under2",V95="under1",V96="under2")),"success","unsccessfu") | B69: Sao Bernardo | C69: Juventude | D69: =_xlfn.TEXTJOIN("/ ", ,L110,Sheet2!L77) | E69: =IF(E66=E67,"","swiped") | F69: =IF(ABS(F67-G67)>1,"high",IF(ABS(F67-G67)>0.6,"medium","low G")) | G69: =_xlfn.TEXTJOIN(", ", ,Sheet2!D30,Sheet2!D32) | H69: =CORREL(I6:I42,M6:M42) | I69: =IF(I66=I67,"","swiped") | J69: =IF(ABS(J67-K67)>1,"high",IF(ABS(J67-K67)>0.6,"medium","low G")) | K69: =_xlfn.TEXTJOIN(", ", ,Sheet2!AC30,Sheet2!AC32) | M69: =IF(M66=M67,"","swiped") | N69: =IF(ABS(N67-O67)>1,"high",IF(ABS(N67-O67)>0.6,"medium","low G")) | O69: =_xlfn.TEXTJOIN(", ", ,Sheet2!BB30,Sheet2!BB32) | Q69: =IF(Q66=Q67,"","swiped") | R69: =IF(ABS(R67-S67)>1,"high",IF(ABS(R67-S67)>0.6,"medium","low G")) | S69: =_xlfn.TEXTJOIN(", ", ,Sheet2!CA30,Sheet2!CA32) | U69: =IF(U66=U67,"","swiped") | V69: =IF(ABS(V67-W67)>1,"high",IF(ABS(V67-W67)>0.6,"medium","low G")) | W69: =_xlfn.TEXTJOIN(", ", ,Sheet2!CZ30,Sheet2!CZ32)
A70: =_xlfn.TEXTJOIN(" / ", ,H54,IF(AND(A64="success",A69="success",B54=""),"GOOD","CHECK")) | B70: =IF(W83<>W84,"",IF(OR(O89="hold1",O90="hold2"),"",_xlfn.TEXTJOIN("/ ", ,Sheet2!AA15,Sheet2!AA16,Sheet2!AA18,X83,Sheet2!AB18))) | C70: =_xlfn.TEXTJOIN("/ ", ,Sheet2!N72,Sheet2!AM72,Sheet2!K74) | D70: =M109 | E70: =Sheet2!C33 | F70: =IF(AND(D47="well",OR(E47="align",E47="full"),L75="",Sheet2!C34=1,OR(F69="medium",F69="high"),Sheet2!C28="high"),"double",IF(AND(D47="well",OR(E47="align",E47="full"),L75="",OR(Sheet2!C34=1,Sheet2!C34=2),OR(F69="high",F69="medium"),OR(Sheet2!C28="high",Sheet2!C28="low")),"handicap","hands off")) | G70: =IF(AND(Sheet2!C33="no, no",F69="low G",F62="under",OR(Sheet2!C28="high",Sheet2!C28="low")),"under E48",IF(AND(OR(Sheet2!C33="yes, yes",Sheet2!C33="yes, no"),OR(F69="high",F69="high"),OR(G68="over3",G68="over"),OR(Sheet2!C28="high",Sheet2!C28="low",Sheet2!C28="medium", ),F62="over"),"over E48","over1.5")) | H70: =_xlfn.TEXTJOIN("/", ,T95,U95,R99) | I70: =Sheet2!AC16 | J70: =IF(AND(D48="well",OR(I47="align",I47="full"),L76="",Sheet2!AC15=1,OR(J69="medium",J69="high"),Sheet2!AB28="high"),"double",IF(AND(D48="well",OR(I47="align",I47="full"),L76="",OR(Sheet2!AC15=1,Sheet2!AC15=2),OR(J69="high",J69="medium"),OR(Sheet2!AB28="high",Sheet2!AB28="low")),"handicap","hands off")) | K70: =IF(AND(Sheet2!AC15=1,J69="low G",J62="under",OR(Sheet2!AB28="high",Sheet2!AB28="low")),I48,IF(AND(Sheet2!AC15=3,OR(J69="high",J69="high"),OR(K68="over3",K68="over"),OR(Sheet2!AB28="high",Sheet2!AB28="low",Sheet2!AB28="medium", ),J62="over"),I48,"over1.5")) | M70: =Sheet2!BB16 | N70: =IF(AND(D54="well",OR(M47="align",M47="full"),L77="",Sheet2!BB15=1,OR(N69="medium",N69="high"),Sheet2!BA28="high"),"double",IF(AND(D54="well",OR(M47="align",M47="full"),L77="",OR(Sheet2!BB15=1,Sheet2!BB15=2),OR(N69="high",N69="medium"),OR(Sheet2!BA28="high",Sheet2!BA28="low")),"handicap","hands off")) | O70: =IF(AND(Sheet2!BB15=1,N69="low G",N62="under",OR(Sheet2!BA28="high",Sheet2!BA28="low")),M48,IF(AND(Sheet2!BB15=3,OR(N69="high",N69="high"),OR(O68="over3",O68="over"),OR(Sheet2!BA28="high",Sheet2!BA28="low",Sheet2!BA28="medium", ),N62="over"),M48,"over1.5")) | P70: =_xlfn.TEXTJOIN("/", ,T96,U96,R100) | Q70: =Sheet2!CA16 | R70: =IF(AND(D61="well",OR(Q47="align",Q47="full"),L78="",Sheet2!CA15=1,OR(R69="medium",R69="high"),Sheet2!BZ28="high"),"double",IF(AND(OR(D61="well",OR(Q47="align",Q47="full"),L78="",Sheet2!CA15=1,Sheet2!CA15=2),OR(R69="high",R69="medium"),OR(Sheet2!BZ28,Sheet2!BZ28="high",Sheet2!BZ28="low")),"handicap","hands off")) | S70: =IF(AND(Sheet2!CA15=1,R69="low G",R62="under",OR(Sheet2!BZ28="high",Sheet2!BZ28="low")),Q48,IF(AND(Sheet2!CA15=3,OR(R69="high",R69="high"),OR(S68="over3",S68="over"),OR(Sheet2!BZ28="high",Sheet2!BZ28="low",Sheet2!BZ28="medium", ),R62="over"),Q48,"over1.5")) | U70: =Sheet2!CZ16 | V70: =IF(AND(D62="well",OR(U47="align",U47="full"),L79="",Sheet2!CZ15=1,OR(V69="medium",V69="high"),Sheet2!CY28="high"),"double",IF(AND(D62="well",OR(U47="align",U47="full"),L79="",OR(Sheet2!CZ15=1,Sheet2!CZ15=2),OR(V69="high",V69="medium"),OR(Sheet2!CY28,Sheet2!CY28="high",Sheet2!CY28="low")),"handicap","hands off")) | W70: =IF(AND(Sheet2!CZ15=1,V69="low G",V62="under",OR(Sheet2!CY28="high",Sheet2!CY28="low")),U48,IF(AND(Sheet2!CZ15=3,OR(V69="high",V69="high"),OR(W68="over3",W68="over"),OR(Sheet2!CY28="high",Sheet2!CY28="low",Sheet2!CY28="medium", ),V62="over"),U48,"over1.5"))
E71: =IF(AND(Sheet2!D30="all equal",Sheet2!C28="low",OR(G68="under2",G68="under1",G68="u1.5",G68="u2.5")),"u2.5")
A74: =ROUND(AVERAGE(P97,P98),0) | B74: =_xlfn.TEXTJOIN(" /", ,IF(A106="Ex",A106,""),IF(AND(B105>60,B70<>"",A74>70),B106,"")) | C74: =IF(Sheet2!L77="double","check",IF(OR(E114="no",Sheet2!Y25="D'over"),"no",_xlfn.TEXTJOIN("/ ", ,M110,M108))) | D74: =_xlfn.TEXTJOIN("/ ", ,IF(Sheet2!R23="best Tab 2",Sheet2!Q13,Sheet2!Q13),Sheet2!R23) | E74: =IF(A64="","",IF(B5="","",IF(AND(A54="",OR(Sheet2!O3="good",Sheet2!O3="wow")),C115,IF(Sheet2!O3="wow",C115,IF(Sheet2!O3="bad","",C114))))) | F74: Determinat | G74: suppressant | H74: S.confirmed | I74: level | J74: wins | K74: goals | L74: swiping | M74: percentage
A75: =R75 | B75: =_xlfn.TEXTJOIN("/", ,1,H91,W75) | C75: =_xlfn.TEXTJOIN(" vs ", ,F48,G48) | D75: =_xlfn.TEXTJOIN(", ", ,$E$48,E47,G91,B102) | E75: =E70 | F75: =F69 | G75: =F62 | H75: =G68 | I75: =Sheet2!C28 | J75: =F70 | K75: =IF(AND(L75="",D47="well",OR(E47="align",E47="full"),E75="no, no",OR(F75="low G",F75="medium"),G75="under",OR(H75="u1.5",H75="u2.5",H75="under1",H75="under2"),I75="low"),"under G",IF(AND(L75="",D47="well",OR(E47="align",E47="full"),E75="no, no",OR(F75="low G",F75="medium"),G75="under",OR(H75="u1.5",H75="u2.5",H75="under1",H75="under2",H75="over3"),OR(I75="low",I75="high")),"under G+1","over1.5")) | L75: =E69 | M75: =K81/L81 | N75: =I86/J86 | O75: =AVERAGE(M75,N75) | P75: =ABS(M75-N75) | Q75: =AVERAGE(O75,P75) | R75: =_xlfn.TEXTJOIN(", ", ,K75,IF(AND(N75>M75,Q75>55%),"winover",IF(AND(M75>N75,Q75<48%),"under1.5",IF(AND(M75>N75,Q75>50%),"under","wait")))) | S75: =AVERAGE(O75,Q75) | T75: =AVERAGE(Q75,O75)-(O75-Q75) | U75: =IF(AND(V75<23%,V75>-2%,OR(S75>T75,T75>S75)),"yes1",IF(OR(T75=S75,T75>S75),"Yes","No")) | V75: =S75-T75 | W75: =Sheet2!M17 | X75: =IF(AND(G75="over",H75="over"),0,1) | Y75: =IF(AND(U75="no",H91="not set"),"NO","YES")
A76: =R76 | B76: =_xlfn.TEXTJOIN("/", ,2,H92,W76) | C76: =_xlfn.TEXTJOIN(" vs ", ,J48,K48) | D76: =_xlfn.TEXTJOIN(", ", ,$E$48,I47,G92,P99) | E76: =I70 | F76: =J69 | G76: =J62 | H76: =K68 | I76: =Sheet2!AB28 | J76: =J70 | K76: =IF(AND(L76="",D48="well",OR(E47="align",E47="full"),E76="no, no",OR(F76="low G",F76="medium"),G76="under",OR(H76="u1.5",H76="u2.5",H76="under1",H76="under2"),I76="low"),"under G",IF(AND(L76="",D48="well",OR(E47="align",I47="full"),E76="no, no",OR(F76="low G",F76="medium"),G76="under",OR(H76="u1.5",H76="u2.5",H76="under1",H76="under2",H76="over3"),OR(I76="low",I76="high")),"under G+1","over1.5")) | L76: =I69 | M76: =K82/L82 | N76: =I87/J87 | O76: =AVERAGE(M76,N76) | P76: =ABS(M76-N76) | Q76: =AVERAGE(O76,P76) | R76: =_xlfn.TEXTJOIN(", ", ,K76,IF(AND(N76>M76,Q76>55%),"winover",IF(AND(M76>N76,Q76<48%),"under1.5",IF(AND(M76>N76,Q76>50%),"under","wait")))) | S76: =AVERAGE(O76,Q76) | T76: =AVERAGE(Q76,O76)-(O76-Q76) | U76: =IF(AND(V76<23%,V76>-2%,OR(S76>T76,T76>S76)),"yes1",IF(OR(T76=S76,T76>S76),"Yes","No")) | V76: =S76-T76 | W76: =Sheet2!AL17 | X76: =IF(AND(G76="over",H76="over"),0,1) | Y76: =IF(AND(U76="no",H92="not set"),"NO","YES")
A77: =R77 | B77: =_xlfn.TEXTJOIN("/", ,3,H93,W77) | C77: =_xlfn.TEXTJOIN(" vs ", ,N48,O48) | D77: =_xlfn.TEXTJOIN(", ", ,$E$48,M47,G93,B103) | E77: =M70 | F77: =N69 | G77: =N62 | H77: =O68 | I77: =Sheet2!BA28 | J77: =N70 | K77: =IF(AND(L77="",D54="well",OR(M47="align",M47="full"),E77="no, no",OR(F77="low G",F77="medium"),G77="under",OR(H77="u1.5",H77="u2.5",H77="under1",H77="under2"),I77="low"),"under G",IF(AND(L77="",D54="well",OR(M47="align",M47="full"),E77="no, no",OR(F77="low G",F77="medium"),G77="under",OR(H77="u1.5",H77="u2.5",H77="under1",H77="under2",H77="over3"),OR(I77="low",I77="high")),"under G+1","over1.5")) | L77: =M69 | M77: =K83/L83 | N77: =I88/J88 | O77: =AVERAGE(M77,N77) | P77: =ABS(M77-N77) | Q77: =AVERAGE(O77,P77) | R77: =_xlfn.TEXTJOIN(", ", ,K77,IF(AND(N77>M77,Q77>55%),"winover",IF(AND(M77>N77,Q77<48%),"under1.5",IF(AND(M77>N77,Q77>50%),"under","wait")))) | S77: =AVERAGE(O77,Q77) | T77: =AVERAGE(Q77,O77)-(O77-Q77) | U77: =IF(AND(V77<23%,V77>-2%,OR(S77>T77,T77>S77)),"yes1",IF(OR(T77=S77,T77>S77),"Yes","No")) | V77: =S77-T77 | W77: =Sheet2!BK17 | X77: =IF(AND(G77="over",H77="over"),0,1) | Y77: =IF(AND(U77="no",H93="not set"),"NO","YES")
A78: =R78 | B78: =_xlfn.TEXTJOIN("/", ,4,H94,W78) | C78: =_xlfn.TEXTJOIN(" vs ", ,R48,S48) | D78: =_xlfn.TEXTJOIN(", ", ,$E$48,Q47,G94,P100) | E78: =Q70 | F78: =R69 | G78: =R62 | H78: =S68 | I78: =Sheet2!BZ28 | J78: =R70 | K78: =IF(AND(L78="",D61="well",OR(Q47="align",Q47="full"),E78="no, no",OR(F78="low G",F78="medium"),G78="under",OR(H78="u1.5",H78="u2.5",H78="under1",H78="under2"),I78="low"),"under G",IF(AND(L78="",D61="well",OR(Q47="align",Q47="full"),E78="no, no",OR(F78="low G",F78="medium"),G78="under",OR(H78="u1.5",H78="u2.5",H78="under1",H78="under2",H78="over3"),OR(I78="low",I78="high")),"under G+1","over1.5")) | L78: =Q69 | M78: =K84/L84 | N78: =I89/J89 | O78: =AVERAGE(M78,N78) | P78: =ABS(M78-N78) | Q78: =AVERAGE(O78,P78) | R78: =_xlfn.TEXTJOIN(", ", ,K78,IF(AND(N78>M78,Q78>55%),"winover",IF(AND(M78>N78,Q78<48%),"under1.5",IF(AND(M78>N78,Q78>50%),"under","wait")))) | S78: =AVERAGE(O78,Q78) | T78: =AVERAGE(Q78,O78)-(O78-Q78) | U78: =IF(AND(V78<23%,V78>-2%,OR(S78>T78,T78>S78)),"yes1",IF(OR(T78=S78,T78>S78),"Yes","No")) | V78: =S78-T78 | W78: =Sheet2!CJ17 | X78: =IF(AND(G78="over",H78="over"),0,1) | Y78: =IF(AND(U78="no",H94="not set"),"NO","YES")
A79: =_xlfn.TEXTJOIN(" /", ,_xlfn.IFERROR(F114,""),_xlfn.IFERROR(R79,"")) | B79: =B85 | C79: =_xlfn.TEXTJOIN(" vs ", , ,V48,W48) | D79: =_xlfn.TEXTJOIN(", ", ,$E$48,U47,G95) | E79: =U70 | F79: =V69 | G79: =V62 | H79: =W68 | I79: =Sheet2!CY28 | J79: =V70 | K79: =IF(AND(L79="",D62="well",OR(U47="align",U47="full"),E79="no, no",OR(F79="low G",F79="medium"),G79="under",OR(H79="u1.5",H79="u2.5",H79="under1",H79="under2"),I79="low"),"under G",IF(AND(L79="",D62="well",OR(U47="align",U47="full"),E79="no, no",OR(F79="low G",F79="medium"),G79="under",OR(H79="u1.5",H79="u2.5",H79="under1",H79="under2",H79="over3"),OR(I79="low",I79="high")),"under G+1","over1.5")) | L79: =U69 | M79: =K85/L85 | N79: =I90/J90 | O79: =AVERAGE(M79,N79) | P79: =ABS(M79-N79) | Q79: =AVERAGE(O79,P79) | R79: =_xlfn.TEXTJOIN(", ", ,K79,IF(AND(N79>M79,Q79>55%),"winover",IF(AND(M79>N79,Q79<48%),"under1.5",IF(AND(M79>N79,Q79>50%),"under","wait")))) | S79: =AVERAGE(O79,Q79) | T79: =AVERAGE(Q79,O79)-(O79-Q79) | U79: =IF(AND(V79<23%,V79>-2%,OR(S79>T79,T79>S79)),"yes1",IF(OR(T79=S79,T79>S79),"Yes","No")) | V79: =S79-T79 | W79: =Sheet2!DI17
C80: .
C81: =IF(D47="well",1,"") | D81: =IF(OR(E47="align",E47="full"),1,"") | E81: =IF(E75="no, no",1,"") | F81: =IF(F75="low G",1,"") | G81: =IF(G75="under",1,"") | H81: =IF(AND(G75="over",H75="over"),-1,IF(OR(H75="under1",H75="under2",H75="over3"),1,"")) | I81: =IF(OR(I75="low",I75="medium"),1,"") | J81: =IF(L75="",1,-1) | K81: =SUM(C81:I81)+J81 | L81: =COUNTA(C81:J81) | M81: =IF(X75=1,1,0)+IF(Y75="YES",1,0)+IF(X76=1,1,0)+IF(Y76="YES",1,0) | N81: =IF(OR(L75="swiped",L76="swiped"),1,0)+IF(OR(K75="under G+1",K76="under G+1"),1,0)+IF(OR(Sheet2!D33="yes",Sheet2!D55="yes",Sheet2!AC55="yes",Sheet2!AC17="yes"),1,0)+IF(OR(L88="winover",L89="winover"),1,0) | O81: =N81/4*100 | P81: =IF(S86="check",1,2) | Q81: =IF(T90="careful",2,IF(T90="",3,1)) | R81: =IF(Sheet2!Y25="add",2,IF(Sheet2!Y25="go",3,1)) | S81: =SUM(P81:R81)/8 | T81: =IF(S81>49%,L96,IF(S81>60,L96,"over")) | U81: =IF(AND(S81>74%,O89="move1"),T81,"wait") | V81: =IF(AND(S81>62%,W83<4,U81<>"wait"),T81,IF(AND(S81>62%,W83<4,Q86<>"add"),T81,"wait")) | W81: =IF(AND(S81=S82,U81=U82,W83=W84,V81>1),"success","check")
C82: =IF(D48="well",1,"") | D82: =IF(OR(I47="align",I47="full"),1,"") | E82: =IF(E76="no, no",1,"") | F82: =IF(F76="low G",1,"") | G82: =IF(G76="under",1,"") | H82: =IF(AND(G76="over",H76="over"),-1,IF(OR(H76="under1",H76="under2",H76="over3"),1,"")) | I82: =IF(OR(I76="low",I76="medium"),1,"") | J82: =IF(L76="",1,-1) | K82: =SUM(C82:I82)+J82 | L82: =COUNTA(C82:J82) | P82: =IF(S87="check",1,2) | Q82: =IF(T91="careful",2,IF(T91="",3,1)) | R82: =IF(Sheet2!BW25="add",2,IF(Sheet2!BW25="go",3,1)) | S82: =SUM(P82:R82)/8 | T82: =IF(S82>49%,L96,IF(S82>60,L96,"over")) | U82: =IF(AND(S82>74%,O90="move2"),T82,"wait") | V82: =IF(AND(S82>62%,W84<4,U82<>"wait"),T82,IF(AND(S82>62%,W84<4,Q87<>"add"),T82,"wait"))
C83: =IF(D60="well",1,"") | D83: =IF(OR(M47="align",M47="full"),1,"") | E83: =IF(E77="no, no",1,"") | F83: =IF(F77="low G",1,"") | G83: =IF(G77="under",1,"") | H83: =IF(AND(G77="over",H77="over"),-1,IF(OR(H77="under1",H77="under2",H77="over3"),1,"")) | I83: =IF(OR(I77="low",I77="medium"),1,"") | J83: =IF(L77="",1,-1) | K83: =SUM(C83:I83)+J83 | L83: =COUNTA(C83:J83) | M83: =IF(X77=1,1,0)+IF(Y77="YES",1,0)+IF(X78=1,1,0)+IF(Y78="YES",1,0) | N83: =IF(OR(L77="swiped",L78="swiped"),1,0)+IF(OR(K77="under G+1",K78="under G+1"),1,0)+IF(OR(Sheet2!BB17="yes",Sheet2!BB55="yes",Sheet2!CA17="yes",Sheet2!CA55="yes"),1,0)+IF(OR(L90="winover",L91="winover"),1,0) | O83: =N83/4*100 | P83: =IF(R88<>"",1,"") | Q83: =IF(Q88<>"",1,"") | R83: =IF(Q86<>"",1,"") | S83: =IF(P88<>"",1,"") | T83: =IF(R93<>"",1,"") | U83: =IF(T88<>"",1,"") | V83: =IF(Sheet2!F40<>"",1,"") | W83: =COUNT(P83:V83) | X83: =SUM(W83,W84)
B84: =_xlfn.TEXTJOIN("/ ", ,M110,M108) | C84: =IF(D61="well",1,"") | D84: =IF(OR(Q47="align",Q47="full"),1,"") | E84: =IF(E78="no, no",1,"") | F84: =IF(F78="low G",1,"") | G84: =IF(G78="under",1,"") | H84: =IF(AND(G78="over",H78="over"),-1,IF(OR(H78="under1",H78="under2",H78="over3"),1,"")) | I84: =IF(OR(I78="low",I78="medium"),1,"") | J84: =IF(L78="",1,-1) | K84: =SUM(C84:I84)+J84 | L84: =COUNTA(C84:J84) | M84: =IF(OR(E63="precised1",E63="precised2",I63="precised1",I63="precised2",AND(C46="settled",C47="high")),"+1","yes") | N84: =IF(AND(M84="+1",V99="D+",U99="under1"),"under1",IF(AND(M84="yes",U99="under1"),"under1","check1")) | O84: =IF(M84="yes","Go1","") | P84: =IF(R90<>"",1,"") | Q84: =IF(Q90<>"",1,"") | R84: =IF(Q87<>"",1,"") | S84: =IF(P90<>"",1,"") | T84: =IF(R94<>"",1,"") | U84: =IF(U88<>"",1,"") | V84: =IF(Sheet2!BE39<>"",1,"") | W84: =COUNT(P84:V84)
B85: =IF(AND(B84="set1/ not set",C74="set1/ not set"),"Double",IF(AND(B84="set1/ set",C74="set1/ set"),"under",IF(AND(B84="set1/ set",C74="check"),"DOUBLE","Check"))) | C85: =IF(D62="well",1,"") | D85: =IF(OR(U47="align",U47="full"),1,"") | E85: =IF(E79="no, no",1,"") | F85: =IF(F79="low G",1,"") | G85: =IF(G79="under",1,"") | H85: =IF(AND(G79="over",H79="over"),-1,IF(OR(H79="under1",H79="under2",H79="over3"),1,"")) | I85: =IF(OR(I79="low",I79="medium"),1,"") | J85: =IF(L79="",1,-1) | K85: =SUM(C85:I85)+J85 | L85: =COUNTA(C85:J85) | M85: =IF(OR(M63="precised1",M63="precised2",Q63="precised1",Q63="precised2",AND(C46="settled",C47="high")),"+1","yes") | N85: =IF(AND(M85="+1",V100="D+",U100="under2"),"under2",IF(AND(M85="yes",U100="under2"),"under2","check2")) | O85: =IF(M85="yes","Go2","")
D86: =IF(D47="well",1,"") | E86: =IF(E75="no, no",1,"") | F86: =IF(OR(F75="High",F75="medium"),1,"") | G86: =IF(OR(I75="high",I75="medium"),1,"") | H86: =IF(L75="",1,-1) | I86: =COUNT(D86:G86)+H86 | J86: =COUNTA(D86:H86) | K86: =IF(T99="",1,0) | L86: =IF(V95="under1",2,0) | M86: =IF(N84="under1",1,0) | N86: =IF(O84="Go1",1,0) | O86: =IF(O89="move1",1,0) | P86: =SUM(K86:O86)/(COUNT(K86:O86)+1)*100 | Q86: =IF(P86<60,"check",IF(AND(P86<67,P86>50,V95="under1"),"Add",E48)) | R86: =IF(Sheet2!Y25="D'over","check",IF(Sheet2!Y25="Add",L96+1,IF(AND(Q86="Add",W94="ok"),$L$96+1,IF(AND(Q86<>"Add",W94="ok"),$L$96,"check")))) | S86: =IF(AND(R86>1,W94="ok",AA92>74),R86,IF(AND(R86>1,W94="ok",AA92<74),R86+1,"check"))
D87: =IF(D48="well",1,"") | E87: =IF(E76="no, no",1,"") | F87: =IF(OR(F76="High",F76="medium"),1,"") | G87: =IF(OR(I76="high",I76="medium"),1,"") | H87: =IF(L76="",1,-1) | I87: =COUNT(D87:G87)+H87 | J87: =COUNTA(D87:H87) | K87: =IF(T100="",1,0) | L87: =IF(V96="under2",2,0) | M87: =IF(N85="under2",1,0) | N87: =IF(O85="Go2",1,0) | O87: =IF(O90="move2",1,0) | P87: =SUM(K87:O87)/(COUNT(K87:O87)+1)*100 | Q87: =IF(P87<60,"check",IF(AND(P87<67,P87>50,V96="under2"),"Add",I48)) | R87: =IF(Sheet2!BW25="D'over","check",IF(Sheet2!BW25="Add",L96+1,IF(AND(Q87="Add",W95="ok"),$L$96+1,IF(AND(Q87<>"Add",W95="ok"),$L$96,"check")))) | S87: =IF(AND(R87>1,W95="ok",AA93>74),R87,IF(AND(R87>1,W95="ok",AA93<74),R87+1,"check"))
D88: =IF(D60="well",1,"") | E88: =IF(E77="no, no",1,"") | F88: =IF(OR(F77="High",F77="medium"),1,"") | G88: =IF(OR(I77="high",I77="medium"),1,"") | H88: =IF(L77="",1,-1) | I88: =COUNT(D88:G88)+H88 | J88: =COUNTA(D88:H88) | K88: =ABS(G91-G92) | L88: =IF(AND(N75>M75,Q75>55%),"winover") | M88: =IF(AND(L88="winover",L89="winover"),2,IF(OR(L88="winover",L89="winover"),1,0)) | P88: =IF(AND(L88="winover",L89="winover"),"both",IF(OR(L88="winover",L89="winover"),"one","")) | Q88: =IF(AND(K75="under G+1",K76="under G+1"),"both",IF(OR(K75="under G+1",K76="under G+1"),"oneu","")) | R88: =IF(AND(S88="win",S89="win"),"ToT",IF(OR(S88="win",S89="win"),"ToT1","")) | S88: =Sheet2!N16 | T88: =IF(AND(E47="align",I47="align"),"","not") | U88: =IF(AND(M47="align",Q47="align"),"","not")
D89: =IF(D61="well",1,"") | E89: =IF(E78="no, no",1,"") | F89: =IF(OR(F78="High",F78="medium"),1,"") | G89: =IF(OR(I78="high",I78="medium"),1,"") | H89: =IF(L78="",1,-1) | I89: =COUNT(D89:G89)+H89 | J89: =COUNTA(D89:H89) | K89: =ABS(G93-G94) | L89: =IF(AND(N76>M76,Q76>55%),"winover") | M89: =IF(AND(M88=2,K88<1),"ok",IF(AND(M88=2,K88>1),"not ok",IF(AND(M88=1,K88<1),"ok",IF(AND(M88=1,K88>1),"not ok","ok1")))) | N89: =IF(M89="not ok",0,1) | O89: =IF(OR(K90=0,K90=50,K90=25,K90=100),"hold1","move1") | S89: =Sheet2!AM16 | T89: =IF(AND(OR(O89="hold1",O90="hold2"),OR(T99="over1",T100="over2")),"yes","no") | U89: =Sheet2!Z27
D90: =IF(D62="well",1,"") | E90: =IF(E79="no, no",1,"") | F90: =IF(OR(F79="High",F79="medium"),1,"") | G90: =IF(OR(I79="high",I79="medium"),1,"") | H90: =IF(L79="",1,-1) | I90: =COUNT(D90:G90)+H90 | J90: =COUNTA(D90:H90) | K90: =SUM(G91,G92) | L90: =IF(AND(N77>M77,Q77>55%),"winover") | M90: =IF(AND(L90="winover",L91="winover"),2,IF(OR(L90="winover",L91="winover"),1,0)) | O90: =IF(OR(K91=0,K91=50,K91=25,K91=100),"hold2","move2") | P90: =IF(AND(L90="winover",L91="winover"),"both",IF(OR(L90="winover",L91="winover"),"one","")) | Q90: =IF(AND(K77="under G+1",K78="under G+1"),"both",IF(OR(K77="under G+1",K78="under G+1"),"oneu","")) | R90: =IF(AND(S90="win",S91="win"),"ToT",IF(OR(S90="win",S91="win"),"ToT1","")) | S90: =Sheet2!BL16 | T90: =IF(AND(T88="not",R93="full"),"never",IF(OR(R93="full",T88="not"),"careful",""))
C91: =IF(AND(G75="over",H75="over"),"",1) | D91: =IF(OR(E47="align",E47="full",E47="partially"),1,"") | E91: =IF(L75="swiped",-2,1) | F91: =IF(AND(V75>0%,OR(U75="yes",U75="yes1")),1,"") | G91: =(SUM(D91,E91,F91,C91)/4)*100 | H91: =IF(AND(U75="no",OR(D47="not",E62="not")),"not set",IF(OR(E75="yes, yes",E75="yes, no"),"not set",IF(AND(U75="No",OR(G75="over",H75="over")),"not set",IF(AND(D47="not",E62="not",OR(G75="over",H75="over")),"not set","set")))) | I91: =IF(G46="check",0,IF(G46="u3.5",1,IF(G46="u2.5+",2,3))) | J91: =IF(AND(I91>0,P97>50,I92>0),E48,"over") | K91: =SUM(G93,G94) | L91: =IF(AND(N78>M78,Q78>55%),"winover") | M91: =IF(AND(M90=2,K89<1),"ok",IF(AND(M90=2,K89>1),"not ok",IF(AND(M90=1,K89<1),"ok",IF(AND(M90=1,K89>1),"not ok","ok1")))) | N91: =IF(M91="not ok",0,1) | P91: =SUM(G91:G92) | Q91: =IF(OR(P91=125,OR(Sheet2!X24="o2.5",Sheet2!X24="don't choose",Sheet2!AW24="o2.5",Sheet2!AW24="don't choose")),"No","yes") | S91: =Sheet2!CK16 | T91: =IF(AND(U88="not",R94="full"),"never",IF(OR(R94="full",U88="not"),"careful",""))
C92: =IF(AND(G76="over",H76="over"),"",1) | D92: =IF(OR(I47="align",I47="full",I47="partially"),1,"") | E92: =IF(L76="swiped",-2,1) | F92: =IF(AND(V76>0%,OR(U76="yes",U76="yes1")),1,"") | G92: =(SUM(D92,E92,F92,C92)/4)*100 | H92: =IF(AND(U76="no",OR(D48="not",I62="not")),"not set",IF(OR(E76="yes, yes",E76="yes, no"),"not set",IF(AND(U76="No",OR(G76="over",H76="over")),"not set",IF(AND(D48="not",I62="not",OR(G76="over",H76="over")),"not set","set")))) | I92: =IF(K46="check",0,IF(K46="u3.5",1,IF(K46="u2.5+",2,3))) | K92: =IF(OR(B102=E48,P99=E48),1,0) | L92: =IF(N97<>"over",1,-1) | M92: =IF(M89<>"not ok",1,0) | N92: =IF(H48="good",1,0) | O92: =SUM(K92:N92)/COUNT(K92:N92)*100 | S92: =IF(R88="TOT1",1,IF(R88="TOT",2,"")) | T92: =IF(Q88="both",2,IF(Q88="oneu",1,"")) | U92: =IF(Q86="add",1,"") | V92: =IF(P88="one",1,IF(P88="both",2,"")) | W92: =IF(R93="full",1,"") | X92: =IF(T88="not",1,"") | Y92: =IF(Sheet2!F40="coup",1,"") | Z92: =SUM(S92:Y92,AB92,U97)/16*100 | AA92: =100-Z92 | AB92: =IF(AND(H54=H62,H54="under+1",H62="under+1"),3,"")
C93: =IF(AND(G77="over",H77="over"),"",1) | D93: =IF(OR(M47="align",M47="full",M47="partially"),1,"") | E93: =IF(L77="swiped",-2,1) | F93: =IF(AND(V77>0%,OR(U77="yes",U77="yes1")),1,"") | G93: =(SUM(D93,E93,F93,C93)/4)*100 | H93: =IF(AND(U77="no",OR(D54="not",M62="not")),"not set",IF(OR(E77="yes, yes",E77="yes, no"),"not set",IF(AND(U77="No",OR(G77="over",H77="over")),"not set",IF(AND(D54="not",M62="not",OR(G77="over",H77="over")),"not set","set")))) | I93: =IF(O46="check",0,IF(O46="u3.5",1,IF(O46="u2.5+",2,3))) | J93: =IF(AND(I93>0,P98>50,I94>0),E48,"over") | K93: =IF(OR(B103=E48,P100=E48),1,0) | L93: =IF(N98<>"over",1,-1) | M93: =IF(M91<>"not ok",1,0) | N93: =IF(P48="good",1,0) | O93: =SUM(K93:N93)/COUNT(K93:N93)*100 | P93: =SUM(G93:G94) | Q93: =IF(OR(P93=125,OR(Sheet2!BV24="o2.5",Sheet2!BV24="don't choose",Sheet2!CU24="o2.5",Sheet2!CU24="don't choose")),"No","yes") | R93: =IF(S99>75,"full","") | S93: =IF(R90="TOT1",1,IF(R90="TOT",2,"")) | T93: =IF(Q90="both",2,IF(Q90="oneu",1,"")) | U93: =IF(Q87="add",1,"") | V93: =IF(P90="one",1,IF(P90="both",2,"")) | W93: =IF(R94="full",1,"") | X93: =IF(U88="not",1,"") | Y93: =IF(Sheet2!BE39="coup",1,"") | Z93: =SUM(S93:Y93,AB93,U98)/16*100 | AA93: =100-Z93 | AB93: =IF(AND(P54=P62,P54="under+1",P62="under+1"),3,"")
C94: =IF(AND(G78="over",H78="over"),"",1) | D94: =IF(OR(Q47="align",Q47="full",Q47="partially"),1,"") | E94: =IF(L78="swiped",-2,1) | F94: =IF(AND(V78>0%,OR(U78="yes",U78="yes1")),1,"") | G94: =(SUM(D94,E94,F94,C94)/4)*100 | H94: =IF(AND(U78="no",OR(D61="not",Q62="not")),"not set",IF(OR(E78="yes, yes",E78="yes, no"),"not set",IF(AND(U78="No",OR(G78="over",H78="over")),"not set",IF(AND(D61="not",Q62="not",OR(G78="over",H78="over")),"not set","set")))) | I94: =IF(S46="check",0,IF(S46="u3.5",1,IF(S46="u2.5+",2,3))) | R94: =IF(S100>75,"full","") | W94: =IF(P97<40,"",IF(AND(P97<60,AA92>74),"Add",IF(AND(P97>50,AA92<74),"add2","ok"))) | X94: =
C95: =IF(AND(G79="over",H79="over"),"",1) | D95: =IF(OR(U47="align",U47="full",U47="partially"),1,"") | E95: =IF(L79="swiped",-2,1) | F95: =IF(AND(V79>0%,OR(U79="yes",U79="yes1")),1,"") | G95: =(SUM(D95,E95,F95,C95)/4)*100 | H95: =IF(AND(U79="no",OR(D62="not",U62="not")),"not set",IF(OR(E79="yes, yes",E79="yes, no"),"not set",IF(AND(D62="not",U62="not",OR(G79="over",H79="over")),"not set","set"))) | I95: =IF(W46="check",0,IF(W46="u3.5",1,IF(W46="u2.5+",2,3))) | M95: =IF(M96="under",2,0) | N95: =IF(N96="under",2,0) | O95: =IF(H48="good",2,0) | P95: =IF(H54="under",3,IF(H54="run",2,IF(H54="under +1",1,0))) | Q95: =IF(H61<>"+1",1,0) | R95: =IF(H62=H54,1,0) | S95: =IF(H63<>"No",1,0) | T95: =SUM(O95:S95)/8*100 | U95: =IF(AND(T95>49,P97>60,H61<>N81,Q91="yes"),"valid","invalid") | V95: =IF(AND(E47<>"the goal",I47<>"the goal",E47<>"partially",I47<>"partially",Sheet2!E40<>"yes1",Sheet2!E40<>"never"),"under1","check1") | W95: =IF(P98<40,"",IF(AND(P98<60,AA93>74),"Add",IF(AND(P98>50,AA93<74),"add2","ok")))
B96: =IF(H91="set",1,"") | D96: =IF(OR(E47="align",E47="full"),1,"") | E96: =IF(G91>74,1,"") | F96: =IF(E75="no, no",1,"") | G96: =IF(OR(U75="yes1",U75="yes"),1,"") | H96: =IF(OR(W75="1, edge",W75="2, edge",W75="x, edge"),1,"") | I96: =COUNT(B96:H96) | J96: =COUNTBLANK(B96:H96)-1 | K96: =I96/(I96+J96)*100 | L96: =IF(E48="3goals",2.5,IF(E48="4goals",3.5,IF(E48="5 goals",4.5,1.5))) | M96: =IF(AND(OR(E47="align",E47="full"),E75="no, no",A101>55),"under","check") | N96: =IF(AND(OR(M47="align",M47="full"),E77="no, no",B101>55),"under","check") | O96: =IF(P48="good",2,0) | P96: =IF(P54="under",3,IF(P54="run",2,IF(P54="under +1",1,0))) | Q96: =IF(P61<>"+1",1,0) | R96: =IF(P62=P54,1,0) | S96: =IF(P63<>"No",1,0) | T96: =SUM(O96:S96)/8*100 | U96: =IF(AND(T96>49,P98>60,P61<>N83,Q93="yes"),"valid","invalid") | V96: =IF(AND(M47<>"the goal",Q47<>"the goal",M47<>"partially",Q47<>"partially",Sheet2!BD39<>"yes1",Sheet2!BD39<>"never"),"under2","check2")
B97: =IF(H92="set",1,"") | D97: =IF(OR(I47="align",I47="full"),1,"") | E97: =IF(G92>74,1,"") | F97: =IF(E76="no, no",1,"") | G97: =IF(OR(U76="yes1",U76="yes"),1,"") | H97: =IF(OR(W76="1, edge",W76="2, edge",W76="x, edge"),1,"") | I97: =COUNT(B97:H97) | J97: =COUNTBLANK(B97:H97)-1 | K97: =I97/(I97+J97)*100 | L97: =IF(AND(X75=1,X76=1),2,IF(OR(X75=1,X76=1),1)) | M97: =((L97+L99+M99)/5)*100 | N97: =IF(AND(M96="under",M97>70),L96,IF(AND(M96="check",M97>70),L96+1,"over")) | O97: =IF(N97="over",0,1) | P97: =(SUM(M95,O97,N89,M81)/8)*100 | Q97: =IF(B102="over",1,"") | R97: =IF(AND(Q97="",H46=""),"pure","over") | S97: =IF(H46=1,0,1)+IF(P97>60,1,0)+IF(R97="over",0,1) | T97: =(S97/3)*100 | U97: =IF(AND(E47<>"align",E47<>"full",I47<>"align",I47<>"full"),3,"")
B98: =IF(H93="set",1,"") | D98: =IF(OR(M47="align",M47="full"),1,"") | E98: =IF(G93>74,1,"") | F98: =IF(E77="no, no",1,"") | G98: =IF(OR(U77="yes1",U77="yes"),1,"") | H98: =IF(OR(W77="1, edge",W77="2, edge",W77="x, edge"),1,"") | I98: =COUNT(B98:H98) | J98: =COUNTBLANK(B98:H98)-1 | K98: =I98/(I98+J98)*100 | L98: =IF(AND(X78=1,X77=1),2,IF(OR(X78=1,X77=1),1)) | M98: =((L98+L100+M100)/5)*100 | N98: =IF(AND(N96="under",M98>70),L96,IF(AND(N96="check",M98>70),L96+1,"over")) | O98: =IF(N98="over",0,1) | P98: =(SUM(N95,O98,N91,M83)/8)*100 | Q98: =IF(B103="over",1,"") | R98: =IF(AND(Q98="",P46=""),"pure","over") | S98: =IF(P46=1,0,1)+IF(P98>60,1,0)+IF(R98="over",0,1) | T98: =(S98/3)*100 | U98: =IF(AND(M47<>"align",M47<>"full",Q47<>"align",Q47<>"full"),3,"")
B99: =IF(H94="set",1,"") | D99: =IF(OR(Q47="align",Q47="full"),1,"") | E99: =IF(G94>74,1,"") | F99: =IF(E78="no, no",1,"") | G99: =IF(OR(U78="yes1",U78="yes"),1,"") | H99: =IF(OR(W78="1, edge",W78="2, edge",W78="x, edge"),1,"") | I99: =COUNT(B99:H99) | J99: =COUNTBLANK(B99:H99)-1 | K99: =I99/(I99+J99)*100 | L99: =IF(AND(Y75="yes",Y76="yes"),2,IF(OR(Y75="yes",Y76="yes"),1)) | M99: =IF(M96="under",1,0) | N99: =IF(AND(P97>60,T97>60,F62="under"),E48,IF(AND(R97="pure",N97>1),E48,IF(AND(P97>60,T97>60),"+1","over"))) | O99: =IF(G91+G92>75,"yes","no") | P99: =IF(AND(N99="over",B102="over"),"run",IF(AND(B102="over",N99="+1"),"+2",IF(AND(N99="over",B102<>"over"),1,E48))) | Q99: =IF(N97<>"over","yes","no") | R99: =IF(AND(T95>50,Q99="yes",P97>50),"GO","out") | S99: =(IF(R99="GO",1)+IF(T95>50,1)+IF(U95="valid",1)+IF(M84="yes",1))/4*100 | T99: =IF(P99="+2","over1","") | U99: =IF(AND(S99<>50,S99<>0),"under1","check1") | V99: =IF(AND($C$46="settled",$C$47="high"),"D+", )
A100: =_xlfn.TEXTJOIN(" and ", ,P97,_xlfn.IFERROR(P98,"")) | B100: =IF(H95="set",1,"") | D100: =IF(OR(U47="align",U47="full"),1,"") | E100: =IF(G95>74,1,"") | F100: =IF(E79="no, no",1,"") | G100: =IF(OR(U79="yes1",U79="yes"),1,"") | H100: =IF(OR(W79="1, edge",W79="2, edge",W79="x, edge"),1,"") | I100: =COUNT(B100:H100) | J100: =COUNTBLANK(B100:H100)-1 | K100: =I100/(I100+J100)*100 | L100: =IF(AND(Y78="yes",Y77="yes"),2,IF(OR(Y78="yes",Y77="yes"),1)) | M100: =IF(N96="under",1,0) | N100: =IF(AND(P98>60,T98>60,N62="under"),E48,IF(AND(R98="pure",N98>1),E48,IF(AND(P98>60,T98>60),"+1","over"))) | O100: =IF(G94+G93>75,"yes","no") | P100: =IF(AND(N100="over",B103="over"),"run",IF(AND(B103="over",N100="+1"),"+2",IF(AND(N100="over",B103<>"over"),1,E48))) | Q100: =IF(N98<>"over","yes","no") | R100: =IF(AND(T96>50,Q100="yes",P98>50),"GO","out") | S100: =(IF(R100="GO",1)+IF(T96>50,1)+IF(U96="valid",1)+IF(M85="yes",1))/4*100 | T100: =IF(P100="+2","over2","") | U100: =IF(AND(S100<>50,S100<>0),"under2","check2") | V100: =IF(AND($C$46="settled",$C$47="high"),"D+")
A101: =AVERAGE(K96,K97,G91,G92) | B101: =AVERAGE(K98,K99,G93,G94) | I101: =AVERAGE(I6:I42) | J101: =AVERAGE(J6:J42) | M101: =AVERAGE(M6:M42) | N101: =AVERAGE(N6:N42)
A102: =_xlfn.TEXTJOIN(", ", ,IF(AND(OR(E47="align",E47="full"),E75="no, no",A101>55),"under","check"),X75,X76,Y75,Y76,N97,M89) | B102: =J91 | C102: =IF(AND(A64="success",A69="success",B54=""),"GOOD","CHECK") | D102: =IF(D104>E104,"Down","up") | H102: =H69+I102 | I102: =CORREL($J6:$J42,$N6:$N42) | J102: =1/3*100 | K102: =J102-100 | L102: =SUM(L103,K103) | M102: =VLOOKUP(G48,$C$6:$O$42,11) | N102: =VLOOKUP(G48,$C$6:$O$42,12)
...

Sheet Sheet2
Q1: =AVERAGE(N8:O11,N7,P9,P10,P11,Q10,Q11,R11) | R1: =AVERAGE(N6,O7,P8,Q9,R10,S11) | S1: =AVERAGE(R6:S9,S10,Q6,Q7,Q8,P7,P6,O6) | U1: 0 | V1: =U1+1 | W1: =V1+1 | X1: =W1+1 | Y1: =X1+1 | AP1: =AVERAGE(AM8:AN11,AM7,AO9,AO10,AO11,AP10,AP11,AQ11) | AQ1: =AVERAGE(AM6,AN7,AO8,AP9,AQ10,AR11) | AR1: =AVERAGE(AQ6:AR9,AR10,AP6,AP7,AP8,AO7,AO6,AN6) | AT1: 0 | AU1: =AT1+1 | AV1: =AU1+1 | AW1: =AV1+1 | AX1: =AW1+1 | BS1: 0 | BT1: =BS1+1 | BU1: =BT1+1 | BV1: =BU1+1 | BW1: =BV1+1 | CR1: 0 | CS1: =CR1+1 | CT1: =CS1+1 | CU1: =CT1+1 | CV1: =CU1+1 | DQ1: 0 | DR1: =DQ1+1 | DS1: =DR1+1 | DT1: =DS1+1 | DU1: =DT1+1
N2: =IF(AND(O3<>"bad",O16>67,Sheet1!H104<>"high",Y25<>"D'over",OR(Sheet1!B5="",Sheet1!B70="")),"good+1",IF(AND(O3<>"bad",O16>67,Sheet1!H104<>"high",Y25<>"D'over"),"good","bad")) | O2: =IF(AND(Sheet1!E114="yes",Sheet1!B115<14),"ok","no") | P2: 1 | Q2: =AVERAGE(C5,Q1) | R2: =(Sheet1!N105/1000)+Q3 | S2: =AVERAGE(S1,D5) | T2: =AVERAGE(C5,D5) | U2: =POISSON(U1,$T$2,FALSE)*100 | V2: =POISSON(V1,$T$2,FALSE)*100 | W2: =POISSON(W1,$T$2,FALSE)*100 | X2: =POISSON(X1,$T$2,FALSE)*100 | Y2: =POISSON(Y1,$T$2,FALSE)*100 | Z2: =SUM(U2:Y2,U4:Y4) | AN2: 2 | AP2: =AVERAGE(AP1,C6) | AR2: =AVERAGE(AR1,D6) | AS2: =AVERAGE(C6,D6) | AT2: =POISSON(AT1,$AS$2,FALSE)*100 | AU2: =POISSON(AU1,$AS$2,FALSE)*100 | AV2: =POISSON(AV1,$AS$2,FALSE)*100 | AW2: =POISSON(AW1,$AS$2,FALSE)*100 | AX2: =POISSON(AX1,$AS$2,FALSE)*100 | AY2: =SUM(AT2:AX2,AT4:AX4) | BM2: 3 | BR2: =AVERAGE(C7,D7) | BS2: =POISSON(BS1,$BR$2,FALSE)*100 | BT2: =POISSON(BT1,$BR$2,FALSE)*100 | BU2: =POISSON(BU1,$BR$2,FALSE)*100 | BV2: =POISSON(BV1,$BR$2,FALSE)*100 | BW2: =POISSON(BW1,$BR$2,FALSE)*100 | BX2: =SUM(BS2:BW2,BS4:BW4) | CL2: 4 | CQ2: =AVERAGE(C8,D8) | CR2: =POISSON(CR1,$CQ$2,FALSE)*100 | CS2: =POISSON(CS1,$CQ$2,FALSE)*100 | CT2: =POISSON(CT1,$CQ$2,FALSE)*100 | CU2: =POISSON(CU1,$CQ$2,FALSE)*100 | CV2: =POISSON(CV1,$CQ$2,FALSE)*100 | CW2: =SUM(CR2:CV2,CR4:CV4) | DK2: 5 | DP2: =AVERAGE(C9,D9) | DQ2: =POISSON(DQ1,$DP$2,FALSE)*100 | DR2: =POISSON(DR1,$DP$2,FALSE)*100 | DS2: =POISSON(DS1,$DP$2,FALSE)*100 | DT2: =POISSON(DT1,$DP$2,FALSE)*100 | DU2: =POISSON(DU1,$DP$2,FALSE)*100 | DV2: =SUM(DQ2:DU2,DQ4:DU4)
F3: 1 | O3: =IF(AND(O2="ok",P3="yes1"),"wow",IF(AND(O2="ok",P3="yes"),"good","bad")) | P3: =IF(AND(Sheet1!M106<>"F",S3="F"),"yes1",IF(AND(S3<>"F",Sheet1!M106<>"F"),"yes","no")) | Q3: =AR3-AP3 | R3: =(ABS(R2))*100+(Sheet1!I106)*10 | S3: =IF(R3<30,"A",IF(R3<34,"B",IF(R3<40,"C","F"))) | T3: =C5-D5 | U3: 5 | V3: =U3+1 | W3: =V3+1 | X3: =W3+1 | Y3: =X3+1 | Z3: 0 | AA3: =U2 | AB3: =AA4-AA3 | AC3: 9.8187575 | AE3: 2 | AP3: =AVERAGE(AP2,S2) | AR3: =AVERAGE(AR2,Q2) | AS3: =C6-D6 | AT3: 5 | AU3: =AT3+1 | AV3: =AU3+1 | AW3: =AV3+1 | AX3: =AW3+1 | AY3: 0 | AZ3: =AT2 | BA3: =AZ4-AZ3 | BB3: 9.8187575 | BD3: 3 | BR3: =C7-D7 | BS3: 5 | BT3: =BS3+1 | BU3: =BT3+1 | BV3: =BU3+1 | BW3: =BV3+1 | BX3: 0 | BY3: =BS2 | BZ3: =BY4-BY3 | CA3: =BZ3-BZ4 | CC3: 4 | CQ3: =C8-D8 | CR3: 5 | CS3: =CR3+1 | CT3: =CS3+1 | CU3: =CT3+1 | CV3: =CU3+1 | CW3: 0 | CX3: =CR2 | CY3: =CX4-CX3 | CZ3: =CY3-CY4 | DB3: 5 | DP3: =C9-D9 | DQ3: 5 | DR3: =DQ3+1 | DS3: =DR3+1 | DT3: =DS3+1 | DU3: =DT3+1 | DV3: 0 | DW3: =DQ2 | DX3: =DW4-DW3 | DY3: =DX3-DX4
C4: home | D4: away | E4: =Sheet1!F48 | G4: =Sheet1!G48 | H4: chances | L4: no. of goals | M4: =G4 | N4: 0 | O4: =N4+1 | P4: =O4+1 | Q4: =P4+1 | R4: =Q4+1 | S4: =R4+1 | U4: =POISSON(U3,$T$2,FALSE)*100 | V4: =POISSON(V3,$T$2,FALSE)*100 | W4: =POISSON(W3,$T$2,FALSE)*100 | X4: =POISSON(X3,$T$2,FALSE)*100 | Y4: =POISSON(Y3,$T$2,FALSE)*100 | Z4: =Z3+1 | AA4: =SUM(U2,V2) | AB4: =AA5-AA4 | AC4: 12.814904 | AD4: =Sheet1!J48 | AF4: =Sheet1!K48 | AG4: chances | AK4: no. of goals | AL4: =AF4 | AM4: 0 | AN4: =AM4+1 | AO4: =AN4+1 | AP4: =AO4+1 | AQ4: =AP4+1 | AR4: =AQ4+1 | AT4: =POISSON(AT3,$AS$2,FALSE)*100 | AU4: =POISSON(AU3,$AS$2,FALSE)*100 | AV4: =POISSON(AV3,$AS$2,FALSE)*100 | AW4: =POISSON(AW3,$AS$2,FALSE)*100 | AX4: =POISSON(AX3,$AS$2,FALSE)*100 | AY4: =AY3+1 | AZ4: =SUM(AT2,AU2) | BA4: =AZ5-AZ4 | BB4: 12.814904 | BC4: =Sheet1!N48 | BE4: =Sheet1!O48 | BF4: chances | BJ4: no. of goals | BK4: =BE4 | BL4: 0 | BM4: =BL4+1 | BN4: =BM4+1 | BO4: =BN4+1 | BP4: =BO4+1 | BQ4: =BP4+1 | BS4: =POISSON(BS3,$BR$2,FALSE)*100 | BT4: =POISSON(BT3,$BR$2,FALSE)*100 | BU4: =POISSON(BU3,$BR$2,FALSE)*100 | BV4: =POISSON(BV3,$BR$2,FALSE)*100 | BW4: =POISSON(BW3,$BR$2,FALSE)*100 | BX4: =BX3+1 | BY4: =SUM(BS2,BT2) | BZ4: =BY5-BY4 | CA4: =BZ4-BZ5 | CB4: =Sheet1!R48 | CD4: =Sheet1!S48 | CE4: chances | CI4: no. of goals | CJ4: =CD4 | CK4: 0 | CL4: =CK4+1 | CM4: =CL4+1 | CN4: =CM4+1 | CO4: =CN4+1 | CP4: =CO4+1 | CR4: =POISSON(CR3,$CQ$2,FALSE)*100 | CS4: =POISSON(CS3,$CQ$2,FALSE)*100 | CT4: =POISSON(CT3,$CQ$2,FALSE)*100 | CU4: =POISSON(CU3,$CQ$2,FALSE)*100 | CV4: =POISSON(CV3,$CQ$2,FALSE)*100 | CW4: =CW3+1 | CX4: =SUM(CR2,CS2) | CY4: =CX5-CX4 | CZ4: =CY4-CY5 | DA4: =Sheet1!V48 | DC4: =Sheet1!W48 | DD4: chances | DH4: no. of goals | DI4: =DC4 | DJ4: 0 | DK4: =DJ4+1 | DL4: =DK4+1 | DM4: =DL4+1 | DN4: =DM4+1 | DO4: =DN4+1 | DQ4: =POISSON(DQ3,$DP$2,FALSE)*100 | DR4: =POISSON(DR3,$DP$2,FALSE)*100 | DS4: =POISSON(DS3,$DP$2,FALSE)*100 | DT4: =POISSON(DT3,$DP$2,FALSE)*100 | DU4: =POISSON(DU3,$DP$2,FALSE)*100 | DV4: =DV3+1 | DW4: =SUM(DQ2,DR2) | DX4: =DW5-DW4 | DY4: =DX4-DX5
B5: 1 | C5: =Sheet1!F52 | D5: =Sheet1!G52 | E5: 0 | F5: : | G5: 0 | H5: =POISSON(E5,$C$5,FALSE)*POISSON(G5,$D$5,FALSE)*100 | I5: =RANK(H5,$H$5:$H$36,0) | J5: =IF(J24="away",J19-(J23*3),IF(J24="home",J19-(J22*3),J19)) | L5: =E4 | M5: probablity | N5: =POISSON(N4,$D$5,FALSE) | O5: =POISSON(O4,$D$5,FALSE) | P5: =POISSON(P4,$D$5,FALSE) | Q5: =POISSON(Q4,$D$5,FALSE) | R5: =POISSON(R4,$D$5,FALSE) | S5: =POISSON(S4,$D$5,FALSE) | W5: under | X5: over | Z5: =Z4+1 | AA5: =SUM(U2,V2,W2) | AB5: =AA6-AA5 | AC5: 7.47612 | AD5: 0 | AE5: =AD5+AF5 | AF5: 0 | AG5: =POISSON(AD5,$C$6,FALSE)*POISSON(AF5,$D$6,FALSE)*100 | AH5: =RANK(AG5,$AG$5:$AG$36,0) | AI5: =IF(AI24="away",AI19-(AI23*3),IF(AI24="home",AI19-(AI22*3),AI19)) | AK5: =AD4 | AL5: probablity | AM5: =POISSON(AM4,$D$6,FALSE) | AN5: =POISSON(AN4,$D$6,FALSE) | AO5: =POISSON(AO4,$D$6,FALSE) | AP5: =POISSON(AP4,$D$6,FALSE) | AQ5: =POISSON(AQ4,$D$6,FALSE) | AR5: =POISSON(AR4,$D$6,FALSE) | AV5: under | AW5: over | AY5: =AY4+1 | AZ5: =SUM(AT2,AU2,AV2) | BA5: =AZ6-AZ5 | BB5: 7.47612 | BC5: 0 | BD5: : | BE5: 0 | BF5: =POISSON(BC5,$C$7,FALSE)*POISSON(BE5,$D$7,FALSE)*100 | BG5: =RANK(BF5,$BF$5:$BF$36,0) | BH5: =IF(BH24="away",BH19-(BH23*3),IF(BH24="home",BH19-(BH22*3),BH19)) | BJ5: =BC4 | BK5: probablity | BL5: =POISSON(BL4,$D$7,FALSE) | BM5: =POISSON(BM4,$D$7,FALSE) | BN5: =POISSON(BN4,$D$7,FALSE) | BO5: =POISSON(BO4,$D$7,FALSE) | BP5: =POISSON(BP4,$D$7,FALSE) | BQ5: =POISSON(BQ4,$D$7,FALSE) | BU5: under | BV5: over | BX5: =BX4+1 | BY5: =SUM(BS2,BT2,BU2) | BZ5: =BY6-BY5 | CA5: =BZ5-BZ6 | CB5: 0 | CC5: : | CD5: 0 | CE5: =POISSON(CB5,$C$8,FALSE)*POISSON(CD5,$D$8,FALSE)*100 | CF5: =RANK(CE5,$CE$5:$CE$36,0) | CG5: =IF(CG24="away",CG19-(CG23*3),IF(CG24="home",CG19-(CG22*3),CG19)) | CI5: =CB4 | CJ5: probablity | CK5: =POISSON(CK4,$D$8,FALSE) | CL5: =POISSON(CL4,$D$8,FALSE) | CM5: =POISSON(CM4,$D$8,FALSE) | CN5: =POISSON(CN4,$D$8,FALSE) | CO5: =POISSON(CO4,$D$8,FALSE) | CP5: =POISSON(CP4,$D$8,FALSE) | CT5: under | CU5: over | CW5: =CW4+1 | CX5: =SUM(CR2,CS2,CT2) | CY5: =CX6-CX5 | CZ5: =CY5-CY6 | DA5: 0 | DB5: : | DC5: 0 | DD5: =POISSON(DA5,$C$9,FALSE)*POISSON(DC5,$D$9,FALSE)*100 | DE5: =RANK(DD5,$DD$5:$DD$36,0) | DF5: =IF(DF24="away",DF19-(DF23*3),IF(DF24="home",DF19-(DF22*3),DF19)) | DH5: =DA4 | DI5: probablity | DJ5: =POISSON(DJ4,$D$9,FALSE) | DK5: =POISSON(DK4,$D$9,FALSE) | DL5: =POISSON(DL4,$D$9,FALSE) | DM5: =POISSON(DM4,$D$9,FALSE) | DN5: =POISSON(DN4,$D$9,FALSE) | DO5: =POISSON(DO4,$D$9,FALSE) | DS5: under | DT5: over | DV5: =DV4+1 | DW5: =SUM(DQ2,DR2,DS2) | DX5: =DW6-DW5 | DY5: =DX5-DX6
B6: =B5+1 | C6: =Sheet1!J52 | D6: =Sheet1!K52 | E6: 0 | F6: : | G6: 1 | H6: =POISSON(E6,$C$5,FALSE)*POISSON(G6,$D$5,FALSE)*100 | I6: =RANK(H6,$H$5:$H$36,0) | J6: =IF(I5=1,"draw",IF(I6=1,"away",IF(I7=1,"draw 1-1",IF(I8=1,"home",IF(I9=1,"away 0-2",IF(I10=1,"away 1-2",IF(I11=1,"home 2-1","rountime"))))))) | K6: =IF(OR(J6="away",J6="home",J6="draw"),"small",IF(OR(J6="away",J6="home",J6="draw",J6="draw 1-1",J6="away 0-2"),"under",IF(J6="rountime","RT",0))) | L6: 0 | M6: =POISSON(L6,$C$5,FALSE) | N6: =$N$5*M6 | O6: =$O$5*M6 | P6: =$P$5*M6 | Q6: =$Q$5*M6 | R6: =$R$5*M6 | S6: =$S$5*M6 | T6: =SUM(R6:S9,S10,Q6,Q7,Q8,P7,P6,O6)*100 | V6: 0.5 | W6: =N6 | X6: =(Y6-W6) | Y6: =SUM(N6:S11) | Z6: =Z5+1 | AA6: =SUM(U2,V2,W2,X2) | AB6: =AA7-AA6 | AC6: =IF(AND(AC4>AC3,AC5),2.5,IF(AND(AC3>AC4,AC5),1.5,IF(AND(AC5>AC3,AC4),3.5))) | AD6: 0 | AE6: =AD6+AF6 | AF6: 1 | AG6: =POISSON(AD6,$C$6,FALSE)*POISSON(AF6,$D$6,FALSE)*100 | AH6: =RANK(AG6,$AG$5:$AG$36,0) | AI6: =IF(AH5=1,"draw",IF(AH6=1,"away",IF(AH7=1,"draw 1-1",IF(AH8=1,"home",IF(AH9=1,"away 0-2",IF(AH10=1,"away 1-2",IF(AH11=1,"home 2-1","rountime"))))))) | AJ6: =IF(OR(AI6="away",AI6="home",AI6="draw"),"small",IF(OR(AI6="away",AI6="home",AI6="draw",AI6="draw 1-1",AI6="away 0-2"),"under",IF(AI6="rountime","RT",0))) | AK6: 0 | AL6: =POISSON(AK6,$C$6,FALSE) | AM6: =$AM$5*AL6 | AN6: =$AN$5*AL6 | AO6: =$AO$5*AL6 | AP6: =$AP$5*AL6 | AQ6: =$AQ$5*AL6 | AR6: =$AR$5*AL6 | AS6: =SUM(AQ6:AR9,AR10,AP6,AP7,AP8,AO7,AO6,AN6)*100 | AU6: 0.5 | AV6: =AM6 | AW6: =(AX6-AV6) | AX6: =SUM(AM6:AR11) | AY6: =AY5+1 | AZ6: =SUM(AT2,AU2,AV2,AW2) | BA6: =AZ7-AZ6 | BB6: =IF(AND(BB4>BB3,BB5),2.5,IF(AND(BB3>BB4,BB5),1.5,IF(AND(BB5>BB3,BB4),3.5))) | BC6: 0 | BD6: : | BE6: 1 | BF6: =POISSON(BC6,$C$7,FALSE)*POISSON(BE6,$D$7,FALSE)*100 | BG6: =RANK(BF6,$BF$5:$BF$36,0) | BH6: =IF(BG5=1,"draw",IF(BG6=1,"away",IF(BG7=1,"draw 1-1",IF(BG8=1,"home",IF(BG9=1,"away 0-2",IF(BG10=1,"away 1-2",IF(BG11=1,"home 2-1","rountime"))))))) | BI6: =IF(OR(BH6="away",BH6="home",BH6="draw"),"small",IF(OR(BH6="away",BH6="home",BH6="draw",BH6="draw 1-1",BH6="away 0-2"),"under",IF(BH6="rountime","RT",0))) | BJ6: 0 | BK6: =POISSON(BJ6,$C$7,FALSE) | BL6: =$BL$5*BK6 | BM6: =$BM$5*BK6 | BN6: =$BN$5*BK6 | BO6: =$BO$5*BK6 | BP6: =$BP$5*BK6 | BQ6: =$BQ$5*BK6 | BR6: =SUM(BP6:BQ9,BQ10,BO6,BO7,BO8,BN7,BN6,BM6)*100 | BT6: 0.5 | BU6: =BL6 | BV6: =(BW6-BU6) | BW6: =SUM(BL6:BQ11) | BX6: =BX5+1 | BY6: =SUM(BS2,BT2,BU2,BV2) | BZ6: =BY7-BY6 | CA6: =IF(AND(CA4>CA3,CA5),2.5,IF(AND(CA3>CA4,CA5),1.5,IF(AND(CA5>CA3,CA4),3.5))) | CB6: 0 | CC6: : | CD6: 1 | CE6: =POISSON(CB6,$C$8,FALSE)*POISSON(CD6,$D$8,FALSE)*100 | CF6: =RANK(CE6,$CE$5:$CE$36,0) | CG6: =IF(CF5=1,"draw",IF(CF6=1,"away",IF(CF7=1,"draw 1-1",IF(CF8=1,"home",IF(CF9=1,"away 0-2",IF(CF10=1,"away 1-2",IF(CF11=1,"home 2-1","rountime"))))))) | CH6: =IF(OR(CG6="away",CG6="home",CG6="draw"),"small",IF(OR(CG6="away",CG6="home",CG6="draw",CG6="draw 1-1",CG6="away 0-2"),"under",IF(CG6="rountime","RT",0))) | CI6: 0 | CJ6: =POISSON(CI6,$C$8,FALSE) | CK6: =$CK$5*CJ6 | CL6: =$CL$5*CJ6 | CM6: =$CM$5*CJ6 | CN6: =$CN$5*CJ6 | CO6: =$CO$5*CJ6 | CP6: =$CP$5*CJ6 | CQ6: =SUM(CO6:CP9,CP10,CN6,CN7,CN8,CM7,CM6,CL6)*100 | CS6: 0.5 | CT6: =CK6 | CU6: =(CV6-CT6) | CV6: =SUM(CK6:CP11) | CW6: =CW5+1 | CX6: =SUM(CR2,CS2,CT2,CU2) | CY6: =CX7-CX6 | CZ6: =IF(AND(CZ4>CZ3,CZ5),2.5,IF(AND(CZ3>CZ4,CZ5),1.5,IF(AND(CZ5>CZ3,CZ4),3.5))) | DA6: 0 | DB6: : | DC6: 1 | DD6: =POISSON(DA6,$C$9,FALSE)*POISSON(DC6,$D$9,FALSE)*100 | DE6: =RANK(DD6,$DD$5:$DD$36,0) | DF6: =IF(DE5=1,"draw",IF(DE6=1,"away",IF(DE7=1,"draw 1-1",IF(DE8=1,"home",IF(DE9=1,"away 0-2",IF(DE10=1,"away 1-2",IF(DE11=1,"home 2-1","rountime"))))))) | DG6: =IF(OR(DF6="away",DF6="home",DF6="draw"),"small",IF(OR(DF6="away",DF6="home",DF6="draw",DF6="draw 1-1",DF6="away 0-2"),"under",IF(DF6="rountime","RT",0))) | DH6: 0 | DI6: =POISSON(DH6,$C$9,FALSE) | DJ6: =$DJ$5*DI6 | DK6: =$DK$5*DI6 | DL6: =$DL$5*DI6 | DM6: =$DM$5*DI6 | DN6: =$DN$5*DI6 | DO6: =$DO$5*DI6 | DP6: =SUM(DN6:DO9,DO10,DM6,DM7,DM8,DL7,DL6,DK6)*100 | DR6: 0.5 | DS6: =DJ6 | DT6: =(DU6-DS6) | DU6: =SUM(DJ6:DO11) | DV6: =DV5+1 | DW6: =SUM(DQ2,DR2,DS2,DT2) | DX6: =DW7-DW6 | DY6: =IF(AND(DY4>DY3,DY5),2.5,IF(AND(DY3>DY4,DY5),1.5,IF(AND(DY5>DY3,DY4),3.5)))
B7: =B6+1 | C7: =Sheet1!N52 | D7: =Sheet1!O52 | E7: 1 | F7: : | G7: 1 | H7: =POISSON(E7,$C$5,FALSE)*POISSON(G7,$D$5,FALSE)*100 | I7: =RANK(H7,$H$5:$H$36,0) | J7: =IF(I5=2,"draw",IF(I6=2,"away",IF(I7=2,"draw 1-1",IF(I8=2,"home",IF(I9=2,"away 0-2",IF(I10=2,"away 1-2",IF(I11=2,"home 2-1","rountime"))))))) | K7: =IF(OR(J7="away",J7="home",J7="draw"),"small",IF(OR(J7="away",J7="home",J7="draw",J7="draw 1-1",J7="away 0-2"),"under",IF(J7="rountime","RT",0))) | L7: =L6+1 | M7: =POISSON(L7,$C$5,FALSE) | N7: =$N$5*M7 | O7: =$O$5*M7 | P7: =$P$5*M7 | Q7: =$Q$5*M7 | R7: =$R$5*M7 | S7: =$S$5*M7 | V7: =V6+1 | W7: =SUM(N6,O6,N7) | X7: =(Y6-W7) | Z7: =Z6+1 | AA7: =SUM(U2,V2,W2,X2,Y2) | AC7: =IF(AC6=AC44,AC6+1,AC6+AC44+0.5) | AD7: 1 | AE7: =AD7+AF7 | AF7: 1 | AG7: =POISSON(AD7,$C$6,FALSE)*POISSON(AF7,$D$6,FALSE)*100 | AH7: =RANK(AG7,$AG$5:$AG$36,0) | AI7: =IF(AH5=2,"draw",IF(AH6=2,"away",IF(AH7=2,"draw 1-1",IF(AH8=2,"home",IF(AH9=2,"away 0-2",IF(AH10=2,"away 1-2",IF(AH11=2,"home 2-1","rountime"))))))) | AJ7: =IF(OR(AI7="away",AI7="home",AI7="draw"),"small",IF(OR(AI7="away",AI7="home",AI7="draw",AI7="draw 1-1",AI7="away 0-2"),"under",IF(AI7="rountime","RT",0))) | AK7: =AK6+1 | AL7: =POISSON(AK7,$C$6,FALSE) | AM7: =$AM$5*AL7 | AN7: =$AN$5*AL7 | AO7: =$AO$5*AL7 | AP7: =$AP$5*AL7 | AQ7: =$AQ$5*AL7 | AR7: =$AR$5*AL7 | AU7: =AU6+1 | AV7: =SUM(AM6,AN6,AM7) | AW7: =(AX6-AV7) | AY7: =AY6+1 | AZ7: =SUM(AT2,AU2,AV2,AW2,AX2) | BB7: =IF(BB6=BB44,BB6+1,BB6+BB44+0.5) | BC7: 1 | BD7: : | BE7: 1 | BF7: =POISSON(BC7,$C$7,FALSE)*POISSON(BE7,$D$7,FALSE)*100 | BG7: =RANK(BF7,$BF$5:$BF$36,0) | BH7: =IF(BG5=2,"draw",IF(BG6=2,"away",IF(BG7=2,"draw 1-1",IF(BG8=2,"home",IF(BG9=2,"away 0-2",IF(BG10=2,"away 1-2",IF(BG11=2,"home 2-1","rountime"))))))) | BI7: =IF(OR(BH7="away",BH7="home",BH7="draw"),"small",IF(OR(BH7="away",BH7="home",BH7="draw",BH7="draw 1-1",BH7="away 0-2"),"under",IF(BH7="rountime","RT",0))) | BJ7: =BJ6+1 | BK7: =POISSON(BJ7,$C$7,FALSE) | BL7: =$BL$5*BK7 | BM7: =$BM$5*BK7 | BN7: =$BN$5*BK7 | BO7: =$BO$5*BK7 | BP7: =$BP$5*BK7 | BQ7: =$BQ$5*BK7 | BT7: =BT6+1 | BU7: =SUM(BL6,BM6,BL7) | BV7: =(BW6-BU7) | BX7: =BX6+1 | BY7: =SUM(BS2,BT2,BU2,BV2,BW2) | CA7: =IF(CA6=CA44,CA6+1,CA6+CA44+0.5) | CB7: 1 | CC7: : | CD7: 1 | CE7: =POISSON(CB7,$C$8,FALSE)*POISSON(CD7,$D$8,FALSE)*100 | CF7: =RANK(CE7,$CE$5:$CE$36,0) | CG7: =IF(CF5=2,"draw",IF(CF6=2,"away",IF(CF7=2,"draw 1-1",IF(CF8=2,"home",IF(CF9=2,"away 0-2",IF(CF10=2,"away 1-2",IF(CF11=2,"home 2-1","rountime"))))))) | CH7: =IF(OR(CG7="away",CG7="home",CG7="draw"),"small",IF(OR(CG7="away",CG7="home",CG7="draw",CG7="draw 1-1",CG7="away 0-2"),"under",IF(CG7="rountime","RT",0))) | CI7: =CI6+1 | CJ7: =POISSON(CI7,$C$8,FALSE) | CK7: =$CK$5*CJ7 | CL7: =$CL$5*CJ7 | CM7: =$CM$5*CJ7 | CN7: =$CN$5*CJ7 | CO7: =$CO$5*CJ7 | CP7: =$CP$5*CJ7 | CS7: =CS6+1 | CT7: =SUM(CK6,CL6,CK7) | CU7: =(CV6-CT7) | CW7: =CW6+1 | CX7: =SUM(CR2,CS2,CT2,CU2,CV2) | CZ7: =IF(CZ6=CZ44,CZ6+1,CZ6+CZ44+0.5) | DA7: 1 | DB7: : | DC7: 1 | DD7: =POISSON(DA7,$C$9,FALSE)*POISSON(DC7,$D$9,FALSE)*100 | DE7: =RANK(DD7,$DD$5:$DD$36,0) | DF7: =IF(DE5=2,"draw",IF(DE6=2,"away",IF(DE7=2,"draw 1-1",IF(DE8=2,"home",IF(DE9=2,"away 0-2",IF(DE10=2,"away 1-2",IF(DE11=2,"home 2-1","rountime"))))))) | DG7: =IF(OR(DF7="away",DF7="home",DF7="draw"),"small",IF(OR(DF7="away",DF7="home",DF7="draw",DF7="draw 1-1",DF7="away 0-2"),"under",IF(DF7="rountime","RT",0))) | DH7: =DH6+1 | DI7: =POISSON(DH7,$C$9,FALSE) | DJ7: =$DJ$5*DI7 | DK7: =$DK$5*DI7 | DL7: =$DL$5*DI7 | DM7: =$DM$5*DI7 | DN7: =$DN$5*DI7 | DO7: =$DO$5*DI7 | DR7: =DR6+1 | DS7: =SUM(DJ6,DK6,DJ7) | DT7: =(DU6-DS7) | DV7: =DV6+1 | DW7: =SUM(DQ2,DR2,DS2,DT2,DU2) | DY7: =IF(DY6=DY44,DY6+1,DY6+DY44+0.5)
B8: =B7+1 | C8: =Sheet1!R52 | D8: =Sheet1!S52 | E8: 1 | F8: : | G8: 0 | H8: =POISSON(E8,$C$5,FALSE)*POISSON(G8,$D$5,FALSE)*100 | I8: =RANK(H8,$H$5:$H$36,0) | J8: =IF(I5=3,"draw",IF(I6=3,"away",IF(I7=3,"draw 1-1",IF(I8=3,"home",IF(I9=3,"away 0-2",IF(I10=3,"away 1-2",IF(I11=3,"home 2-1","rountime"))))))) | K8: =IF(OR(J8="away",J8="home",J8="draw"),"small",IF(OR(J8="away",J8="home",J8="draw",J8="draw 1-1",J8="away 0-2"),"under",IF(J8="rountime","RT",0))) | L8: =L7+1 | M8: =POISSON(L8,$C$5,FALSE) | N8: =$N$5*M8 | O8: =$O$5*M8 | P8: =$P$5*M8 | Q8: =$Q$5*M8 | R8: =$R$5*M8 | S8: =$S$5*M8 | T8: =IF(T2<0.6,"low",IF(T2<1.38,"medium","high")) | V8: =V7+1 | W8: =SUM(N6,O6,P6,N7,N8,O7) | X8: =(Y6-W8) | Y8: =(X6/$Y$16)*100 | Z8: remain | AA8: =Z2-AA7 | AB8: =IF(AA9<0.6,"Under",IF(AA9<0.9,"under+",IF(AND(AA8<0.9,AA9>1,AA9<2.9),"under",IF(AND(AA8<1.5,AA9>0.9,AA9<1.75),"under+","over")))) | AC8: =AVERAGE(AC6,AC7,AC44)+0.666667 | AD8: 1 | AE8: =AD8+AF8 | AF8: 0 | AG8: =POISSON(AD8,$C$6,FALSE)*POISSON(AF8,$D$6,FALSE)*100 | AH8: =RANK(AG8,$AG$5:$AG$36,0) | AI8: =IF(AH5=3,"draw",IF(AH6=3,"away",IF(AH7=3,"draw 1-1",IF(AH8=3,"home",IF(AH9=3,"away 0-2",IF(AH10=3,"away 1-2",IF(AH11=3,"home 2-1","rountime"))))))) | AJ8: =IF(OR(AI8="away",AI8="home",AI8="draw"),"small",IF(OR(AI8="away",AI8="home",AI8="draw",AI8="draw 1-1",AI8="away 0-2"),"under",IF(AI8="rountime","RT",0))) | AK8: =AK7+1 | AL8: =POISSON(AK8,$C$6,FALSE) | AM8: =$AM$5*AL8 | AN8: =$AN$5*AL8 | AO8: =$AO$5*AL8 | AP8: =$AP$5*AL8 | AQ8: =$AQ$5*AL8 | AR8: =$AR$5*AL8 | AS8: =IF(AS2<0.6,"low",IF(AS2<1.38,"medium","high")) | AU8: =AU7+1 | AV8: =SUM(AM6,AN6,AO6,AM7,AM8,AN7) | AW8: =(AX6-AV8) | AX8: =(AW6/$AX$16)*100 | AY8: remain | AZ8: =AY2-AZ7 | BA8: =IF(AZ9<0.6,"Under",IF(AZ9<0.9,"under+",IF(AND(AZ8<0.9,AZ9>1,AZ9<2.9),"under",IF(AND(AZ8<1.5,AZ9>0.9,AZ9<1.75),"under+","over")))) | BB8: =AVERAGE(BB6,BB7,BB44)+0.666667 | BC8: 1 | BD8: : | BE8: 0 | BF8: =POISSON(BC8,$C$7,FALSE)*POISSON(BE8,$D$7,FALSE)*100 | BG8: =RANK(BF8,$BF$5:$BF$36,0) | BH8: =IF(BG5=3,"draw",IF(BG6=3,"away",IF(BG7=3,"draw 1-1",IF(BG8=3,"home",IF(BG9=3,"away 0-2",IF(BG10=3,"away 1-2",IF(BG11=3,"home 2-1","rountime"))))))) | BI8: =IF(OR(BH8="away",BH8="home",BH8="draw"),"small",IF(OR(BH8="away",BH8="home",BH8="draw",BH8="draw 1-1",BH8="away 0-2"),"under",IF(BH8="rountime","RT",0))) | BJ8: =BJ7+1 | BK8: =POISSON(BJ8,$C$7,FALSE) | BL8: =$BL$5*BK8 | BM8: =$BM$5*BK8 | BN8: =$BN$5*BK8 | BO8: =$BO$5*BK8 | BP8: =$BP$5*BK8 | BQ8: =$BQ$5*BK8 | BR8: =IF(BR2<0.6,"low",IF(BR2<1.38,"medium","high")) | BT8: =BT7+1 | BU8: =SUM(BL6,BM6,BN6,BL7,BL8,BM7) | BV8: =(BW6-BU8) | BX8: remain | BY8: =BX2-BY7 | BZ8: =IF(BY9<0.6,"Under",IF(BY9<0.9,"under+",IF(AND(BY8<0.9,BY9>1,BY9<2.9),"under",IF(AND(BY8<1.5,BY9>0.9,BY9<1.75),"under+","over")))) | CA8: =AVERAGE(CA6,CA7,CA44)+0.666667 | CB8: 1 | CC8: : | CD8: 0 | CE8: =POISSON(CB8,$C$8,FALSE)*POISSON(CD8,$D$8,FALSE)*100 | CF8: =RANK(CE8,$CE$5:$CE$36,0) | CG8: =IF(CF5=3,"draw",IF(CF6=3,"away",IF(CF7=3,"draw 1-1",IF(CF8=3,"home",IF(CF9=3,"away 0-2",IF(CF10=3,"away 1-2",IF(CF11=3,"home 2-1","rountime"))))))) | CH8: =IF(OR(CG8="away",CG8="home",CG8="draw"),"small",IF(OR(CG8="away",CG8="home",CG8="draw",CG8="draw 1-1",CG8="away 0-2"),"under",IF(CG8="rountime","RT",0))) | CI8: =CI7+1 | CJ8: =POISSON(CI8,$C$8,FALSE) | CK8: =$CK$5*CJ8 | CL8: =$CL$5*CJ8 | CM8: =$CM$5*CJ8 | CN8: =$CN$5*CJ8 | CO8: =$CO$5*CJ8 | CP8: =$CP$5*CJ8 | CQ8: =IF(CQ2<0.6,"low",IF(CQ2<1.38,"medium","high")) | CS8: =CS7+1 | CT8: =SUM(CK6,CL6,CM6,CK7,CK8,CL7) | CU8: =(CV6-CT8) | CW8: remain | CX8: =CW2-CX7 | CY8: =IF(CX9<0.6,"Under",IF(CX9<0.9,"under+",IF(AND(CX8<0.9,CX9>1,CX9<2.9),"under",IF(AND(CX8<1.5,CX9>0.9,CX9<1.75),"under+","over")))) | CZ8: =AVERAGE(CZ6,CZ7,CZ44)+0.666667 | DA8: 1 | DB8: : | DC8: 0 | DD8: =POISSON(DA8,$C$9,FALSE)*POISSON(DC8,$D$9,FALSE)*100 | DE8: =RANK(DD8,$DD$5:$DD$36,0) | DF8: =IF(DE5=3,"draw",IF(DE6=3,"away",IF(DE7=3,"draw 1-1",IF(DE8=3,"home",IF(DE9=3,"away 0-2",IF(DE10=3,"away 1-2",IF(DE11=3,"home 2-1","rountime"))))))) | DG8: =IF(OR(DF8="away",DF8="home",DF8="draw"),"small",IF(OR(DF8="away",DF8="home",DF8="draw",DF8="draw 1-1",DF8="away 0-2"),"under",IF(DF8="rountime","RT",0))) | DH8: =DH7+1 | DI8: =POISSON(DH8,$C$9,FALSE) | DJ8: =$DJ$5*DI8 | DK8: =$DK$5*DI8 | DL8: =$DL$5*DI8 | DM8: =$DM$5*DI8 | DN8: =$DN$5*DI8 | DO8: =$DO$5*DI8 | DP8: =IF(DP2<0.6,"low",IF(DP2<1.38,"medium","high")) | DR8: =DR7+1 | DS8: =SUM(DJ6,DK6,DL6,DJ7,DJ8,DK7) | DT8: =(DU6-DS8) | DV8: remain | DW8: =DV2-DW7 | DX8: =IF(DW9<0.6,"Under",IF(DW9<0.9,"under+",IF(AND(DW8<0.9,DW9>1,DW9<2.9),"under",IF(AND(DW8<1.5,DW9>0.9,DW9<1.75),"under+","over")))) | DY8: =AVERAGE(DY6,DY7,DY44)+0.666667
B9: =B8+1 | C9: =Sheet1!V52 | D9: =Sheet1!W52 | E9: 0 | F9: : | G9: 2 | H9: =POISSON(E9,$C$5,FALSE)*POISSON(G9,$D$5,FALSE)*100 | I9: =RANK(H9,$H$5:$H$36,0) | J9: =IF(I5=4,"draw",IF(I6=4,"away",IF(I7=4,"draw 1-1",IF(I8=4,"home",IF(I9=4,"away 0-2",IF(I10=4,"away 1-2",IF(I11=4,"home 2-1","rountime"))))))) | K9: =IF(OR(J9="away",J9="home",J9="draw"),"small",IF(OR(J9="away",J9="home",J9="draw",J9="draw 1-1",J9="away 0-2"),"under",IF(J9="rountime","RT",0))) | L9: =L8+1 | M9: =POISSON(L9,$C$5,FALSE) | N9: =$N$5*M9 | O9: =$O$5*M9 | P9: =$P$5*M9 | Q9: =$Q$5*M9 | R9: =$R$5*M9 | S9: =$S$5*M9 | T9: =IF(W6>0.38,"u0.5",IF(W7>0.352,"U1.5",IF(W8>0.5885,"u2.5",IF(W9>0.6871,"U3.5",IF(W10>0.6993,"u4.5","Run"))))) | U9: =IF(X10>0.34,"O4.5",IF(X9>0.6155,"O3.5",IF(X8>0.5063,"O2.5",IF(X7>0.74,"O1.5",IF(X6>0.95,"O0.5","Run"))))) | V9: =V8+1 | W9: =SUM(N6,N7,O6,P6,O7,N8,N9,O8,P7,Q6) | X9: =(Y6-W9) | Y9: =(X7/$Y$16)*100 | AA9: =AA47 | AD9: 0 | AE9: =AD9+AF9 | AF9: 2 | AG9: =POISSON(AD9,$C$6,FALSE)*POISSON(AF9,$D$6,FALSE)*100 | AH9: =RANK(AG9,$AG$5:$AG$36,0) | AI9: =IF(AH5=4,"draw",IF(AH6=4,"away",IF(AH7=4,"draw 1-1",IF(AH8=4,"home",IF(AH9=4,"away 0-2",IF(AH10=4,"away 1-2",IF(AH11=4,"home 2-1","rountime"))))))) | AJ9: =IF(OR(AI9="away",AI9="home",AI9="draw"),"small",IF(OR(AI9="away",AI9="home",AI9="draw",AI9="draw 1-1",AI9="away 0-2"),"under",IF(AI9="rountime","RT",0))) | AK9: =AK8+1 | AL9: =POISSON(AK9,$C$6,FALSE) | AM9: =$AM$5*AL9 | AN9: =$AN$5*AL9 | AO9: =$AO$5*AL9 | AP9: =$AP$5*AL9 | AQ9: =$AQ$5*AL9 | AR9: =$AR$5*AL9 | AS9: =IF(AV6>0.38,"u0.5",IF(AV7>0.352,"U1.5",IF(AV8>0.5885,"u2.5",IF(AV9>0.6871,"U3.5",IF(AV10>0.6993,"u4.5","Run"))))) | AT9: =IF(AW10>0.34,"O4.5",IF(AW9>0.6155,"O3.5",IF(AW8>0.5063,"O2.5",IF(AW7>0.74,"O1.5",IF(AW6>0.95,"O0.5","Run"))))) | AU9: =AU8+1 | AV9: =SUM(AM6,AM7,AN6,AO6,AN7,AM8,AM9,AN8,AO7,AP6) | AW9: =(AX6-AV9) | AX9: =(AW7/$AX$16)*100 | AZ9: =AZ47 | BC9: 0 | BD9: : | BE9: 2 | BF9: =POISSON(BC9,$C$7,FALSE)*POISSON(BE9,$D$7,FALSE)*100 | BG9: =RANK(BF9,$BF$5:$BF$36,0) | BH9: =IF(BG5=4,"draw",IF(BG6=4,"away",IF(BG7=4,"draw 1-1",IF(BG8=4,"home",IF(BG9=4,"away 0-2",IF(BG10=4,"away 1-2",IF(BG11=4,"home 2-1","rountime"))))))) | BI9: =IF(OR(BH9="away",BH9="home",BH9="draw"),"small",IF(OR(BH9="away",BH9="home",BH9="draw",BH9="draw 1-1",BH9="away 0-2"),"under",IF(BH9="rountime","RT",0))) | BJ9: =BJ8+1 | BK9: =POISSON(BJ9,$C$7,FALSE) | BL9: =$BL$5*BK9 | BM9: =$BM$5*BK9 | BN9: =$BN$5*BK9 | BO9: =$BO$5*BK9 | BP9: =$BP$5*BK9 | BQ9: =$BQ$5*BK9 | BR9: =IF(BU6>0.38,"u0.5",IF(BU7>0.352,"U1.5",IF(BU8>0.5885,"u2.5",IF(BU9>0.6871,"U3.5",IF(BU10>0.6993,"u4.5","Run"))))) | BS9: =IF(BV10>0.34,"O4.5",IF(BV9>0.6155,"O3.5",IF(BV8>0.5063,"O2.5",IF(BV7>0.74,"O1.5",IF(BV6>0.95,"O0.5","Run"))))) | BT9: =BT8+1 | BU9: =SUM(BL6,BL7,BM6,BN6,BM7,BL8,BL9,BM8,BN7,BO6) | BV9: =(BW6-BU9) | BY9: =BY47 | CB9: 0 | CC9: : | CD9: 2 | CE9: =POISSON(CB9,$C$8,FALSE)*POISSON(CD9,$D$8,FALSE)*100 | CF9: =RANK(CE9,$CE$5:$CE$36,0) | CG9: =IF(CF5=4,"draw",IF(CF6=4,"away",IF(CF7=4,"draw 1-1",IF(CF8=4,"home",IF(CF9=4,"away 0-2",IF(CF10=4,"away 1-2",IF(CF11=4,"home 2-1","rountime"))))))) | CH9: =IF(OR(CG9="away",CG9="home",CG9="draw"),"small",IF(OR(CG9="away",CG9="home",CG9="draw",CG9="draw 1-1",CG9="away 0-2"),"under",IF(CG9="rountime","RT",0))) | CI9: =CI8+1 | CJ9: =POISSON(CI9,$C$8,FALSE) | CK9: =$CK$5*CJ9 | CL9: =$CL$5*CJ9 | CM9: =$CM$5*CJ9 | CN9: =$CN$5*CJ9 | CO9: =$CO$5*CJ9 | CP9: =$CP$5*CJ9 | CQ9: =IF(CT6>0.38,"u0.5",IF(CT7>0.352,"U1.5",IF(CT8>0.5885,"u2.5",IF(CT9>0.6871,"U3.5",IF(CT10>0.6993,"u4.5","Run"))))) | CR9: =IF(CU10>0.34,"O4.5",IF(CU9>0.6155,"O3.5",IF(CU8>0.5063,"O2.5",IF(CU7>0.74,"O1.5",IF(CU6>0.95,"O0.5","Run"))))) | CS9: =CS8+1 | CT9: =SUM(CK6,CK7,CL6,CM6,CL7,CK8,CK9,CL8,CM7,CN6) | CU9: =(CV6-CT9) | CX9: =CX47 | DA9: 0 | DB9: : | DC9: 2 | DD9: =POISSON(DA9,$C$9,FALSE)*POISSON(DC9,$D$9,FALSE)*100 | DE9: =RANK(DD9,$DD$5:$DD$36,0) | DF9: =IF(DE5=4,"draw",IF(DE6=4,"away",IF(DE7=4,"draw 1-1",IF(DE8=4,"home",IF(DE9=4,"away 0-2",IF(DE10=4,"away 1-2",IF(DE11=4,"home 2-1","rountime"))))))) | DG9: =IF(OR(DF9="away",DF9="home",DF9="draw"),"small",IF(OR(DF9="away",DF9="home",DF9="draw",DF9="draw 1-1",DF9="away 0-2"),"under",IF(DF9="rountime","RT",0))) | DH9: =DH8+1 | DI9: =POISSON(DH9,$C$9,FALSE) | DJ9: =$DJ$5*DI9 | DK9: =$DK$5*DI9 | DL9: =$DL$5*DI9 | DM9: =$DM$5*DI9 | DN9: =$DN$5*DI9 | DO9: =$DO$5*DI9 | DP9: =IF(DS6>0.38,"u0.5",IF(DS7>0.352,"U1.5",IF(DS8>0.5885,"u2.5",IF(DS9>0.6871,"U3.5",IF(DS10>0.6993,"u4.5","Run"))))) | DQ9: =IF(DT10>0.34,"O4.5",IF(DT9>0.6155,"O3.5",IF(DT8>0.5063,"O2.5",IF(DT7>0.74,"O1.5",IF(DT6>0.95,"O0.5","Run"))))) | DR9: =DR8+1 | DS9: =SUM(DJ6,DJ7,DK6,DL6,DK7,DJ8,DJ9,DK8,DL7,DM6) | DT9: =(DU6-DS9) | DW9: =DW47
C10: avrrage | D10: =Sheet1!E45 | E10: 1 | F10: : | G10: 2 | H10: =POISSON(E10,$C$5,FALSE)*POISSON(G10,$D$5,FALSE)*100 | I10: =RANK(H10,$H$5:$H$36,0) | J10: =IF(J6="draw",1,IF(J6="draw 1-1",1,IF(J6="home",2,IF(J6="home 2-1",2,IF(J6="away",3,IF(J6="away 1-2",3,IF(J6="away 0-2",3,0))))))) | K10: =COUNTIF(K6:K9,"small") | L10: =L9+1 | M10: =POISSON(L10,$C$5,FALSE) | N10: =$N$5*M10 | O10: =$O$5*M10 | P10: =$P$5*M10 | Q10: =$Q$5*M10 | R10: =$R$5*M10 | S10: =$S$5*M10 | T10: =IF(W6>0.4,"u0.5",IF(W7>0.52,"U1.5",IF(W8>0.721,"u2.5",IF(W9>0.79775,"U3.5",IF(W10>0.8165,"u4.5","Run"))))) | U10: =IF(X10>0.55,"O4.5",IF(X9>0.69775,"O3.5",IF(X8>0.7,"O2.5",IF(X7>0.79,"O1.5",IF(X6>0.92,"O0.5","Run"))))) | V10: =V9+1 | W10: =SUM(N6,N7,O6,P6,O7,N8,N9,O8,P7,Q6,R6,Q7,P8,O9,N10) | X10: =(Y6-W10) | Y10: =(X8/$Y$16)*100 | Z10: =Y8-U13 | AA10: =IF(Z10<0,1,0) | AD10: 1 | AE10: =AD10+AF10 | AF10: 2 | AG10: =POISSON(AD10,$C$6,FALSE)*POISSON(AF10,$D$6,FALSE)*100 | AH10: =RANK(AG10,$AG$5:$AG$36,0) | AI10: =IF(AI6="draw",1,IF(AI6="draw 1-1",1,IF(AI6="home",2,IF(AI6="home 2-1",2,IF(AI6="away",3,IF(AI6="away 1-2",3,IF(AI6="away 0-2",3,0))))))) | AJ10: =COUNTIF(AJ6:AJ9,"small") | AK10: =AK9+1 | AL10: =POISSON(AK10,$C$6,FALSE) | AM10: =$AM$5*AL10 | AN10: =$AN$5*AL10 | AO10: =$AO$5*AL10 | AP10: =$AP$5*AL10 | AQ10: =$AQ$5*AL10 | AR10: =$AR$5*AL10 | AS10: =IF(AV6>0.4,"u0.5",IF(AV7>0.52,"U1.5",IF(AV8>0.721,"u2.5",IF(AV9>0.79775,"U3.5",IF(AV10>0.8165,"u4.5","Run"))))) | AT10: =IF(AW10>0.55,"O4.5",IF(AW9>0.69775,"O3.5",IF(AW8>0.7,"O2.5",IF(AW7>0.79,"O1.5",IF(AW6>0.92,"O0.5","Run"))))) | AU10: =AU9+1 | AV10: =SUM(AM6,AM7,AN6,AO6,AN7,AM8,AM9,AN8,AO7,AP6,AQ6,AP7,AO8,AN9,AM10) | AW10: =(AX6-AV10) | AX10: =(AW8/$AX$16)*100 | AY10: =AX8-AT13 | AZ10: =IF(AY10<0,1,0) | BC10: 1 | BD10: : | BE10: 2 | BF10: =POISSON(BC10,$C$7,FALSE)*POISSON(BE10,$D$7,FALSE)*100 | BG10: =RANK(BF10,$BF$5:$BF$36,0) | BH10: =IF(BH6="draw",1,IF(BH6="draw 1-1",1,IF(BH6="home",2,IF(BH6="home 2-1",2,IF(BH6="away",3,IF(BH6="away 1-2",3,IF(BH6="away 0-2",3,0))))))) | BI10: =COUNTIF(BI6:BI9,"small") | BJ10: =BJ9+1 | BK10: =POISSON(BJ10,$C$7,FALSE) | BL10: =$BL$5*BK10 | BM10: =$BM$5*BK10 | BN10: =$BN$5*BK10 | BO10: =$BO$5*BK10 | BP10: =$BP$5*BK10 | BQ10: =$BQ$5*BK10 | BR10: =IF(BU6>0.4,"u0.5",IF(BU7>0.52,"U1.5",IF(BU8>0.721,"u2.5",IF(BU9>0.79775,"U3.5",IF(BU10>0.8165,"u4.5","Run"))))) | BS10: =IF(BV10>0.55,"O4.5",IF(BV9>0.69775,"O3.5",IF(BV8>0.7,"O2.5",IF(BV7>0.79,"O1.5",IF(BV6>0.92,"O0.5","Run"))))) | BT10: =BT9+1 | BU10: =SUM(BL6,BL7,BM6,BN6,BM7,BL8,BL9,BM8,BN7,BO6,BP6,BO7,BN8,BM9,BL10) | BV10: =(BW6-BU10) | CB10: 1 | CC10: : | CD10: 2 | CE10: =POISSON(CB10,$C$8,FALSE)*POISSON(CD10,$D$8,FALSE)*100 | CF10: =RANK(CE10,$CE$5:$CE$36,0) | CG10: =IF(CG6="draw",1,IF(CG6="draw 1-1",1,IF(CG6="home",2,IF(CG6="home 2-1",2,IF(CG6="away",3,IF(CG6="away 1-2",3,IF(CG6="away 0-2",3,0))))))) | CH10: =COUNTIF(CH6:CH9,"small") | CI10: =CI9+1 | CJ10: =POISSON(CI10,$C$8,FALSE) | CK10: =$CK$5*CJ10 | CL10: =$CL$5*CJ10 | CM10: =$CM$5*CJ10 | CN10: =$CN$5*CJ10 | CO10: =$CO$5*CJ10 | CP10: =$CP$5*CJ10 | CQ10: =IF(CT6>0.4,"u0.5",IF(CT7>0.52,"U1.5",IF(CT8>0.721,"u2.5",IF(CT9>0.79775,"U3.5",IF(CT10>0.8165,"u4.5","Run"))))) | CR10: =IF(CU10>0.55,"O4.5",IF(CU9>0.69775,"O3.5",IF(CU8>0.7,"O2.5",IF(CU7>0.79,"O1.5",IF(CU6>0.92,"O0.5","Run"))))) | CS10: =CS9+1 | CT10: =SUM(CK6,CK7,CL6,CM6,CL7,CK8,CK9,CL8,CM7,CN6,CO6,CN7,CM8,CL9,CK10) | CU10: =(CV6-CT10) | DA10: 1 | DB10: : | DC10: 2 | DD10: =POISSON(DA10,$C$9,FALSE)*POISSON(DC10,$D$9,FALSE)*100 | DE10: =RANK(DD10,$DD$5:$DD$36,0) | DF10: =IF(DF6="draw",1,IF(DF6="draw 1-1",1,IF(DF6="home",2,IF(DF6="home 2-1",2,IF(DF6="away",3,IF(DF6="away 1-2",3,IF(DF6="away 0-2",3,0))))))) | DG10: =COUNTIF(DG6:DG9,"small") | DH10: =DH9+1 | DI10: =POISSON(DH10,$C$9,FALSE) | DJ10: =$DJ$5*DI10 | DK10: =$DK$5*DI10 | DL10: =$DL$5*DI10 | DM10: =$DM$5*DI10 | DN10: =$DN$5*DI10 | DO10: =$DO$5*DI10 | DP10: =IF(DS6>0.4,"u0.5",IF(DS7>0.52,"U1.5",IF(DS8>0.721,"u2.5",IF(DS9>0.79775,"U3.5",IF(DS10>0.8165,"u4.5","Run"))))) | DQ10: =IF(DT10>0.55,"O4.5",IF(DT9>0.69775,"O3.5",IF(DT8>0.7,"O2.5",IF(DT7>0.79,"O1.5",IF(DT6>0.92,"O0.5","Run"))))) | DR10: =DR9+1 | DS10: =SUM(DJ6,DJ7,DK6,DL6,DK7,DJ8,DJ9,DK8,DL7,DM6,DN6,DM7,DL8,DK9,DJ10) | DT10: =(DU6-DS10)
D11: =IF(D10>1.28,"High scoring league",IF(D10<1.1,"low scoring","medium")) | E11: 2 | F11: : | G11: 1 | H11: =POISSON(E11,$C$5,FALSE)*POISSON(G11,$D$5,FALSE)*100 | I11: =RANK(H11,$H$5:$H$36,0) | J11: =IF(J7="draw",1,IF(J7="draw 1-1",1,IF(J7="home",2,IF(J7="home 2-1",2,IF(J7="away",3,IF(J7="away 1-2",3,IF(J7="away 0-2",3,0))))))) | K11: =COUNTIF(K6:K9,"under") | L11: =L10+1 | M11: =POISSON(L11,$C$5,FALSE) | N11: =$N$5*M11 | O11: =$O$5*M11 | P11: =$P$5*M11 | Q11: =$Q$5*M11 | R11: =$R$5*M11 | S11: =$S$5*M11 | V11: decision | W11: =IF(W6>0.46,"u0.5",IF(W7>0.688,"U1.5",IF(W8>0.855,"u2.5",IF(W9>0.908,"U3.5",IF(W10>0.93,"u4.5","Run"))))) | X11: =IF(X10>0.77,"O4.5",IF(X9>0.79,"O3.5",IF(X8>0.84,"O2.5",IF(X7>0.855,"O1.5",IF(X6>0.88,"O0.5","Run"))))) | Y11: =(X9/$Y$16)*100 | Z11: =Y9-U14 | AA11: =IF(Z11<0,1,0) | AD11: 2 | AE11: =AD11+AF11 | AF11: 1 | AG11: =POISSON(AD11,$C$6,FALSE)*POISSON(AF11,$D$6,FALSE)*100 | AH11: =RANK(AG11,$AG$5:$AG$36,0) | AI11: =IF(AI7="draw",1,IF(AI7="draw 1-1",1,IF(AI7="home",2,IF(AI7="home 2-1",2,IF(AI7="away",3,IF(AI7="away 1-2",3,IF(AI7="away 0-2",3,0))))))) | AJ11: =COUNTIF(AJ6:AJ9,"under") | AK11: =AK10+1 | AL11: =POISSON(AK11,$C$6,FALSE) | AM11: =$AM$5*AL11 | AN11: =$AN$5*AL11 | AO11: =$AO$5*AL11 | AP11: =$AP$5*AL11 | AQ11: =$AQ$5*AL11 | AR11: =$AR$5*AL11 | AU11: decision | AV11: =IF(AV6>0.46,"u0.5",IF(AV7>0.688,"U1.5",IF(AV8>0.855,"u2.5",IF(AV9>0.908,"U3.5",IF(AV10>0.93,"u4.5","Run"))))) | AW11: =IF(AW10>0.77,"O4.5",IF(AW9>0.79,"O3.5",IF(AW8>0.84,"O2.5",IF(AW7>0.855,"O1.5",IF(AW6>0.88,"O0.5","Run"))))) | AX11: =(AW9/$AX$16)*100 | AY11: =AX9-AT14 | AZ11: =IF(AY11<0,1,0) | BC11: 2 | BD11: : | BE11: 1 | BF11: =POISSON(BC11,$C$7,FALSE)*POISSON(BE11,$D$7,FALSE)*100 | BG11: =RANK(BF11,$BF$5:$BF$36,0) | BH11: =IF(BH7="draw",1,IF(BH7="draw 1-1",1,IF(BH7="home",2,IF(BH7="home 2-1",2,IF(BH7="away",3,IF(BH7="away 1-2",3,IF(BH7="away 0-2",3,0))))))) | BI11: =COUNTIF(BI6:BI9,"under") | BJ11: =BJ10+1 | BK11: =POISSON(BJ11,$C$7,FALSE) | BL11: =$BL$5*BK11 | BM11: =$BM$5*BK11 | BN11: =$BN$5*BK11 | BO11: =$BO$5*BK11 | BP11: =$BP$5*BK11 | BQ11: =$BQ$5*BK11 | BT11: decision | BU11: =IF(BU6>0.46,"u0.5",IF(BU7>0.688,"U1.5",IF(BU8>0.855,"u2.5",IF(BU9>0.908,"U3.5",IF(BU10>0.93,"u4.5","Run"))))) | BV11: =IF(BV10>0.77,"O4.5",IF(BV9>0.79,"O3.5",IF(BV8>0.84,"O2.5",IF(BV7>0.855,"O1.5",IF(BV6>0.88,"O0.5","Run"))))) | CB11: 2 | CC11: : | CD11: 1 | CE11: =POISSON(CB11,$C$8,FALSE)*POISSON(CD11,$D$8,FALSE)*100 | CF11: =RANK(CE11,$CE$5:$CE$36,0) | CG11: =IF(CG7="draw",1,IF(CG7="draw 1-1",1,IF(CG7="home",2,IF(CG7="home 2-1",2,IF(CG7="away",3,IF(CG7="away 1-2",3,IF(CG7="away 0-2",3,0))))))) | CH11: =COUNTIF(CH6:CH9,"under") | CI11: =CI10+1 | CJ11: =POISSON(CI11,$C$8,FALSE) | CK11: =$CK$5*CJ11 | CL11: =$CL$5*CJ11 | CM11: =$CM$5*CJ11 | CN11: =$CN$5*CJ11 | CO11: =$CO$5*CJ11 | CP11: =$CP$5*CJ11 | CS11: decision | CT11: =IF(CT6>0.46,"u0.5",IF(CT7>0.688,"U1.5",IF(CT8>0.855,"u2.5",IF(CT9>0.908,"U3.5",IF(CT10>0.93,"u4.5","Run"))))) | CU11: =IF(CU10>0.77,"O4.5",IF(CU9>0.79,"O3.5",IF(CU8>0.84,"O2.5",IF(CU7>0.855,"O1.5",IF(CU6>0.88,"O0.5","Run"))))) | DA11: 2 | DB11: : | DC11: 1 | DD11: =POISSON(DA11,$C$9,FALSE)*POISSON(DC11,$D$9,FALSE)*100 | DE11: =RANK(DD11,$DD$5:$DD$36,0) | DF11: =IF(DF7="draw",1,IF(DF7="draw 1-1",1,IF(DF7="home",2,IF(DF7="home 2-1",2,IF(DF7="away",3,IF(DF7="away 1-2",3,IF(DF7="away 0-2",3,0))))))) | DG11: =COUNTIF(DG6:DG9,"under") | DH11: =DH10+1 | DI11: =POISSON(DH11,$C$9,FALSE) | DJ11: =$DJ$5*DI11 | DK11: =$DK$5*DI11 | DL11: =$DL$5*DI11 | DM11: =$DM$5*DI11 | DN11: =$DN$5*DI11 | DO11: =$DO$5*DI11 | DR11: decision | DS11: =IF(DS6>0.46,"u0.5",IF(DS7>0.688,"U1.5",IF(DS8>0.855,"u2.5",IF(DS9>0.908,"U3.5",IF(DS10>0.93,"u4.5","Run"))))) | DT11: =IF(DT10>0.77,"O4.5",IF(DT9>0.79,"O3.5",IF(DT8>0.84,"O2.5",IF(DT7>0.855,"O1.5",IF(DT6>0.88,"O0.5","Run")))))
E12: 1 | F12: : | G12: 3 | H12: =POISSON(E12,$C$5,FALSE)*POISSON(G12,$D$5,FALSE)*100 | I12: =RANK(H12,$H$5:$H$36,0) | J12: =IF(J8="draw",1,IF(J8="draw 1-1",1,IF(J8="home",2,IF(J8="home 2-1",2,IF(J8="away",3,IF(J8="away 1-2",3,IF(J8="away 0-2",3,0))))))) | K12: =COUNTIF(K6:K9,"0") | M12: =IF(N12>0.9,"waw1",IF(N12>0.85,"waw",IF(N12>0.74,"high",IF(N12>0.64,"medium",IF(N12>0.54,"low",IF(N12<0,"win","off")))))) | N12: =CORREL(N6:S11,N44:S49) | O12: =IF(AND(M12="waw1",M13>0.8,OR(H39="high1",H39="high"),N13>0.489),"all met",IF(AND(M12="high",M13>0.8,N13>0.49,OR(H39="high",H39="high1")),"met","check")) | P12: =SUM(N6:S11) | Q12: =SUM(N8:O11,N7,P9,P10,P11,Q10,Q11,R11)*100 | T12: =SUM(N6,O7,P8,Q9,R10,S11)*100 | W12: YES | X12: NO | Y12: =(X10/$Y$16)*100 | Z12: =Y10-U15 | AA12: =IF(Z12<0,1,0) | AD12: 1 | AE12: =AD12+AF12 | AF12: 3 | AG12: =POISSON(AD12,$C$6,FALSE)*POISSON(AF12,$D$6,FALSE)*100 | AH12: =RANK(AG12,$AG$5:$AG$36,0) | AI12: =IF(AI8="draw",1,IF(AI8="draw 1-1",1,IF(AI8="home",2,IF(AI8="home 2-1",2,IF(AI8="away",3,IF(AI8="away 1-2",3,IF(AI8="away 0-2",3,0))))))) | AJ12: =COUNTIF(AJ6:AJ9,"0") | AL12: =IF(AM12>0.9,"waw1",IF(AM12>0.85,"waw",IF(AM12>0.74,"high",IF(AM12>0.64,"medium",IF(AM12>0.54,"low",IF(AM12<0,"win","off")))))) | AM12: =CORREL(AM6:AR11,AM44:AR49) | AN12: =IF(AND(AL12="waw1",AL13>0.8,OR(AG39="high1",AG39="high"),AM13>0.489),"all met",IF(AND(AL12="high",AL13>0.8,AM13>0.49,OR(AG39="high",AG39="high1")),"met","check")) | AP12: =SUM(AM8:AN11,AM7,AO9,AO10,AO11,AP10,AP11,AQ11)*100 | AS12: =SUM(AM6,AN7,AO8,AP9,AQ10,AR11)*100 | AV12: YES | AW12: NO | AX12: =(AW10/$AX$16)*100 | AY12: =AX10-AT15 | AZ12: =IF(AY12<0,1,0) | BC12: 1 | BD12: : | BE12: 3 | BF12: =POISSON(BC12,$C$7,FALSE)*POISSON(BE12,$D$7,FALSE)*100 | BG12: =RANK(BF12,$BF$5:$BF$36,0) | BH12: =IF(BH8="draw",1,IF(BH8="draw 1-1",1,IF(BH8="home",2,IF(BH8="home 2-1",2,IF(BH8="away",3,IF(BH8="away 1-2",3,IF(BH8="away 0-2",3,0))))))) | BI12: =COUNTIF(BI6:BI9,"0") | BK12: =IF(BL12>0.9,"waw1",IF(BL12>0.85,"waw",IF(BL12>0.74,"high",IF(BL12>0.64,"medium",IF(BL12>0.54,"low",IF(BL12<0,"win","off")))))) | BL12: =CORREL(BL6:BQ11,BL44:BQ49) | BM12: =IF(AND(BK12="waw1",BK13>0.8,OR(BF39="high1",BF39="high"),BL13>0.489),"all met",IF(AND(BK12="high",BK13>0.8,BL13>0.49,OR(BF39="high",BF39="high1")),"met","check")) | BO12: =SUM(BL8:BM11,BL7,BN9,BN10,BN11,BO10,BO11,BP11)*100 | BR12: =SUM(BL6,BM7,BN8,BO9,BP10,BQ11)*100 | BU12: YES | BV12: NO | CB12: 1 | CC12: : | CD12: 3 | CE12: =POISSON(CB12,$C$8,FALSE)*POISSON(CD12,$D$8,FALSE)*100 | CF12: =RANK(CE12,$CE$5:$CE$36,0) | CG12: =IF(CG8="draw",1,IF(CG8="draw 1-1",1,IF(CG8="home",2,IF(CG8="home 2-1",2,IF(CG8="away",3,IF(CG8="away 1-2",3,IF(CG8="away 0-2",3,0))))))) | CH12: =COUNTIF(CH6:CH9,"0") | CJ12: =IF(CK12>0.9,"waw1",IF(CK12>0.85,"waw",IF(CK12>0.74,"high",IF(CK12>0.64,"medium",IF(CK12>0.54,"low",IF(CK12<0,"win","off")))))) | CK12: =CORREL(CK6:CP11,CK44:CP49) | CL12: =IF(AND(CJ12="waw1",CJ13>0.8,OR(CE39="high1",CE39="high"),CK13>0.489),"all met",IF(AND(CJ12="high",CJ13>0.8,CK13>0.49,OR(CE39="high",CE39="high1")),"met","check")) | CN12: =SUM(CK8:CL11,CK7,CM9,CM10,CM11,CN10,CN11,CO11)*100 | CQ12: =SUM(CK6,CL7,CM8,CN9,CO10,CP11)*100 | CT12: YES | CU12: NO | DA12: 1 | DB12: : | DC12: 3 | DD12: =POISSON(DA12,$C$9,FALSE)*POISSON(DC12,$D$9,FALSE)*100 | DE12: =RANK(DD12,$DD$5:$DD$36,0) | DF12: =IF(DF8="draw",1,IF(DF8="draw 1-1",1,IF(DF8="home",2,IF(DF8="home 2-1",2,IF(DF8="away",3,IF(DF8="away 1-2",3,IF(DF8="away 0-2",3,0))))))) | DG12: =COUNTIF(DG6:DG9,"0") | DI12: =IF(DJ12>0.9,"waw1",IF(DJ12>0.85,"waw",IF(DJ12>0.74,"high",IF(DJ12>0.64,"medium",IF(DJ12>0.54,"low",IF(DJ12<0,"win","off")))))) | DJ12: =CORREL(DJ6:DO11,DJ44:DO49) | DK12: =IF(AND(DI12="waw1",DI13>0.8,OR(DD39="high1",DD39="high"),DJ13>0.489),"all met",IF(AND(DI12="high",DI13>0.8,DJ13>0.49,OR(DD39="high",DD39="high1")),"met","check")) | DM12: =SUM(DJ8:DK11,DJ7,DL9,DL10,DL11,DM10,DM11,DN11)*100 | DP12: =SUM(DJ6,DK7,DL8,DM9,DN10,DO11)*100 | DS12: YES | DT12: NO
C13: home | D13: away | E13: 2 | F13: : | G13: 2 | H13: =POISSON(E13,$C$5,FALSE)*POISSON(G13,$D$5,FALSE)*100 | I13: =RANK(H13,$H$5:$H$36,0) | J13: =IF(J9="draw",1,IF(J9="draw 1-1",1,IF(J9="home",2,IF(J9="home 2-1",2,IF(J9="away",3,IF(J9="away 1-2",3,IF(J9="away 0-2",3,0))))))) | K13: =COUNTIF(K6:K9,"rt") | M13: =CORREL(M6:M11,N5:S5) | N13: =TTEST(N6:S11,N44:S49,1,2) | O13: =ABS(M13-N12) | P13: decision | Q13: =IF(Q12>75,"1",IF(Q12>54,"1X",IF(Q12>49,"Hadicap 2H",IF(T6>75,"2",IF(T6>54,"X2",IF(T6>49,"Handiap 2A",IF(T12>75,"X",IF(T12>60,"likely X",IF(T12<13,"12","don’t choose"))))))))) | R13: =IF(AND(Q13="don’t choose",Q51="don’t choose"),"+1","") | U13: =(W6/$Y$16)*100 | V13: BTS | W13: =SUM(O7:S11) | X13: =SUM(N6:S6,N7:N11) | Z13: =Y11-U16 | AA13: =IF(Z13<0,1,0) | AD13: 2 | AE13: =AD13+AF13 | AF13: 2 | AG13: =POISSON(AD13,$C$6,FALSE)*POISSON(AF13,$D$6,FALSE)*100 | AH13: =RANK(AG13,$AG$5:$AG$36,0) | AI13: =IF(AI9="draw",1,IF(AI9="draw 1-1",1,IF(AI9="home",2,IF(AI9="home 2-1",2,IF(AI9="away",3,IF(AI9="away 1-2",3,IF(AI9="away 0-2",3,0))))))) | AJ13: =COUNTIF(AJ6:AJ9,"rt") | AL13: =CORREL(AL6:AL11,AM5:AR5) | AM13: =TTEST(AM6:AR11,AM44:AR49,1,2) | AN13: =ABS(AL13-AM12) | AO13: decision | AP13: =IF(AP12>75,"1",IF(AP12>54,"1X",IF(AP12>49,"Hadicap 2H",IF(AS6>75,"2",IF(AS6>54,"X2",IF(AS6>49,"Handiap 2A",IF(AS12>75,"X",IF(AS12>60,"likely X",IF(AS12<13,"12","don’t choose"))))))))) | AT13: =(AV6/$AX$16)*100 | AU13: BTS | AV13: =SUM(AN7:AR11) | AW13: =SUM(AM6:AR6,AM7:AM11) | AY13: =AX11-AT16 | AZ13: =IF(AY13<0,1,0) | BC13: 2 | BD13: : | BE13: 2 | BF13: =POISSON(BC13,$C$7,FALSE)*POISSON(BE13,$D$7,FALSE)*100 | BG13: =RANK(BF13,$BF$5:$BF$36,0) | BH13: =IF(BH9="draw",1,IF(BH9="draw 1-1",1,IF(BH9="home",2,IF(BH9="home 2-1",2,IF(BH9="away",3,IF(BH9="away 1-2",3,IF(BH9="away 0-2",3,0))))))) | BI13: =COUNTIF(BI6:BI9,"rt") | BK13: =CORREL(BK6:BK11,BL5:BQ5) | BL13: =TTEST(BL6:BQ11,BL44:BQ49,1,2) | BM13: =ABS(BK13-BL12) | BN13: decision | BO13: =IF(BO12>75,"1",IF(BO12>54,"1X",IF(BO12>49,"Hadicap 2H",IF(BR6>75,"2",IF(BR6>54,"X2",IF(BR6>49,"Handiap 2A",IF(BR12>75,"X",IF(BR12>60,"likely X",IF(BR12<13,"12","don’t choose"))))))))) | BT13: BTS | BU13: =SUM(BM7:BQ11) | BV13: =SUM(BL6:BQ6,BL7:BL11) | CB13: 2 | CC13: : | CD13: 2 | CE13: =POISSON(CB13,$C$8,FALSE)*POISSON(CD13,$D$8,FALSE)*100 | CF13: =RANK(CE13,$CE$5:$CE$36,0) | CG13: =IF(CG9="draw",1,IF(CG9="draw 1-1",1,IF(CG9="home",2,IF(CG9="home 2-1",2,IF(CG9="away",3,IF(CG9="away 1-2",3,IF(CG9="away 0-2",3,0))))))) | CH13: =COUNTIF(CH6:CH9,"rt") | CJ13: 0.85794109 | CK13: =TTEST(CK6:CP11,CK44:CP49,1,2) | CL13: =ABS(CJ13-CK12) | CM13: decision | CN13: =IF(CN12>75,"1",IF(CN12>54,"1X",IF(CN12>49,"Hadicap 2H",IF(CQ6>75,"2",IF(CQ6>54,"X2",IF(CQ6>49,"Handiap 2A",IF(CQ12>75,"X",IF(CQ12>60,"likely X",IF(CQ12<13,"12","don’t choose"))))))))) | CS13: BTS | CT13: =SUM(CL7:CP11) | CU13: =SUM(CK6:CP6,CK7:CK11) | DA13: 2 | DB13: : | DC13: 2 | DD13: =POISSON(DA13,$C$9,FALSE)*POISSON(DC13,$D$9,FALSE)*100 | DE13: =RANK(DD13,$DD$5:$DD$36,0) | DF13: =IF(DF9="draw",1,IF(DF9="draw 1-1",1,IF(DF9="home",2,IF(DF9="home 2-1",2,IF(DF9="away",3,IF(DF9="away 1-2",3,IF(DF9="away 0-2",3,0))))))) | DG13: =COUNTIF(DG6:DG9,"rt") | DJ13: =TTEST(DJ6:DO11,DJ44:DO49,1,2) | DK13: =ABS(DI13-DJ12) | DL13: decision | DM13: =IF(DM12>75,"1",IF(DM12>54,"1X",IF(DM12>49,"Hadicap 2H",IF(DP6>75,"2",IF(DP6>54,"X2",IF(DP6>49,"Handiap 2A",IF(DP12>75,"X",IF(DP12>60,"likely X",IF(DP12<13,"12","don’t choose"))))))))) | DR13: BTS | DS13: =SUM(DK7:DO11) | DT13: =SUM(DJ6:DO6,DJ7:DJ11)
C14: =Sheet1!G59 | D14: =Sheet1!F59 | E14: 3 | F14: : | G14: 1 | H14: =POISSON(E14,$C$5,FALSE)*POISSON(G14,$D$5,FALSE)*100 | I14: =RANK(H14,$H$5:$H$36,0) | J14: =SUM(J10:J13) | K14: =IF(K13>0,"Rt",IF(K10>3,"u2.5",IF(AND(K10>2,K11>0),"u2.5",IF(AND(K11>K10,K11>K12),"u3.5",IF(AND(K12>K11,K12>K10),"o2.5","u4.5"))))) | L14: =Q12/M15 | M14: =T12/M15 | N14: =T6/M15 | O14: =IF(AND(O12="all met",O13<0.7),"all met","not met") | Q14: =SUM(N6:N11,O7:O11,P8:P11,Q9:Q11,R10:R11,S11) | R14: =SUM(S6:S11,R6:R10,Q6:Q9,P6:P8,O6:O7,N6) | S14: =SUM(Q14,R14) | U14: =(W7/$Y$16)*100 | V14: decision | W14: =IF(X13>0.8,"NO GG",IF(W13>0.81,"GG","run")) | Z14: =Y12-U17 | AA14: =IF(Z14<0,1,0) | AD14: 3 | AE14: =AD14+AF14 | AF14: 1 | AG14: =POISSON(AD14,$C$6,FALSE)*POISSON(AF14,$D$6,FALSE)*100 | AH14: =RANK(AG14,$AG$5:$AG$36,0) | AI14: =SUM(AI10:AI13) | AJ14: =IF(AJ13>0,"Rt",IF(AJ10>3,"u2.5",IF(AND(AJ10>2,AJ11>0),"u2.5",IF(AND(AJ11>AJ10,AJ11>AJ12),"u3.5",IF(AND(AJ12>AJ11,AJ12>AJ10),"o2.5","u4.5"))))) | AK14: =AP12/AL15 | AL14: =AS12/AL15 | AM14: =AS6/AL15 | AN14: =IF(AND(AN12="all met",AN13<0.7),"all met","not met") | AP14: =SUM(AM6:AM11,AN7:AN11,AO8:AO11,AP9:AP11,AQ10:AQ11,AR11) | AQ14: =SUM(AR6:AR11,AQ6:AQ10,AP6:AP9,AO6:AO8,AN6:AN7,AM6) | AR14: =SUM(AP14,AQ14) | AT14: =(AV7/$AX$16)*100 | AU14: decision | AV14: =IF(AW13>0.8,"NO GG",IF(AV13>0.81,"GG","run")) | AY14: =AX12-AT17 | AZ14: =IF(AY14<0,1,0) | BC14: 3 | BD14: : | BE14: 1 | BF14: =POISSON(BC14,$C$7,FALSE)*POISSON(BE14,$D$7,FALSE)*100 | BG14: =RANK(BF14,$BF$5:$BF$36,0) | BH14: =SUM(BH10:BH13) | BI14: =IF(BI13>0,"Rt",IF(BI10>3,"u2.5",IF(AND(BI10>2,BI11>0),"u2.5",IF(AND(BI11>BI10,BI11>BI12),"u3.5",IF(AND(BI12>BI11,BI12>BI10),"o2.5","u4.5"))))) | BJ14: =BO12/BK15 | BK14: =BR12/BK15 | BL14: =BR6/BK15 | BM14: =IF(AND(BM12="all met",BM13<0.7),"all met","not met") | BO14: =SUM(BL6:BL11,BM7:BM11,BN8:BN11,BO9:BO11,BP10:BP11,BQ11) | BP14: =SUM(BQ6:BQ11,BP6:BP10,BO6:BO9,BN6:BN8,BM6:BM7,BL6) | BQ14: =SUM(BO14,BP14) | BT14: decision | BU14: =IF(BV13>0.8,"NO GG",IF(BU13>0.81,"GG","run")) | CB14: 3 | CC14: : | CD14: 1 | CE14: =POISSON(CB14,$C$8,FALSE)*POISSON(CD14,$D$8,FALSE)*100 | CF14: =RANK(CE14,$CE$5:$CE$36,0) | CG14: =SUM(CG10:CG13) | CH14: =IF(CH13>0,"Rt",IF(CH10>3,"u2.5",IF(AND(CH10>2,CH11>0),"u2.5",IF(AND(CH11>CH10,CH11>CH12),"u3.5",IF(AND(CH12>CH11,CH12>CH10),"o2.5","u4.5"))))) | CI14: =CN12/CJ15 | CJ14: =CQ12/CJ15 | CK14: =CQ6/CJ15 | CL14: =IF(AND(CL12="all met",CL13<0.7),"all met","not met") | CN14: =SUM(CK6:CK11,CL7:CL11,CM8:CM11,CN9:CN11,CO10:CO11,CP11) | CO14: =SUM(CP6:CP11,CO6:CO10,CN6:CN9,CM6:CM8,CL6:CL7,CK6) | CP14: =SUM(CN14,CO14) | CS14: decision | CT14: =IF(CU13>0.8,"NO GG",IF(CT13>0.81,"GG","run")) | DA14: 3 | DB14: : | DC14: 1 | DD14: =POISSON(DA14,$C$9,FALSE)*POISSON(DC14,$D$9,FALSE)*100 | DE14: =RANK(DD14,$DD$5:$DD$36,0) | DF14: =SUM(DF10:DF13) | DG14: =IF(DG13>0,"Rt",IF(DG10>3,"u2.5",IF(AND(DG10>2,DG11>0),"u2.5",IF(AND(DG11>DG10,DG11>DG12),"u3.5",IF(AND(DG12>DG11,DG12>DG10),"o2.5","u4.5"))))) | DH14: =DM12/DI15 | DI14: =DP12/DI15 | DJ14: =DP6/DI15 | DK14: =IF(AND(DK12="all met",DK13<0.7),"all met","not met") | DM14: =SUM(DJ6:DJ11,DK7:DK11,DL8:DL11,DM9:DM11,DN10:DN11,DO11) | DN14: =SUM(DO6:DO11,DN6:DN10,DM6:DM9,DL6:DL8,DK6:DK7,DJ6) | DO14: =SUM(DM14,DN14) | DR14: decision | DS14: =IF(DT13>0.8,"NO GG",IF(DS13>0.81,"GG","run"))
C15: =Sheet1!K59 | D15: =Sheet1!J59 | E15: 3 | F15: : | G15: 0 | H15: =POISSON(E15,$C$5,FALSE)*POISSON(G15,$D$5,FALSE)*100 | I15: =RANK(H15,$H$5:$H$36,0) | J15: =IF(J10=2,3,J10) | K15: =IF((K10+K11)>3,"firm",IF((K10+K11+K12)>3,"in line","check")) | L15: =M15-(L14/100) | M15: =SUM(N6:S11) | N15: =M15-(N14/100) | P15: calc | Q15: =Q14-R14 | R15: =S15/(S15+S15)*100 | S15: =IF(Q15<0,-Q15,Q15) | U15: =(W8/$Y$16)*100 | V15: odd | W15: even | X15: =SUM(X6:X10) | Y15: =(W9/X16)*100 | Z15: =Z10-ABS(Z14) | AA15: =IF(AND(Z15<0,AY15<0),"both",IF(Z15<0,"Yes1",IF(OR(Z15<0,AY15<0),"yes","no"))) | AC15: =IF(AC16="no, no",1,IF(AC16="no, yes",2,3)) | AD15: 3 | AE15: =AD15+AF15 | AF15: 0 | AG15: =POISSON(AD15,$C$6,FALSE)*POISSON(AF15,$D$6,FALSE)*100 | AH15: =RANK(AG15,$AG$5:$AG$36,0) | AI15: =IF(AI10=2,3,AI10) | AJ15: =IF((AJ10+AJ11)>3,"firm",IF((AJ10+AJ11+AJ12)>3,"in line","check")) | AK15: =AL15-(AK14/100) | AL15: =SUM(AM6:AR11) | AM15: =AL15-(AM14/100) | AO15: calc | AP15: =AP14-AQ14 | AQ15: =AR15/(AR15+AR15)*100 | AR15: =IF(AP15<0,-AP15,AP15) | AT15: =(AV8/$AX$16)*100 | AU15: odd | AV15: even | AW15: =SUM(AW6:AW10) | AX15: =(AV7/AW16)*100 | AY15: =AY10-ABS(AY14) | BB15: =IF(BB16="no, no",1,IF(BB16="no, yes",2,3)) | BC15: 3 | BD15: : | BE15: 0 | BF15: =POISSON(BC15,$C$7,FALSE)*POISSON(BE15,$D$7,FALSE)*100 | BG15: =RANK(BF15,$BF$5:$BF$36,0) | BH15: =IF(BH10=2,3,BH10) | BI15: =IF((BI10+BI11)>3,"firm",IF((BI10+BI11+BI12)>3,"in line","check")) | BJ15: =BK15-(BJ14/100) | BK15: =SUM(BL6:BQ11) | BL15: =BK15-(BL14/100) | BN15: calc | BO15: =BO14-BP14 | BP15: =BQ15/(BQ15+BQ15)*100 | BQ15: =IF(BO15<0,-BO15,BO15) | BT15: odd | BU15: even | CA15: =IF(CA16="no, no",1,IF(CA16="no, yes",2,3)) | CB15: 3 | CC15: : | CD15: 0 | CE15: =POISSON(CB15,$C$8,FALSE)*POISSON(CD15,$D$8,FALSE)*100 | CF15: =RANK(CE15,$CE$5:$CE$36,0) | CG15: =IF(CG10=2,3,CG10) | CH15: =IF((CH10+CH11)>3,"firm",IF((CH10+CH11+CH12)>3,"in line","check")) | CI15: =CJ15-(CI14/100) | CJ15: =SUM(CK6:CP11) | CK15: =CJ15-(CK14/100) | CM15: calc | CN15: =CN14-CO14 | CO15: =CP15/(CP15+CP15)*100 | CP15: =IF(CN15<0,-CN15,CN15) | CS15: odd | CT15: even | CZ15: =IF(CZ16="no, no",1,IF(CZ16="no, yes",2,3)) | DA15: 3 | DB15: : | DC15: 0 | DD15: =POISSON(DA15,$C$9,FALSE)*POISSON(DC15,$D$9,FALSE)*100 | DE15: =RANK(DD15,$DD$5:$DD$36,0) | DF15: =IF(DF10=2,3,DF10) | DG15: =IF((DG10+DG11)>3,"firm",IF((DG10+DG11+DG12)>3,"in line","check")) | DH15: =DI15-(DH14/100) | DI15: =SUM(DJ6:DO11) | DJ15: =DI15-(DJ14/100) | DL15: calc | DM15: =DM14-DN14 | DN15: =DO15/(DO15+DO15)*100 | DO15: =IF(DM15<0,-DM15,DM15) | DR15: odd | DS15: even
C16: =Sheet1!O59 | D16: =Sheet1!N59 | E16: 2 | F16: : | G16: 3 | H16: =POISSON(E16,$C$5,FALSE)*POISSON(G16,$D$5,FALSE)*100 | I16: =RANK(H16,$H$5:$H$36,0) | J16: =IF(J11=2,3,J11) | K16: =_xlfn.TEXTJOIN(", ", ,K15,K53) | L16: =IF(N15=MIN(L15,M16,N15),2,IF(M16=MIN(L15,M16,N15),"x",1)) | M16: =M15-(M14/100) | N16: =IF(AND(OR(L16=1,L16=2),OR(L15<0.3,N15<0.3)),"win","edge") | O16: =AVERAGE(Sheet1!A74,(Sheet1!A114*100)) | P16: Ave.GE | Q16: =AVERAGE(Q14,R14) | U16: =(W9/$Y$16)*100 | V16: =SUM(O6,N7,P7,Q8,R9,S10,O8,P9,Q10,R11,P11,O10,N9,N11,Q6,R7,S8,S6) | W16: =SUM(N6,O7,P8,Q9,R10,S11,P6,Q7,R8,S9,R6,S7,N8,O9,P10,Q11,O11,N10) | X16: =SUM(W6:W10) | Y16: =AVERAGEA(X15,X16) | Z16: =IF(Z10>0,Z10)+IF(Z11>0,Z11)+IF(Z12>0,Z12)+IF(Z13>0,Z13)+IF(Z14>0,Z14) | AA16: =IF(AND(Z18=3,AY18=3),"ok","not upto") | AC16: =_xlfn.TEXTJOIN(", ", ,AC17,AC55) | AD16: 2 | AE16: =AD16+AF16 | AF16: 3 | AG16: =POISSON(AD16,$C$6,FALSE)*POISSON(AF16,$D$6,FALSE)*100 | AH16: =RANK(AG16,$AG$5:$AG$36,0) | AI16: =IF(AI11=2,3,AI11) | AJ16: =_xlfn.TEXTJOIN(", ", ,AJ15,AJ53) | AK16: =IF(AM15=MIN(AK15,AL16,AM15),2,IF(AL16=MIN(AK15,AL16,AM15),"x",1)) | AL16: =AL15-(AL14/100) | AM16: =IF(AND(OR(AK16=1,AK16=2),OR(AK15<0.3,AM15<0.3)),"win","edge") | AN16: =IF(AND(OR(AK16=1,AK16=2),OR(AK15<0.3,AM15<0.3)),"yes","no") | AO16: Ave.GE | AP16: =AVERAGE(AP14,AQ14) | AT16: =(AV9/$AX$16)*100 | AU16: =SUM(AN6,AM7,AO7,AP8,AQ9,AR10,AN8,AO9,AP10,AQ11,AO11,AN10,AM9,AM11,AP6,AQ7,AR8,AR6) | AV16: =SUM(AM6,AN7,AO8,AP9,AQ10,AR11,AO6,AP7,AQ8,AR9,AQ6,AR7,AM8,AN9,AO10,AP11,AN11,AM10) | AW16: =SUM(AV6:AV10) | AX16: =AVERAGEA(AW15,AW16) | AY16: =IF(AY10>0,AY10)+IF(AY11>0,AY11)+IF(AY12>0,AY12)+IF(AY13>0,AY13)+IF(AY14>0,AY14) | BB16: =_xlfn.TEXTJOIN(", ", ,BB17,BB55) | BC16: 2 | BD16: : | BE16: 3 | BF16: =POISSON(BC16,$C$7,FALSE)*POISSON(BE16,$D$7,FALSE)*100 | BG16: =RANK(BF16,$BF$5:$BF$36,0) | BH16: =IF(BH11=2,3,BH11) | BI16: =_xlfn.TEXTJOIN(", ", ,BI15,BI53) | BJ16: =IF(BL15=MIN(BJ15,BK16,BL15),2,IF(BK16=MIN(BJ15,BK16,BL15),"x",1)) | BK16: =BK15-(BK14/100) | BL16: =IF(AND(OR(BJ16=1,BJ16=2),OR(BJ15<0.3,BL15<0.3)),"win","edge") | BN16: Ave.GE | BO16: =AVERAGE(BO14,BP14) | BT16: =SUM(BM6,BL7,BN7,BO8,BP9,BQ10,BM8,BN9,BO10,BP11,BN11,BM10,BL9,BL11,BO6,BP7,BQ8,BQ6) | BU16: =SUM(BL6,BM7,BN8,BO9,BP10,BQ11,BN6,BO7,BP8,BQ9,BP6,BQ7,BL8,BM9,BN10,BO11,BM11,BL10) | CA16: =_xlfn.TEXTJOIN(", ", ,CA17,CA55) | CB16: 2 | CC16: : | CD16: 3 | CE16: =POISSON(CB16,$C$8,FALSE)*POISSON(CD16,$D$8,FALSE)*100 | CF16: =RANK(CE16,$CE$5:$CE$36,0) | CG16: =IF(CG11=2,3,CG11) | CH16: =_xlfn.TEXTJOIN(", ", ,CH15,CH53) | CI16: =IF(CK15=MIN(CI15,CJ16,CK15),2,IF(CJ16=MIN(CI15,CJ16,CK15),"x",1)) | CJ16: =CJ15-(CJ14/100) | CK16: =IF(AND(OR(CI16=1,CI16=2),OR(CI15<0.3,CK15<0.3)),"win","edge") | CM16: Ave.GE | CN16: =AVERAGE(CN14,CO14) | CS16: =SUM(CL6,CK7,CM7,CN8,CO9,CP10,CL8,CM9,CN10,CO11,CM11,CL10,CK9,CK11,CN6,CO7,CP8,CP6) | CT16: =SUM(CK6,CL7,CM8,CN9,CO10,CP11,CM6,CN7,CO8,CP9,CO6,CP7,CK8,CL9,CM10,CN11,CL11,CK10) | CZ16: =_xlfn.TEXTJOIN(", ", ,CZ17,CZ55) | DA16: 2 | DB16: : | DC16: 3 | DD16: =POISSON(DA16,$C$9,FALSE)*POISSON(DC16,$D$9,FALSE)*100 | DE16: =RANK(DD16,$DD$5:$DD$36,0) | DF16: =IF(DF11=2,3,DF11) | DG16: =_xlfn.TEXTJOIN(", ", ,DG15,DG53) | DH16: =IF(DJ15=MIN(DH15,DI16,DJ15),2,IF(DI16=MIN(DH15,DI16,DJ15),"x",1)) | DI16: =DI15-(DI14/100) | DJ16: =IF(AND(OR(DH16=1,DH16=2),OR(DH15<0.3,DJ15<0.3)),"win","edge") | DL16: Ave.GE | DM16: =AVERAGE(DM14,DN14) | DR16: =SUM(DK6,DJ7,DL7,DM8,DN9,DO10,DK8,DL9,DM10,DN11,DL11,DK10,DJ9,DJ11,DM6,DN7,DO8,DO6) | DS16: =SUM(DJ6,DK7,DL8,DM9,DN10,DO11,DL6,DM7,DN8,DO9,DN6,DO7,DJ8,DK9,DL10,DM11,DK11,DJ10)
C17: =Sheet1!S59 | D17: =Sheet1!R59 | E17: 1 | F17: : | G17: 4 | H17: =POISSON(E17,$C$5,FALSE)*POISSON(G17,$D$5,FALSE)*100 | I17: =RANK(H17,$H$5:$H$36,0) | J17: =IF(J12=2,3,J12) | K17: =IF(K16="firm, firm","All1",IF(K16="firm, in line",1,IF(K16="in line, firm",1,IF(K16="in line, in line","All",IF(K16="in line, check","1st half",IF(K16="check, in line","2nd half","out")))))) | L17: =AVERAGE(L15,M16,N15) | M17: =_xlfn.TEXTJOIN(", ", ,L16,N16) | U17: =(W10/$Y$16)*100 | V17: decision | W17: =IF(W16>0.525,"EVEN",IF(V16>0.53,"ODD","RUN")) | Z17: =IF(Z10<0,Z10)+IF(Z11<0,Z11)+IF(Z12<0,Z12)+IF(Z13<0,Z13)+IF(Z14<0,Z14) | AC17: =IF(OR(AB19>AC18,AB19=AC18),"yes","no") | AD17: 1 | AE17: =AD17+AF17 | AF17: 4 | AG17: =POISSON(AD17,$C$6,FALSE)*POISSON(AF17,$D$6,FALSE)*100 | AH17: =RANK(AG17,$AG$5:$AG$36,0) | AI17: =IF(AI12=2,3,AI12) | AJ17: =IF(AJ16="firm, firm","All1",IF(AJ16="firm, in line",1,IF(AJ16="in line, firm",1,IF(AJ16="in line, in line","All",IF(AJ16="in line, check","1st half",IF(AJ16="check, in line","2nd half","out")))))) | AK17: =AVERAGE(AK15,AL16,AM15) | AL17: =_xlfn.TEXTJOIN(", ", ,AK16,AM16) | AT17: =(AV10/$AX$16)*100 | AU17: decision | AV17: =IF(AV16>0.525,"EVEN",IF(AU16>0.53,"ODD","RUN")) | AY17: =IF(AY10<0,AY10)+IF(AY11<0,AY11)+IF(AY12<0,AY12)+IF(AY13<0,AY13)+IF(AY14<0,AY14) | BB17: =IF(OR(BA19>BB18,BA19=BB18),"yes","no") | BC17: 1 | BD17: : | BE17: 4 | BF17: =POISSON(BC17,$C$7,FALSE)*POISSON(BE17,$D$7,FALSE)*100 | BG17: =RANK(BF17,$BF$5:$BF$36,0) | BH17: =IF(BH12=2,3,BH12) | BI17: =IF(BI16="firm, firm","All1",IF(BI16="firm, in line",1,IF(BI16="in line, firm",1,IF(BI16="in line, in line","All",IF(BI16="in line, check","1st half",IF(BI16="check, in line","2nd half","out")))))) | BJ17: =AVERAGE(BJ15,BK16,BL15) | BK17: =_xlfn.TEXTJOIN(", ", ,BJ16,BL16) | BT17: decision | BU17: =IF(BU16>0.525,"EVEN",IF(BT16>0.53,"ODD","RUN")) | CA17: =IF(OR(BZ19>CA18,BZ19=CA18),"yes","no") | CB17: 1 | CC17: : | CD17: 4 | CE17: =POISSON(CB17,$C$8,FALSE)*POISSON(CD17,$D$8,FALSE)*100 | CF17: =RANK(CE17,$CE$5:$CE$36,0) | CG17: =IF(CG12=2,3,CG12) | CH17: =IF(CH16="firm, firm","All1",IF(CH16="firm, in line",1,IF(CH16="in line, firm",1,IF(CH16="in line, in line","All",IF(CH16="in line, check","1st half",IF(CH16="check, in line","2nd half","out")))))) | CI17: =AVERAGE(CI15,CJ16,CK15) | CJ17: =_xlfn.TEXTJOIN(", ", ,CI16,CK16) | CS17: decision | CT17: =IF(CT16>0.525,"EVEN",IF(CS16>0.53,"ODD","RUN")) | CZ17: =IF(OR(CY19>CZ18,CY19=CZ18),"yes","no") | DA17: 1 | DB17: : | DC17: 4 | DD17: =POISSON(DA17,$C$9,FALSE)*POISSON(DC17,$D$9,FALSE)*100 | DE17: =RANK(DD17,$DD$5:$DD$36,0) | DF17: =IF(DF12=2,3,DF12) | DG17: =IF(DG16="firm, firm","All1",IF(DG16="firm, in line",1,IF(DG16="in line, firm",1,IF(DG16="in line, in line","All",IF(DG16="in line, check","1st half",IF(DG16="check, in line","2nd half","out")))))) | DH17: =AVERAGE(DH15,DI16,DJ15) | DI17: =_xlfn.TEXTJOIN(", ", ,DH16,DJ16) | DR17: decision | DS17: =IF(DS16>0.525,"EVEN",IF(DR16>0.53,"ODD","RUN"))
C18: =Sheet1!W59 | D18: =Sheet1!V59 | E18: 2 | F18: : | G18: 4 | H18: =POISSON(E18,$C$5,FALSE)*POISSON(G18,$D$5,FALSE)*100 | I18: =RANK(H18,$H$5:$H$36,0) | J18: =IF(J13=2,3,J13) | L18: home | M18: away | V18: =AVERAGE(W18,X18) | W18: =AVERAGE(W6:W10) | X18: =AVERAGE(X6:X10) | Y18: =SUM(W18,X18) | Z18: =COUNTIF(AA10:AA14,1) | AA18: =Z18+AY18 | AB18: =IF(AND(AA18>4,Sheet1!X83<7),"yes","no") | AC18: =MAX(AB20:AB22) | AD18: 2 | AE18: =AD18+AF18 | AF18: 4 | AG18: =POISSON(AD18,$C$6,FALSE)*POISSON(AF18,$D$6,FALSE)*100 | AH18: =RANK(AG18,$AG$5:$AG$36,0) | AI18: =IF(AI13=2,3,AI13) | AK18: Away | AL18: home | AU18: =AVERAGE(AV18,AW18) | AV18: =AVERAGE(AV6:AV10) | AW18: =AVERAGE(AW6:AW10) | AX18: =SUM(AV18,AW18) | AY18: =COUNTIF(AZ10:AZ14,1) | BB18: =MAX(BA20:BA22) | BC18: 2 | BD18: : | BE18: 4 | BF18: =POISSON(BC18,$C$7,FALSE)*POISSON(BE18,$D$7,FALSE)*100 | BG18: =RANK(BF18,$BF$5:$BF$36,0) | BH18: =IF(BH13=2,3,BH13) | BT18: =AVERAGE(BU18,BV18) | BU18: =AVERAGE(BU6:BU10) | BV18: =AVERAGE(BV6:BV10) | BW18: =SUM(BU18,BV18) | CA18: =MAX(BZ20:BZ22) | CB18: 2 | CC18: : | CD18: 4 | CE18: =POISSON(CB18,$C$8,FALSE)*POISSON(CD18,$D$8,FALSE)*100 | CF18: =RANK(CE18,$CE$5:$CE$36,0) | CG18: =IF(CG13=2,3,CG13) | CS18: =AVERAGE(CT18,CU18) | CT18: =AVERAGE(CT6:CT10) | CU18: =AVERAGE(CU6:CU10) | CV18: =SUM(CT18,CU18) | CZ18: =MAX(CY20:CY22) | DA18: 2 | DB18: : | DC18: 4 | DD18: =POISSON(DA18,$C$9,FALSE)*POISSON(DC18,$D$9,FALSE)*100 | DE18: =RANK(DD18,$DD$5:$DD$36,0) | DF18: =IF(DF13=2,3,DF13) | DR18: =AVERAGE(DS18,DT18) | DS18: =AVERAGE(DS6:DS10) | DT18: =AVERAGE(DT6:DT10) | DU18: =SUM(DS18,DT18)
C19: =COUNTIF(D19:D28,"rountime") | D19: =IF(I5=1,"draw",IF(I6=1,"away",IF(I7=1,"draw",IF(I8=1,"home",IF(I9=1,"away",IF(I10=1,"away",IF(I11=1,"home",IF(I12=1,"away",IF(I13=1,"draw",IF(I14=1,"home","rountime")))))))))) | E19: 3 | F19: : | G19: 3 | H19: =POISSON(E19,$C$5,FALSE)*POISSON(G19,$D$5,FALSE)*100 | I19: =RANK(H19,$H$5:$H$36,0) | J19: =SUM(J15:J18) | L19: =N7 | M19: =O6 | P19: Home doing | Q19: =S15/(S15+S53)*100 | S19: =IF(AND(Q22>32.9,Q25>21.9,Q19>60),"home wind or draw",IF(AND(Q22>32.9,Q25>21.9,Q21>60),"Away win or draw","next predict")) | U19: =MAX(W19:X23) | V19: =ABS(W18-X18) | W19: =ABS(W6-$V$18) | X19: =ABS(X6-$V$18) | Y19: =X19/(X19+$V$19)*100 | Z19: =ABS(Y19-$Y$24) | AB19: =COUNTIF(AC19:AC28,"rountime") | AC19: =IF(AH5=1,"draw",IF(AH6=1,"away",IF(AH7=1,"draw",IF(AH8=1,"home",IF(AH9=1,"away",IF(AH10=1,"away",IF(AH11=1,"home",IF(AH12=1,"away",IF(AH13=1,"draw",IF(AH14=1,"home","rountime")))))))))) | AD19: 3 | AE19: =AD19+AF19 | AF19: 3 | AG19: =POISSON(AD19,$C$6,FALSE)*POISSON(AF19,$D$6,FALSE)*100 | AH19: =RANK(AG19,$AG$5:$AG$36,0) | AI19: =SUM(AI15:AI18) | AK19: =AM7 | AL19: =AN6 | AO19: Home doing | AP19: =AR15/(AR15+AR53)*100 | AR19: =IF(AND(AP22>32.9,AP25>21.9,AP19>60),"home wind or draw",IF(AND(AP22>32.9,AP25>21.9,AP21>60),"Away win or draw","next predict")) | AT19: =MAX(AV19:AW23) | AU19: =ABS(AV18-AW18) | AV19: =ABS(AV6-$AU$18) | AW19: =ABS(AW6-$AU$18) | AX19: =AW19/(AW19+$AU$19)*100 | AY19: =ABS(AX19-$AX$24) | BA19: =COUNTIF(BB19:BB28,"rountime") | BB19: =IF(BG5=1,"draw",IF(BG6=1,"away",IF(BG7=1,"draw",IF(BG8=1,"home",IF(BG9=1,"away",IF(BG10=1,"away",IF(BG11=1,"home",IF(BG12=1,"away",IF(BG13=1,"draw",IF(BG14=1,"home","rountime")))))))))) | BC19: 3 | BD19: : | BE19: 3 | BF19: =POISSON(BC19,$C$7,FALSE)*POISSON(BE19,$D$7,FALSE)*100 | BG19: =RANK(BF19,$BF$5:$BF$36,0) | BH19: =SUM(BH15:BH18) | BJ19: =BL7 | BK19: =BM6 | BN19: Home doing | BO19: =BQ15/(BQ15+BQ53)*100 | BQ19: =IF(AND(BO22>32.9,BO25>21.9,BO19>60),"home wind or draw",IF(AND(BO22>32.9,BO25>21.9,BO21>60),"Away win or draw","next predict")) | BS19: =MAX(BU19:BV23) | BT19: =ABS(BU18-BV18) | BU19: =ABS(BU6-$BT$18) | BV19: =ABS(BV6-$BT$18) | BW19: =BV19/(BV19+$BT$19)*100 | BX19: =ABS(BW19-$BW$24) | BZ19: =COUNTIF(CA19:CA28,"rountime") | CA19: =IF(CF5=1,"draw",IF(CF6=1,"away",IF(CF7=1,"draw",IF(CF8=1,"home",IF(CF9=1,"away",IF(CF10=1,"away",IF(CF11=1,"home",IF(CF12=1,"away",IF(CF13=1,"draw",IF(CF14=1,"home","rountime")))))))))) | CB19: 3 | CC19: : | CD19: 3 | CE19: =POISSON(CB19,$C$8,FALSE)*POISSON(CD19,$D$8,FALSE)*100 | CF19: =RANK(CE19,$CE$5:$CE$36,0) | CG19: =SUM(CG15:CG18) | CM19: Home doing | CN19: =CP15/(CP15+CP53)*100 | CP19: =IF(AND(CN22>32.9,CN25>21.9,CN19>60),"home wind or draw",IF(AND(CN22>32.9,CN25>21.9,CN21>60),"Away win or draw","next predict")) | CR19: =MAX(CT19:CU23) | CS19: =ABS(CT18-CU18) | CT19: =ABS(CT6-$CS$18) | CU19: =ABS(CU6-$CS$18) | CV19: =CU19/(CU19+$CS$19)*100 | CW19: =ABS(CV19-$CV$24) | CY19: =COUNTIF(CZ19:CZ28,"rountime") | CZ19: =IF(DE5=1,"draw",IF(DE6=1,"away",IF(DE7=1,"draw",IF(DE8=1,"home",IF(DE9=1,"away",IF(DE10=1,"away",IF(DE11=1,"home",IF(DE12=1,"away",IF(DE13=1,"draw",IF(DE14=1,"home","rountime")))))))))) | DA19: 3 | DB19: : | DC19: 3 | DD19: =POISSON(DA19,$C$9,FALSE)*POISSON(DC19,$D$9,FALSE)*100 | DE19: =RANK(DD19,$DD$5:$DD$36,0) | DF19: =SUM(DF15:DF18) | DL19: Home doing | DM19: =DO15/(DO15+DO53)*100 | DO19: =IF(AND(DM22>32.9,DM25>21.9,DM19>60),"home wind or draw",IF(AND(DM22>32.9,DM25>21.9,DM21>60),"Away win or draw","next predict")) | DQ19: =MAX(DS19:DT23) | DR19: =ABS(DS18-DT18) | DS19: =ABS(DS6-$DR$18) | DT19: =ABS(DT6-$DR$18) | DU19: =DT19/(DT19+$DR$19)*100 | DV19: =ABS(DU19-$CV$24)
B20: =AVERAGE(C20:C22,B58:C60) | C20: =COUNTIF(D19:D28,"home") | D20: =IF(I5=2,"draw",IF(I6=2,"away",IF(I7=2,"draw",IF(I8=2,"home",IF(I9=2,"away",IF(I10=2,"away",IF(I11=2,"home",IF(I12=2,"away",IF(I13=2,"draw",IF(I14=2,"home","rountime")))))))))) | E20: 4 | F20: : | G20: 1 | H20: =POISSON(E20,$C$5,FALSE)*POISSON(G20,$D$5,FALSE)*100 | I20: =RANK(H20,$H$5:$H$36,0) | J20: =IF(J5>J43,"yes",IF(J5=J43,"equal","no")) | L20: =N8 | M20: =P6 | P20: truner | Q20: =IF(S15<S53,S15/(S15+S53)*100,S53/(S53+S15)*100) | U20: =W21 | V20: =MIN(W19:X23) | W20: =ABS(W7-$V$18) | X20: =ABS(X7-$V$18) | Y20: =X20/(X20+$V$19)*100 | Z20: =ABS(Y20-$Y$24) | AA20: =AVERAGE(AB20:AB22,AA58:AB60) | AB20: =COUNTIF(AC19:AC28,"home") | AC20: =IF(AH5=2,"draw",IF(AH6=2,"away",IF(AH7=2,"draw",IF(AH8=2,"home",IF(AH9=2,"away",IF(AH10=2,"away",IF(AH11=2,"home",IF(AH12=2,"away",IF(AH13=2,"draw",IF(AH14=2,"home","rountime")))))))))) | AD20: 4 | AE20: =AD20+AF20 | AF20: 1 | AG20: =POISSON(AD20,$C$6,FALSE)*POISSON(AF20,$D$6,FALSE)*100 | AH20: =RANK(AG20,$AG$5:$AG$36,0) | AI20: =IF(AI5>AI43,"yes",IF(AI5=AI43,"equal","no")) | AK20: =AM8 | AL20: =AO6 | AO20: truner | AP20: =IF(AR15<AR53,AR15/(AR15+AR53)*100,AR53/(AR53+AR15)*100) | AT20: =AV21 | AU20: =MIN(AV19:AW23) | AV20: =ABS(AV7-$AU$18) | AW20: =ABS(AW7-$AU$18) | AX20: =AW20/(AW20+$AU$19)*100 | AY20: =ABS(AX20-$AX$24) | AZ20: =AVERAGE(BA20:BA22,AZ58:BA60) | BA20: =COUNTIF(BB19:BB28,"home") | BB20: =IF(BG5=2,"draw",IF(BG6=2,"away",IF(BG7=2,"draw",IF(BG8=2,"home",IF(BG9=2,"away",IF(BG10=2,"away",IF(BG11=2,"home",IF(BG12=2,"away",IF(BG13=2,"draw",IF(BG14=2,"home","rountime")))))))))) | BC20: 4 | BD20: : | BE20: 1 | BF20: =POISSON(BC20,$C$7,FALSE)*POISSON(BE20,$D$7,FALSE)*100 | BG20: =RANK(BF20,$BF$5:$BF$36,0) | BH20: =IF(BH5>BH43,"yes",IF(BH5=BH43,"equal","no")) | BJ20: =BL8 | BK20: =BN6 | BN20: truner | BO20: =IF(BQ15<BQ53,BQ15/(BQ15+BQ53)*100,BQ53/(BQ53+BQ15)*100) | BS20: =BU21 | BT20: =MIN(BU19:BV23) | BU20: =ABS(BU7-$BT$18) | BV20: =ABS(BV7-$BT$18) | BW20: =BV20/(BV20+$BT$19)*100 | BX20: =ABS(BW20-$BW$24) | BZ20: =COUNTIF(CA19:CA28,"home") | CA20: =IF(CF5=2,"draw",IF(CF6=2,"away",IF(CF7=2,"draw",IF(CF8=2,"home",IF(CF9=2,"away",IF(CF10=2,"away",IF(CF11=2,"home",IF(CF12=2,"away",IF(CF13=2,"draw",IF(CF14=2,"home","rountime")))))))))) | CB20: 4 | CC20: : | CD20: 1 | CE20: =POISSON(CB20,$C$8,FALSE)*POISSON(CD20,$D$8,FALSE)*100 | CF20: =RANK(CE20,$CE$5:$CE$36,0) | CG20: =IF(CG5>CG43,"yes",IF(CG5=CG43,"equal","no")) | CM20: truner | CN20: =IF(CP15<CP53,CP15/(CP15+CP53)*100,CP53/(CP53+CP15)*100) | CR20: =CT21 | CS20: =MIN(CT19:CU23) | CT20: =ABS(CT7-$CS$18) | CU20: =ABS(CU7-$CS$18) | CV20: =CU20/(CU20+$CS$19)*100 | CW20: =ABS(CV20-$CV$24) | CY20: =COUNTIF(CZ19:CZ28,"home") | CZ20: =IF(DE5=2,"draw",IF(DE6=2,"away",IF(DE7=2,"draw",IF(DE8=2,"home",IF(DE9=2,"away",IF(DE10=2,"away",IF(DE11=2,"home",IF(DE12=2,"away",IF(DE13=2,"draw",IF(DE14=2,"home","rountime")))))))))) | DA20: 4 | DB20: : | DC20: 1 | DD20: =POISSON(DA20,$C$9,FALSE)*POISSON(DC20,$D$9,FALSE)*100 | DE20: =RANK(DD20,$DD$5:$DD$36,0) | DF20: =IF(DF5>DF43,"yes",IF(DF5=DF43,"equal","no")) | DL20: truner | DM20: =IF(DO15<DO53,DO15/(DO15+DO53)*100,DO53/(DO53+DO15)*100) | DQ20: =DS21 | DR20: =MIN(DS19:DT23) | DS20: =ABS(DS7-$DR$18) | DT20: =ABS(DT7-$DR$18) | DU20: =DT20/(DT20+$DR$19)*100 | DV20: =ABS(DU20-$BW$24)
C21: =COUNTIF(D19:D28,"draw") | D21: =IF(I5=3,"draw",IF(I6=3,"away",IF(I7=3,"draw",IF(I8=3,"home",IF(I9=3,"away",IF(I10=3,"away",IF(I11=3,"home",IF(I12=3,"away",IF(I13=3,"draw",IF(I14=3,"home","rountime")))))))))) | E21: 4 | F21: : | G21: 0 | H21: =POISSON(E21,$C$5,FALSE)*POISSON(G21,$D$5,FALSE)*100 | I21: =RANK(H21,$H$5:$H$36,0) | J21: =COUNTIF(J15:J18,MIN(1)) | L21: =N9 | M21: =P7 | P21: Away doing | Q21: =S53/(S53+S15)*100 | U21: =U20/(V19+U20)*100 | V21: =V20/(V20+V19)*100 | W21: =ABS(W8-$V$18) | X21: =ABS(X8-$V$18) | Y21: =X21/(X21+$V$19)*100 | Z21: =ABS(Y21-$Y$24) | AB21: =COUNTIF(AC19:AC28,"draw") | AC21: =IF(AH5=3,"draw",IF(AH6=3,"away",IF(AH7=3,"draw",IF(AH8=3,"home",IF(AH9=3,"away",IF(AH10=3,"away",IF(AH11=3,"home",IF(AH12=3,"away",IF(AH13=3,"draw",IF(AH14=3,"home","rountime")))))))))) | AD21: 4 | AE21: =AD21+AF21 | AF21: 0 | AG21: =POISSON(AD21,$C$6,FALSE)*POISSON(AF21,$D$6,FALSE)*100 | AH21: =RANK(AG21,$AG$5:$AG$36,0) | AI21: =COUNTIF(AI15:AI18,MIN(1)) | AK21: =AM9 | AL21: =AO7 | AO21: Away doing | AP21: =AR53/(AR53+AR15)*100 | AT21: =AT20/(AU19+AT20)*100 | AU21: =AU20/(AU20+AU19)*100 | AV21: =ABS(AV8-$AU$18) | AW21: =ABS(AW8-$AU$18) | AX21: =AW21/(AW21+$AU$19)*100 | AY21: =ABS(AX21-$AX$24) | BA21: =COUNTIF(BB19:BB28,"draw") | BB21: =IF(BG5=3,"draw",IF(BG6=3,"away",IF(BG7=3,"draw",IF(BG8=3,"home",IF(BG9=3,"away",IF(BG10=3,"away",IF(BG11=3,"home",IF(BG12=3,"away",IF(BG13=3,"draw",IF(BG14=3,"home","rountime")))))))))) | BC21: 4 | BD21: : | BE21: 0 | BF21: =POISSON(BC21,$C$7,FALSE)*POISSON(BE21,$D$7,FALSE)*100 | BG21: =RANK(BF21,$BF$5:$BF$36,0) | BH21: =COUNTIF(BH15:BH18,MIN(1)) | BJ21: =BL9 | BK21: =BN7 | BN21: Away doing | BO21: =BQ53/(BQ53+BQ15)*100 | BS21: =BS20/(BT19+BS20)*100 | BT21: =BT20/(BT20+BT19)*100 | BU21: =ABS(BU8-$BT$18) | BV21: =ABS(BV8-$BT$18) | BW21: =BV21/(BV21+$BT$19)*100 | BX21: =ABS(BW21-$BW$24) | BZ21: =COUNTIF(CA19:CA28,"draw") | CA21: =IF(CF5=3,"draw",IF(CF6=3,"away",IF(CF7=3,"draw",IF(CF8=3,"home",IF(CF9=3,"away",IF(CF10=3,"away",IF(CF11=3,"home",IF(CF12=3,"away",IF(CF13=3,"draw",IF(CF14=3,"home","rountime")))))))))) | CB21: 4 | CC21: : | CD21: 0 | CE21: =POISSON(CB21,$C$8,FALSE)*POISSON(CD21,$D$8,FALSE)*100 | CF21: =RANK(CE21,$CE$5:$CE$36,0) | CG21: =COUNTIF(CG15:CG18,MIN(1)) | CM21: Away doing | CN21: =CP53/(CP53+CP15)*100 | CR21: =CR20/(CS19+CR20)*100 | CS21: =CS20/(CS20+CS19)*100 | CT21: =ABS(CT8-$CS$18) | CU21: =ABS(CU8-$CS$18) | CV21: =CU21/(CU21+$CS$19)*100 | CW21: =ABS(CV21-$CV$24) | CY21: =COUNTIF(CZ19:CZ28,"draw") | CZ21: =IF(DE5=3,"draw",IF(DE6=3,"away",IF(DE7=3,"draw",IF(DE8=3,"home",IF(DE9=3,"away",IF(DE10=3,"away",IF(DE11=3,"home",IF(DE12=3,"away",IF(DE13=3,"draw",IF(DE14=3,"home","rountime")))))))))) | DA21: 4 | DB21: : | DC21: 0 | DD21: =POISSON(DA21,$C$9,FALSE)*POISSON(DC21,$D$9,FALSE)*100 | DE21: =RANK(DD21,$DD$5:$DD$36,0) | DF21: =COUNTIF(DF15:DF18,MIN(1)) | DL21: Away doing | DM21: =DO53/(DO53+DO15)*100 | DQ21: =DQ20/(DR19+DQ20)*100 | DR21: =DR20/(DR20+DR19)*100 | DS21: =ABS(DS8-$DR$18) | DT21: =ABS(DT8-$DR$18) | DU21: =DT21/(DT21+$DR$19)*100 | DV21: =ABS(DU21-$BW$24)
C22: =COUNTIF(D19:D28,"away") | D22: =IF(I5=4,"draw",IF(I6=4,"away",IF(I7=4,"draw",IF(I8=4,"home",IF(I9=4,"away",IF(I10=4,"away",IF(I11=4,"home",IF(I12=4,"away",IF(I13=4,"draw",IF(I14=4,"home","rountime")))))))))) | E22: 4 | F22: : | G22: 2 | H22: =POISSON(E22,$C$5,FALSE)*POISSON(G22,$D$5,FALSE)*100 | I22: =RANK(H22,$H$5:$H$36,0) | J22: =COUNTIF(J10:J13,3) | L22: =N10 | M22: =Q6 | P22: averagPE | Q22: =AVERAGE(S15,S53)*100 | U22: =IF(Z24=Z19,0.5,IF(Z24=Z20,1.5,IF(Z24=Z21,2.5,IF(Z24=Z22,3.5,IF(Z24=Z23,3.5))))) | V22: =(V20/V19)*100 | W22: =ABS(W9-$V$18) | X22: =ABS(X9-$V$18) | Y22: =X22/(X22+$V$19)*100 | Z22: =ABS(Y22-$Y$24) | AB22: =COUNTIF(AC19:AC28,"away") | AC22: =IF(AH5=4,"draw",IF(AH6=4,"away",IF(AH7=4,"draw",IF(AH8=4,"home",IF(AH9=4,"away",IF(AH10=4,"away",IF(AH11=4,"home",IF(AH12=4,"away",IF(AH13=4,"draw",IF(AH14=4,"home","rountime")))))))))) | AD22: 4 | AE22: =AD22+AF22 | AF22: 2 | AG22: =POISSON(AD22,$C$6,FALSE)*POISSON(AF22,$D$6,FALSE)*100 | AH22: =RANK(AG22,$AG$5:$AG$36,0) | AI22: =COUNTIF(AI10:AI13,3) | AK22: =AM10 | AL22: =AP6 | AO22: averagPE | AP22: =AVERAGE(AR15,AR53)*100 | AT22: =IF(AY24=AY19,0.5,IF(AY24=AY20,1.5,IF(AY24=AY21,2.5,IF(AY24=AY22,3.5,IF(AY24=AY23,3.5))))) | AU22: =(AU20/AU19)*100 | AV22: =ABS(AV9-$AU$18) | AW22: =ABS(AW9-$AU$18) | AX22: =AW22/(AW22+$AU$19)*100 | AY22: =ABS(AX22-$AX$24) | BA22: =COUNTIF(BB19:BB28,"away") | BB22: =IF(BG5=4,"draw",IF(BG6=4,"away",IF(BG7=4,"draw",IF(BG8=4,"home",IF(BG9=4,"away",IF(BG10=4,"away",IF(BG11=4,"home",IF(BG12=4,"away",IF(BG13=4,"draw",IF(BG14=4,"home","rountime")))))))))) | BC22: 4 | BD22: : | BE22: 2 | BF22: =POISSON(BC22,$C$7,FALSE)*POISSON(BE22,$D$7,FALSE)*100 | BG22: =RANK(BF22,$BF$5:$BF$36,0) | BH22: =COUNTIF(BH10:BH13,3) | BJ22: =BL10 | BK22: =BO6 | BN22: averagPE | BO22: =AVERAGE(BQ15,BQ53)*100 | BS22: =IF(BX24=BX19,0.5,IF(BX24=BX20,1.5,IF(BX24=BX21,2.5,IF(BX24=BX22,3.5,IF(BX24=BX23,3.5))))) | BT22: =(BT20/BT19)*100 | BU22: =ABS(BU9-$BT$18) | BV22: =ABS(BV9-$BT$18) | BW22: =BV22/(BV22+$BT$19)*100 | BX22: =ABS(BW22-$BW$24) | BZ22: =COUNTIF(CA19:CA28,"away") | CA22: =IF(CF5=4,"draw",IF(CF6=4,"away",IF(CF7=4,"draw",IF(CF8=4,"home",IF(CF9=4,"away",IF(CF10=4,"away",IF(CF11=4,"home",IF(CF12=4,"away",IF(CF13=4,"draw",IF(CF14=4,"home","rountime")))))))))) | CB22: 4 | CC22: : | CD22: 2 | CE22: =POISSON(CB22,$C$8,FALSE)*POISSON(CD22,$D$8,FALSE)*100 | CF22: =RANK(CE22,$CE$5:$CE$36,0) | CG22: =COUNTIF(CG10:CG13,3) | CM22: averagPE | CN22: =AVERAGE(CP15,CP53)*100 | CR22: =IF(CW24=CW19,0.5,IF(CW24=CW20,1.5,IF(CW24=CW21,2.5,IF(CW24=CW22,3.5,IF(CW24=CW23,3.5))))) | CS22: =(CS20/CS19)*100 | CT22: =ABS(CT9-$CS$18) | CU22: =ABS(CU9-$CS$18) | CV22: =CU22/(CU22+$CS$19)*100 | CW22: =ABS(CV22-$CV$24) | CY22: =COUNTIF(CZ19:CZ28,"away") | CZ22: =IF(DE5=4,"draw",IF(DE6=4,"away",IF(DE7=4,"draw",IF(DE8=4,"home",IF(DE9=4,"away",IF(DE10=4,"away",IF(DE11=4,"home",IF(DE12=4,"away",IF(DE13=4,"draw",IF(DE14=4,"home","rountime")))))))))) | DA22: 4 | DB22: : | DC22: 2 | DD22: =POISSON(DA22,$C$9,FALSE)*POISSON(DC22,$D$9,FALSE)*100 | DE22: =RANK(DD22,$DD$5:$DD$36,0) | DF22: =COUNTIF(DF10:DF13,3) | DL22: averagPE | DM22: =AVERAGE(DO15,DO53)*100 | DQ22: =IF(DV24=DV19,0.5,IF(DV24=DV20,1.5,IF(DV24=DV21,2.5,IF(DV24=DV22,3.5,IF(DV24=DV23,3.5))))) | DR22: =(DR20/DR19)*100 | DS22: =ABS(DS9-$DR$18) | DT22: =ABS(DT9-$DR$18) | DU22: =DT22/(DT22+$DR$19)*100 | DV22: =ABS(DU22-$BW$24)
C23: =(C20+C60)/2 | D23: =IF(I5=5,"draw",IF(I6=5,"away",IF(I7=5,"draw",IF(I8=5,"home",IF(I9=5,"away",IF(I10=5,"away",IF(I11=5,"home",IF(I12=5,"away",IF(I13=5,"draw",IF(I14=5,"home","rountime")))))))))) | E23: 3 | F23: : | G23: 4 | H23: =POISSON(E23,$C$5,FALSE)*POISSON(G23,$D$5,FALSE)*100 | I23: =RANK(H23,$H$5:$H$36,0) | J23: =COUNTIF(J10:J13,2) | L23: =N11 | M23: =Q7 | P23: selector | Q23: =S15-S53 | R23: =IF(Q23<0,"best Tab 2","Best Tab 1") | S23: =(Q23/Q16)*100 | U23: =IF(ABS(V22-R38)<15,"goals",IF(V22=MIN(V22,R38),"Goals","wins")) | V23: =IF(V24=W18,"under","over") | W23: =ABS(W10-$V$18) | X23: =ABS(X10-$V$18) | Y23: =X23/(X23+$V$19)*100 | Z23: =ABS(Y23-$Y$24) | AB23: =(AB20+AB60)/2 | AC23: =IF(AH5=5,"draw",IF(AH6=5,"away",IF(AH7=5,"draw",IF(AH8=5,"home",IF(AH9=5,"away",IF(AH10=5,"away",IF(AH11=5,"home",IF(AH12=5,"away",IF(AH13=5,"draw",IF(AH14=5,"home","rountime")))))))))) | AD23: 3 | AE23: =AD23+AF23 | AF23: 4 | AG23: =POISSON(AD23,$C$6,FALSE)*POISSON(AF23,$D$6,FALSE)*100 | AH23: =RANK(AG23,$AG$5:$AG$36,0) | AI23: =COUNTIF(AI10:AI13,2) | AK23: =AM11 | AL23: =AP7 | AO23: selector | AP23: =AR15-AR53 | AQ23: =IF(AP23<0,"best Tab 2","Best Tab 1") | AR23: =(AP23/AP16)*100 | AT23: =IF(ABS(AU22-AQ38)<15,"goals",IF(AU22=MIN(AU22,AQ38),"Goals","wins")) | AU23: =IF(AU24=AV18,"under","over") | AV23: =ABS(AV10-$AU$18) | AW23: =ABS(AW10-$AU$18) | AX23: =AW23/(AW23+$AU$19)*100 | AY23: =ABS(AX23-$AX$24) | BA23: =(BA20+BA60)/2 | BB23: =IF(BG5=5,"draw",IF(BG6=5,"away",IF(BG7=5,"draw",IF(BG8=5,"home",IF(BG9=5,"away",IF(BG10=5,"away",IF(BG11=5,"home",IF(BG12=5,"away",IF(BG13=5,"draw",IF(BG14=5,"home","rountime")))))))))) | BC23: 3 | BD23: : | BE23: 4 | BF23: =POISSON(BC23,$C$7,FALSE)*POISSON(BE23,$D$7,FALSE)*100 | BG23: =RANK(BF23,$BF$5:$BF$36,0) | BH23: =COUNTIF(BH10:BH13,2) | BJ23: =BL11 | BK23: =BO7 | BN23: selector | BO23: =BQ15-BQ53 | BP23: =IF(BO23<0,"best Tab 2","Best Tab 1") | BQ23: =(BO23/BO16)*100 | BS23: =IF(ABS(BT22-BP38)<15,"goals",IF(BT22=MIN(BT22,BP38),"Goals","wins")) | BT23: =IF(BT24=BU18,"under","over") | BU23: =ABS(BU10-$BT$18) | BV23: =ABS(BV10-$BT$18) | BW23: =BV23/(BV23+$BT$19)*100 | BX23: =ABS(BW23-$BW$24) | BZ23: =(BZ20+BZ60)/2 | CA23: =IF(CF5=5,"draw",IF(CF6=5,"away",IF(CF7=5,"draw",IF(CF8=5,"home",IF(CF9=5,"away",IF(CF10=5,"away",IF(CF11=5,"home",IF(CF12=5,"away",IF(CF13=5,"draw",IF(CF14=5,"home","rountime")))))))))) | CB23: 3 | CC23: : | CD23: 4 | CE23: =POISSON(CB23,$C$8,FALSE)*POISSON(CD23,$D$8,FALSE)*100 | CF23: =RANK(CE23,$CE$5:$CE$36,0) | CG23: =COUNTIF(CG10:CG13,2) | CM23: selector | CN23: =CP15-CP53 | CO23: =IF(CN23<0,"best Tab 2","Best Tab 1") | CP23: =(CN23/CN16)*100 | CR23: =IF(ABS(CS22-CO38)<15,"goals",IF(CS22=MIN(CS22,CO38),"Goals","wins")) | CS23: =IF(CS24=CT18,"under","over") | CT23: =ABS(CT10-$CS$18) | CU23: =ABS(CU10-$CS$18) | CV23: =CU23/(CU23+$CS$19)*100 | CW23: =ABS(CV23-$CV$24) | CY23: =(CY20+CY60)/2 | CZ23: =IF(DE5=5,"draw",IF(DE6=5,"away",IF(DE7=5,"draw",IF(DE8=5,"home",IF(DE9=5,"away",IF(DE10=5,"away",IF(DE11=5,"home",IF(DE12=5,"away",IF(DE13=5,"draw",IF(DE14=5,"home","rountime")))))))))) | DA23: 3 | DB23: : | DC23: 4 | DD23: =POISSON(DA23,$C$9,FALSE)*POISSON(DC23,$D$9,FALSE)*100 | DE23: =RANK(DD23,$DD$5:$DD$36,0) | DF23: =COUNTIF(DF10:DF13,2) | DL23: selector | DM23: =DO15-DO53 | DN23: =IF(DM23<0,"best Tab 2","Best Tab 1") | DO23: =(DM23/DM16)*100 | DQ23: =IF(ABS(DR22-DN38)<5,"goals",IF(DR22=MIN(DR22,DN38),"Goals","wins")) | DR23: =IF(DR24=DS18,"under","over") | DS23: =ABS(DS10-$DR$18) | DT23: =ABS(DT10-$DR$18) | DU23: =DT23/(DT23+$DR$19)*100 | DV23: =ABS(DU23-$BW$24)
C24: =(C21+C59)/2 | D24: =IF(I5=6,"draw",IF(I6=6,"away",IF(I7=6,"draw",IF(I8=6,"home",IF(I9=6,"away",IF(I10=6,"away",IF(I11=6,"home",IF(I12=6,"away",IF(I13=6,"draw",IF(I14=6,"home","rountime")))))))))) | E24: 2 | F24: : | G24: 5 | H24: =POISSON(E24,$C$5,FALSE)*POISSON(G24,$D$5,FALSE)*100 | I24: =RANK(H24,$H$5:$H$36,0) | J24: =IF(AND(J27>0,J27=J21,OR(J27=J22,J27=J23)),"overD",IF(AND(J27>J21,J27>J22,J27>J23),"over",IF(AND(J21>1,OR(J21=J22,J21=J23)),"Draw",IF(AND(J21>J22,J22>J23),"x2",IF(AND(J21>J23,J23>J22),"1x",IF(J23>J22,"home",IF(J22>J23,"away","draw"))))))) | L24: =O8 | M24: =Q8 | N24: =Sheet3!E38 | O24: =Sheet3!F38 | P24: difference | Q24: =Q19-Q21 | V24: =MAX(W18,X18) | W24: =IF(AND(V23="under",V22<5),"u1.5",IF(AND(V23="under",V22<28),"u2.5",IF(AND(V23="under",V22<65),"u3.5",IF(AND(V23="under",V22<95),"u4.5",IF(AND(V23="over",V22>95),"o1.5",IF(AND(V23="over",V22>65),"o1.5",IF(AND(V23="over",V22>35),"o2.5",IF(AND(V23="over",V22<28,V22>15),"u.3.5+",IF(AND(V23="under",V22>105),"o1.5","don't choose"))))))))) | X24: =IF(AND(T8="high",W24="u2.5"),"u3.5",IF(AND(V23="under",P35="mega",W24="u2.5"),"u3.5",IF(AND(P35="mega",W24="u.3.5+"),"u4.5+",IF(AND(P35="mega",W24="u1.5"),"u3.5",W24)))) | Y24: =AVERAGE(Y19:Y23) | Z24: =MIN(Z19:Z23) | AB24: =(AB21+AB59)/2 | AC24: =IF(AH5=6,"draw",IF(AH6=6,"away",IF(AH7=6,"draw",IF(AH8=6,"home",IF(AH9=6,"away",IF(AH10=6,"away",IF(AH11=6,"home",IF(AH12=6,"away",IF(AH13=6,"draw",IF(AH14=6,"home","rountime")))))))))) | AD24: 2 | AE24: =AD24+AF24 | AF24: 5 | AG24: =POISSON(AD24,$C$6,FALSE)*POISSON(AF24,$D$6,FALSE)*100 | AH24: =RANK(AG24,$AG$5:$AG$36,0) | AI24: =IF(AND(AI27>0,AI27=AI21,OR(AI27=AI22,AI27=AI23)),"overD",IF(AND(AI27>AI21,AI27>AI22,AI27>AI23),"over",IF(AND(AI21>1,OR(AI21=AI22,AI21=AI23)),"Draw",IF(AND(AI21>AI22,AI22>AI23),"x2",IF(AND(AI21>AI23,AI23>AI22),"1x",IF(AI23>AI22,"home",IF(AI22>AI23,"away","draw"))))))) | AK24: =AN8 | AL24: =AP8 | AM24: =Sheet3!M38 | AN24: =Sheet3!N38 | AO24: difference | AP24: =AP19-AP21 | AU24: =MAX(AV18,AW18) | AV24: =IF(AND(AU23="under",AU22<5),"u1.5",IF(AND(AU23="under",AU22<28),"u2.5",IF(AND(AU23="under",AU22<65),"u3.5",IF(AND(AU23="under",AU22<95),"u4.5",IF(AND(AU23="over",AU22>95),"o1.5",IF(AND(AU23="over",AU22>65),"o1.5",IF(AND(AU23="over",AU22>35),"o2.5",IF(AND(AU23="over",AU22<28,AU22>15),"u.3.5+",IF(AND(AU23="under",AU22>105),"o1.5","don't choose"))))))))) | AW24: =IF(AND(AS8="high",AV24="u2.5"),"u3.5",IF(AND(AU23="under",AO35="mega",AV24="u2.5"),"u3.5",IF(AND(AO35="mega",AV24="u.3.5+"),"u4.5+",IF(AND(AO35="mega",AV24="u1.5"),"u3.5",AV24)))) | AX24: =AVERAGE(AX19:AX23) | AY24: =MIN(AY19:AY23) | BA24: =(BA21+BA59)/2 | BB24: =IF(BG5=6,"draw",IF(BG6=6,"away",IF(BG7=6,"draw",IF(BG8=6,"home",IF(BG9=6,"away",IF(BG10=6,"away",IF(BG11=6,"home",IF(BG12=6,"away",IF(BG13=6,"draw",IF(BG14=6,"home","rountime")))))))))) | BC24: 2 | BD24: : | BE24: 5 | BF24: =POISSON(BC24,$C$7,FALSE)*POISSON(BE24,$D$7,FALSE)*100 | BG24: =RANK(BF24,$BF$5:$BF$36,0) | BH24: =IF(AND(BH27>0,BH27=BH21,OR(BH27=BH22,BH27=BH23)),"overD",IF(AND(BH27>BH21,BH27>BH22,BH27>BH23),"over",IF(AND(BH21>1,OR(BH21=BH22,BH21=BH23)),"Draw",IF(AND(BH21>BH22,BH22>BH23),"x2",IF(AND(BH21>BH23,BH23>BH22),"1x",IF(BH23>BH22,"home",IF(BH22>BH23,"away","draw"))))))) | BJ24: =BM8 | BK24: =BO8 | BL24: =Sheet3!U38 | BM24: =Sheet3!V38 | BN24: difference | BO24: =BO19-BO21 | BT24: =MAX(BU18,BV18) | BU24: =IF(AND(BT23="under",BT22<5),"u1.5",IF(AND(BT23="under",BT22<28),"u2.5",IF(AND(BT23="under",BT22<65),"u3.5",IF(AND(BT23="under",BT22<95),"u4.5",IF(AND(BT23="over",BT22>95),"o1.5",IF(AND(BT23="over",BT22>65),"o1.5",IF(AND(BT23="over",BT22>35),"o2.5",IF(AND(BT23="over",BT22<28,BT22>15),"u.3.5+",IF(AND(BT23="under",BT22>105),"o1.5","don't choose"))))))))) | BV24: =IF(AND(BR8="high",BU24="u2.5"),"u3.5",IF(AND(BT23="under",BN35="mega",BU24="u2.5"),"u3.5",IF(AND(BN35="mega",BU24="u.3.5+"),"u4.5+",IF(AND(BN35="mega",BU24="u1.5"),"u3.5",BU24)))) | BW24: =AVERAGE(BW19:BW23) | BX24: =MIN(BX19:BX23) | BZ24: =(BZ21+BZ59)/2 | CA24: =IF(CF5=6,"draw",IF(CF6=6,"away",IF(CF7=6,"draw",IF(CF8=6,"home",IF(CF9=6,"away",IF(CF10=6,"away",IF(CF11=6,"home",IF(CF12=6,"away",IF(CF13=6,"draw",IF(CF14=6,"home","rountime")))))))))) | CB24: 2 | CC24: : | CD24: 5 | CE24: =POISSON(CB24,$C$8,FALSE)*POISSON(CD24,$D$8,FALSE)*100 | CF24: =RANK(CE24,$CE$5:$CE$36,0) | CG24: =IF(AND(CG27>0,CG27=CG21,OR(CG27=CG22,CG27=CG23)),"overD",IF(AND(CG27>CG21,CG27>CG22,CG27>CG23),"over",IF(AND(CG21>1,OR(CG21=CG22,CG21=CG23)),"Draw",IF(AND(CG21>CG22,CG22>CG23),"x2",IF(AND(CG21>CG23,CG23>CG22),"1x",IF(CG23>CG22,"home",IF(CG22>CG23,"away","draw"))))))) | CK24: =Sheet3!AC38 | CL24: =Sheet3!AD38 | CM24: difference | CN24: =CN19-CN21 | CS24: =MAX(CT18,CU18) | CT24: =IF(AND(CS23="under",CS22<5),"u1.5",IF(AND(CS23="under",CS22<28),"u2.5",IF(AND(CS23="under",CS22<65),"u3.5",IF(AND(CS23="under",CS22<95),"u4.5",IF(AND(CS23="over",CS22>95),"o1.5",IF(AND(CS23="over",CS22>65),"o1.5",IF(AND(CS23="over",CS22>35),"o2.5",IF(AND(CS23="over",CS22<28,CS22>15),"u.3.5+",IF(AND(CS23="under",CS22>105),"o1.5","don't choose"))))))))) | CU24: =IF(AND(CQ8="high",CT24="u2.5"),"u3.5",IF(AND(CS23="under",CM35="mega",CT24="u2.5"),"u3.5",IF(AND(CM35="mega",CT24="u.3.5+"),"u4.5+",IF(AND(CM35="mega",CT24="u1.5"),"u3.5",CT24)))) | CV24: =AVERAGE(CV19:CV23) | CW24: =MIN(CW19:CW23) | CY24: =(CY21+CY59)/2 | CZ24: =IF(DE5=6,"draw",IF(DE6=6,"away",IF(DE7=6,"draw",IF(DE8=6,"home",IF(DE9=6,"away",IF(DE10=6,"away",IF(DE11=6,"home",IF(DE12=6,"away",IF(DE13=6,"draw",IF(DE14=6,"home","rountime")))))))))) | DA24: 2 | DB24: : | DC24: 5 | DD24: =POISSON(DA24,$C$9,FALSE)*POISSON(DC24,$D$9,FALSE)*100 | DE24: =RANK(DD24,$DD$5:$DD$36,0) | DF24: =IF(AND(DF27>0,DF27=DF21,OR(DF27=DF22,DF27=DF23)),"overD",IF(AND(DF27>DF21,DF27>DF22,DF27>DF23),"over",IF(AND(DF21>1,OR(DF21=DF22,DF21=DF23)),"Draw",IF(AND(DF21>DF22,DF22>DF23),"x2",IF(AND(DF21>DF23,DF23>DF22),"1x",IF(DF23>DF22,"home",IF(DF22>DF23,"away","draw"))))))) | DJ24: =Sheet3!AK38 | DK24: =Sheet3!AL38 | DL24: difference | DM24: =DM19-DM21 | DR24: =MAX(DS18,DT18) | DS24: =IF(AND(DR23="under",DR22<5),"u1.5",IF(AND(DR23="under",DR22<28),"u2.5",IF(AND(DR23="under",DR22<65),"u3.5",IF(AND(DR23="under",DR22<95),"u4.5",IF(AND(DR23="over",DR22>95),"o1.5",IF(AND(DR23="over",DR22>65),"o1.5",IF(AND(DR23="over",DR22>35),"o2.5",IF(AND(DR23="over",DR22<28,DR22>15),"u.3.5+",IF(AND(DR23="under",DR22>105),"o1.5","don't choose"))))))))) | DT24: =IF(AND(DP8="high",DS24="u2.5"),"u3.5",IF(AND(DR23="under",DL35="mega",DS24="u2.5"),"u3.5",IF(AND(DL35="mega",DS24="u.3.5+"),"u4.5+",IF(AND(DL35="mega",DS24="u1.5"),"u3.5",DS24)))) | DU24: =AVERAGE(DU19:DU23) | DV24: =MIN(DV19:DV23)
C25: =(C22+C58)/2 | D25: =IF(I5=7,"draw",IF(I6=7,"away",IF(I7=7,"draw",IF(I8=7,"home",IF(I9=7,"away",IF(I10=7,"away",IF(I11=7,"home",IF(I12=7,"away",IF(I13=7,"draw",IF(I14=7,"home","rountime")))))))))) | E25: 4 | F25: : | G25: 3 | H25: =POISSON(E25,$C$5,FALSE)*POISSON(G25,$D$5,FALSE)*100 | I25: =RANK(H25,$H$5:$H$36,0) | J25: =IF(AND(J22>J23,J23=0),"cleared away",IF(AND(J23>J22,J22=0),"cleared Home","doubled")) | L25: =O9 | M25: =R6 | Q25: =IF(Q24<0,-Q24,Q24) | V25: =IF(AND(W26<1,Y25="D'over"),"ok",IF(AND(W26<1,Y25="go"),"ok","check")) | W25: =IF(X24="o2.5",1,IF(X24="O1.5",0,"")) | X25: =IF(X24="o2.5",1,IF(X24="o1.5",1,IF(X24="don't choose",1,0))) | Y25: =IF(AND(X25=AW25,X25=1),"D'over",IF(OR(X25=1,AW25=1),"Add","go")) | Z25: =ABS(Z13)/Z11 | AB25: =(AB22+AB58)/2 | AC25: =IF(AH5=7,"draw",IF(AH6=7,"away",IF(AH7=7,"draw",IF(AH8=7,"home",IF(AH9=7,"away",IF(AH10=7,"away",IF(AH11=7,"home",IF(AH12=7,"away",IF(AH13=7,"draw",IF(AH14=7,"home","rountime")))))))))) | AD25: 4 | AE25: =AD25+AF25 | AF25: 3 | AG25: =POISSON(AD25,$C$6,FALSE)*POISSON(AF25,$D$6,FALSE)*100 | AH25: =RANK(AG25,$AG$5:$AG$36,0) | AI25: =IF(AND(AI22>AI23,AI23=0),"cleared away",IF(AND(AI23>AI22,AI22=0),"cleared Home","doubled")) | AK25: =AN9 | AL25: =AQ6 | AP25: =IF(AP24<0,-AP24,AP24) | AV25: =IF(OR(AW24="o2.5",AW24="O1.5"),"1","") | AW25: =IF(AW24="o2.5",1,IF(AW24="o1.5",1,IF(AW24="don't choose",1,0))) | BA25: =(BA22+BA58)/2 | BB25: =IF(BG5=7,"draw",IF(BG6=7,"away",IF(BG7=7,"draw",IF(BG8=7,"home",IF(BG9=7,"away",IF(BG10=7,"away",IF(BG11=7,"home",IF(BG12=7,"away",IF(BG13=7,"draw",IF(BG14=7,"home","rountime")))))))))) | BC25: 4 | BD25: : | BE25: 3 | BF25: =POISSON(BC25,$C$7,FALSE)*POISSON(BE25,$D$7,FALSE)*100 | BG25: =RANK(BF25,$BF$5:$BF$36,0) | BH25: =IF(AND(BH22>BH23,BH23=0),"cleared away",IF(AND(BH23>BH22,BH22=0),"cleared Home","doubled")) | BJ25: =BM9 | BK25: =BP6 | BO25: =IF(BO24<0,-BO24,BO24) | BU25: =IF(OR(BV24="o2.5",BV24="O1.5"),"1","") | BV25: =IF(BV24="o2.5",1,IF(BV24="o1.5",1,IF(BV24="don't choose",1,0))) | BW25: =IF(AND(BV25=CU25,BV25=1),"D'over",IF(OR(BV25=1,CU25=1),"Add","go")) | BZ25: =(BZ22+BZ58)/2 | CA25: =IF(CF5=7,"draw",IF(CF6=7,"away",IF(CF7=7,"draw",IF(CF8=7,"home",IF(CF9=7,"away",IF(CF10=7,"away",IF(CF11=7,"home",IF(CF12=7,"away",IF(CF13=7,"draw",IF(CF14=7,"home","rountime")))))))))) | CB25: 4 | CC25: : | CD25: 3 | CE25: =POISSON(CB25,$C$8,FALSE)*POISSON(CD25,$D$8,FALSE)*100 | CF25: =RANK(CE25,$CE$5:$CE$36,0) | CG25: =IF(AND(CG22>CG23,CG23=0),"cleared away",IF(AND(CG23>CG22,CG22=0),"cleared Home","doubled")) | CN25: =IF(CN24<0,-CN24,CN24) | CT25: =IF(CU24="o2.5",1,IF(CU24="O1.5",0,"")) | CU25: =IF(CU24="o2.5",1,IF(CU24="o1.5",1,IF(CU24="don't choose",1,0))) | CY25: =(CY22+CY58)/2 | CZ25: =IF(DE5=7,"draw",IF(DE6=7,"away",IF(DE7=7,"draw",IF(DE8=7,"home",IF(DE9=7,"away",IF(DE10=7,"away",IF(DE11=7,"home",IF(DE12=7,"away",IF(DE13=7,"draw",IF(DE14=7,"home","rountime")))))))))) | DA25: 4 | DB25: : | DC25: 3 | DD25: =POISSON(DA25,$C$9,FALSE)*POISSON(DC25,$D$9,FALSE)*100 | DE25: =RANK(DD25,$DD$5:$DD$36,0) | DF25: =IF(AND(DF22>DF23,DF23=0),"cleared away",IF(AND(DF23>DF22,DF22=0),"cleared Home","doubled")) | DM25: =IF(DM24<0,-DM24,DM24)
C26: =IF(AND(C23=C24,C24=C25),"equal",IF(C23=C25,"both equal",IF(C23=MAX(C23:C25),"home",IF(C24=MAX(C23:C25),"draw",IF(C25=MAX(C23:C25),"away",IF(OR(C23=C24,C25=C24),"either side","check")))))) | D26: =IF(I5=8,"draw",IF(I6=8,"away",IF(I7=8,"draw",IF(I8=8,"home",IF(I9=8,"away",IF(I10=8,"away",IF(I11=8,"home",IF(I12=8,"away",IF(I13=8,"draw",IF(I14=8,"home","rountime")))))))))) | E26: 5 | F26: : | G26: 0 | H26: =POISSON(E26,$C$5,FALSE)*POISSON(G26,$D$5,FALSE)*100 | I26: =RANK(H26,$H$5:$H$36,0) | J26: =IF(J20="yes",_xlfn.TEXTJOIN(", ",TRUE,J24,J25),IF(J20="no",_xlfn.TEXTJOIN(", ",TRUE,J62,J63),IF(J20="equal",_xlfn.TEXTJOIN(", ",TRUE,J24:J25,J62:J63)))) | L26: =O10 | M26: =R7 | P26: =Sheet3!G40 | W26: =COUNTIF(X26:AA26,1) | X26: =W25 | Y26: =AV25 | Z26: =BU25 | AA26: =CT25 | AB26: =IF(AND(AB23=AB24,AB24=AB25),"equal",IF(AB23=AB25,"both equal",IF(AB23=MAX(AB23:AB25),"home",IF(AB24=MAX(AB23:AB25),"draw",IF(AB25=MAX(AB23:AB25),"away",IF(OR(AB23=AB24,AB25=AB24),"either side","check")))))) | AC26: =IF(AH5=8,"draw",IF(AH6=8,"away",IF(AH7=8,"draw",IF(AH8=8,"home",IF(AH9=8,"away",IF(AH10=8,"away",IF(AH11=8,"home",IF(AH12=8,"away",IF(AH13=8,"draw",IF(AH14=8,"home","rountime")))))))))) | AD26: 5 | AE26: =AD26+AF26 | AF26: 0 | AG26: =POISSON(AD26,$C$6,FALSE)*POISSON(AF26,$D$6,FALSE)*100 | AH26: =RANK(AG26,$AG$5:$AG$36,0) | AI26: =IF(AI20="yes",_xlfn.TEXTJOIN(", ",TRUE,AI24,AI25),IF(AI20="no",_xlfn.TEXTJOIN(", ",TRUE,AI62,AI63),IF(AI20="equal",_xlfn.TEXTJOIN(", ",TRUE,AI24:AI25,AI62:AI63)))) | AK26: =AN10 | AL26: =AQ7 | AO26: =Sheet3!O40 | BA26: =IF(AND(BA23=BA24,BA24=BA25),"equal",IF(BA23=BA25,"both equal",IF(BA23=MAX(BA23:BA25),"home",IF(BA24=MAX(BA23:BA25),"draw",IF(BA25=MAX(BA23:BA25),"away",IF(OR(BA23=BA24,BA25=BA24),"either side","check")))))) | BB26: =IF(BG5=8,"draw",IF(BG6=8,"away",IF(BG7=8,"draw",IF(BG8=8,"home",IF(BG9=8,"away",IF(BG10=8,"away",IF(BG11=8,"home",IF(BG12=8,"away",IF(BG13=8,"draw",IF(BG14=8,"home","rountime")))))))))) | BC26: 5 | BD26: : | BE26: 0 | BF26: =POISSON(BC26,$C$7,FALSE)*POISSON(BE26,$D$7,FALSE)*100 | BG26: =RANK(BF26,$BF$5:$BF$36,0) | BH26: =IF(BH20="yes",_xlfn.TEXTJOIN(", ",TRUE,BH24,BH25),IF(BH20="no",_xlfn.TEXTJOIN(", ",TRUE,BH62,BH63),IF(BH20="equal",_xlfn.TEXTJOIN(", ",TRUE,BH24:BH25,BH62:BH63)))) | BJ26: =BM10 | BK26: =BP7 | BN26: =Sheet3!W40 | BZ26: =IF(AND(BZ23=BZ24,BZ24=BZ25),"equal",IF(BZ23=BZ25,"both equal",IF(BZ23=MAX(BZ23:BZ25),"home",IF(BZ24=MAX(BZ23:BZ25),"draw",IF(BZ25=MAX(BZ23:BZ25),"away",IF(OR(BZ23=BZ24,BZ25=BZ24),"either side","check")))))) | CA26: =IF(CF5=8,"draw",IF(CF6=8,"away",IF(CF7=8,"draw",IF(CF8=8,"home",IF(CF9=8,"away",IF(CF10=8,"away",IF(CF11=8,"home",IF(CF12=8,"away",IF(CF13=8,"draw",IF(CF14=8,"home","rountime")))))))))) | CB26: 5 | CC26: : | CD26: 0 | CE26: =POISSON(CB26,$C$8,FALSE)*POISSON(CD26,$D$8,FALSE)*100 | CF26: =RANK(CE26,$CE$5:$CE$36,0) | CG26: =IF(CG20="yes",_xlfn.TEXTJOIN(", ",TRUE,CG24,CG25),IF(CG20="no",_xlfn.TEXTJOIN(", ",TRUE,CG62,CG63),IF(CG20="equal",_xlfn.TEXTJOIN(", ",TRUE,CG24:CG25,CG62:CG63)))) | CM26: =Sheet3!AE40 | CY26: =IF(AND(CY23=CY24,CY24=CY25),"equal",IF(CY23=CY25,"both equal",IF(CY23=MAX(CY23:CY25),"home",IF(CY24=MAX(CY23:CY25),"draw",IF(CY25=MAX(CY23:CY25),"away",IF(OR(CY23=CY24,CY25=CY24),"either side","check")))))) | CZ26: =IF(DE5=8,"draw",IF(DE6=8,"away",IF(DE7=8,"draw",IF(DE8=8,"home",IF(DE9=8,"away",IF(DE10=8,"away",IF(DE11=8,"home",IF(DE12=8,"away",IF(DE13=8,"draw",IF(DE14=8,"home","rountime")))))))))) | DA26: 5 | DB26: : | DC26: 0 | DD26: =POISSON(DA26,$C$9,FALSE)*POISSON(DC26,$D$9,FALSE)*100 | DE26: =RANK(DD26,$DD$5:$DD$36,0) | DF26: =IF(DF20="yes",_xlfn.TEXTJOIN(", ",TRUE,DF24,DF25),IF(DF20="no",_xlfn.TEXTJOIN(", ",TRUE,DF62,DF63),IF(DF20="equal",_xlfn.TEXTJOIN(", ",TRUE,DF24:DF25,DF62:DF63)))) | DL26: =Sheet3!AM40
C27: =ABS(C23-C25) | D27: =IF(I5=9,"draw",IF(I6=9,"away",IF(I7=9,"draw",IF(I8=9,"home",IF(I9=9,"away",IF(I10=9,"away",IF(I11=9,"home",IF(I12=9,"away",IF(I13=9,"draw",IF(I14=9,"home","rountime")))))))))) | E27: 5 | F27: : | G27: 2 | H27: =POISSON(E27,$C$5,FALSE)*POISSON(G27,$D$5,FALSE)*100 | I27: =RANK(H27,$H$5:$H$36,0) | J27: =COUNTIF(J10:J13,0) | L27: =O11 | M27: =R8 | O27: =MAX(Q28,Q29) | P27: =Q14-Q52 | Q27: =R14-R52 | R27: =IF(P27<0,-P27,P27)-IF(Q27<0,-Q27,Q27) | S27: =IF(O24="both tabs",ABS(P27)+ABS(Q27),ABS(R27)) | Z27: =IF(Y25="D'over","Yes","no") | AB27: =ABS(AB23-AB25) | AC27: =IF(AH5=9,"draw",IF(AH6=9,"away",IF(AH7=9,"draw",IF(AH8=9,"home",IF(AH9=9,"away",IF(AH10=9,"away",IF(AH11=9,"home",IF(AH12=9,"away",IF(AH13=9,"draw",IF(AH14=9,"home","rountime")))))))))) | AD27: 5 | AE27: =AD27+AF27 | AF27: 2 | AG27: =POISSON(AD27,$C$6,FALSE)*POISSON(AF27,$D$6,FALSE)*100 | AH27: =RANK(AG27,$AG$5:$AG$36,0) | AI27: =COUNTIF(AI10:AI13,0) | AK27: =AN11 | AL27: =AQ8 | AN27: =MAX(AP28,AP29) | AO27: =AP14-AP52 | AP27: =AQ14-AQ52 | AQ27: =IF(AO27<0,-AO27,AO27)-IF(AP27<0,-AP27,AP27) | AR27: =IF(AN24="both tabs",ABS(AO27)+ABS(AP27),ABS(AQ27)) | BA27: =ABS(BA23-BA25) | BB27: =IF(BG5=9,"draw",IF(BG6=9,"away",IF(BG7=9,"draw",IF(BG8=9,"home",IF(BG9=9,"away",IF(BG10=9,"away",IF(BG11=9,"home",IF(BG12=9,"away",IF(BG13=9,"draw",IF(BG14=9,"home","rountime")))))))))) | BC27: 5 | BD27: : | BE27: 2 | BF27: =POISSON(BC27,$C$7,FALSE)*POISSON(BE27,$D$7,FALSE)*100 | BG27: =RANK(BF27,$BF$5:$BF$36,0) | BH27: =COUNTIF(BH10:BH13,0) | BJ27: =BM11 | BK27: =BP8 | BM27: =MAX(BO28,BO29) | BN27: =BO14-BO52 | BO27: =BP14-BP52 | BP27: =IF(BN27<0,-BN27,BN27)-IF(BO27<0,-BO27,BO27) | BQ27: =IF(BM24="both tabs",ABS(BN27)+ABS(BO27),ABS(BP27)) | BZ27: =ABS(BZ23-BZ25) | CA27: =IF(CF5=9,"draw",IF(CF6=9,"away",IF(CF7=9,"draw",IF(CF8=9,"home",IF(CF9=9,"away",IF(CF10=9,"away",IF(CF11=9,"home",IF(CF12=9,"away",IF(CF13=9,"draw",IF(CF14=9,"home","rountime")))))))))) | CB27: 5 | CC27: : | CD27: 2 | CE27: =POISSON(CB27,$C$8,FALSE)*POISSON(CD27,$D$8,FALSE)*100 | CF27: =RANK(CE27,$CE$5:$CE$36,0) | CG27: =COUNTIF(CG10:CG13,0) | CL27: =MAX(CN28,CN29) | CM27: =CN14-CN52 | CN27: =CO14-CO52 | CO27: =IF(CM27<0,-CM27,CM27)-IF(CN27<0,-CN27,CN27) | CP27: =IF(CL24="both tabs",ABS(CM27)+ABS(CN27),ABS(CO27)) | CY27: =ABS(CY23-CY25) | CZ27: =IF(DE5=9,"draw",IF(DE6=9,"away",IF(DE7=9,"draw",IF(DE8=9,"home",IF(DE9=9,"away",IF(DE10=9,"away",IF(DE11=9,"home",IF(DE12=9,"away",IF(DE13=9,"draw",IF(DE14=9,"home","rountime")))))))))) | DA27: 5 | DB27: : | DC27: 2 | DD27: =POISSON(DA27,$C$9,FALSE)*POISSON(DC27,$D$9,FALSE)*100 | DE27: =RANK(DD27,$DD$5:$DD$36,0) | DF27: =COUNTIF(DF10:DF13,0) | DK27: =MAX(DM28,DM29) | DL27: =DM14-DM52 | DM27: =DN14-DN52 | DN27: =IF(DL27<0,-DL27,DL27)-IF(DM27<0,-DM27,DM27) | DO27: =IF(DK24="both tabs",ABS(DL27)+ABS(DM27),ABS(DN27))
C28: =IF(C27>1.4,"high",IF(C27>0.2,"low","medium")) | D28: =IF(I5=10,"draw",IF(I6=10,"away",IF(I7=10,"draw",IF(I8=10,"home",IF(I9=10,"away",IF(I10=10,"away",IF(I11=10,"home",IF(I12=10,"away",IF(I13=10,"draw",IF(I14=10,"home","rountime")))))))))) | E28: 3 | F28: : | G28: 5 | H28: =POISSON(E28,$C$5,FALSE)*POISSON(G28,$D$5,FALSE)*100 | I28: =RANK(H28,$H$5:$H$36,0) | J28: =IF(AND(K14="o2.5",K52="o2.5"),"o2.5",IF(AND(K52="o2.5",K14="u4.5"),"Rtu3.5",IF(AND(K14="o2.5",K52="u4.5"),"Rtu3.5",IF(AND(K52="u2.5",K14="u2.5"),"u2.5",IF(AND(K14="u4.5",K52="u4.5"),"u2.5+",IF(AND(K14="u4.5",K52="u2.5"),"u3.5",IF(AND(K52="u4.5",K14="u2.5"),"u3.5","check"))))))) | L28: =P9 | M28: =R9 | O28: =IF(Sheet3!D8="Tab1 ",Check!G7,N24) | P28: =IF(AND(P27>0,Q27<0),"Home win",IF(AND(P27>0,Q27>0,P27>Q27),"home win",IF(AND(P27<0,Q27>0),"Away win","Draw"))) | Q28: =IF(P27<0,-P27,P27) | R28: =AVERAGE(Q28,Q29) | S28: =R28+R29 | AB28: =IF(AB27>1.4,"high",IF(AB27>0.2,"low","medium")) | AC28: =IF(AH5=10,"draw",IF(AH6=10,"away",IF(AH7=10,"draw",IF(AH8=10,"home",IF(AH9=10,"away",IF(AH10=10,"away",IF(AH11=10,"home",IF(AH12=10,"away",IF(AH13=10,"draw",IF(AH14=10,"home","rountime")))))))))) | AD28: 3 | AE28: =AD28+AF28 | AF28: 5 | AG28: =POISSON(AD28,$C$6,FALSE)*POISSON(AF28,$D$6,FALSE)*100 | AH28: =RANK(AG28,$AG$5:$AG$36,0) | AI28: =IF(AND(AJ14="o2.5",AJ52="o2.5"),"o2.5",IF(AND(AJ52="o2.5",AJ14="u4.5"),"Rtu3.5",IF(AND(AJ14="o2.5",AJ52="u4.5"),"Rtu3.5",IF(AND(AJ52="u2.5",AJ14="u2.5"),"u2.5",IF(AND(AJ14="u4.5",AJ52="u4.5"),"u2.5+",IF(AND(AJ14="u4.5",AJ52="u2.5"),"u3.5",IF(AND(AJ52="u4.5",AJ14="u2.5"),"u3.5","check"))))))) | AK28: =AO9 | AL28: =AQ9 | AN28: =IF(Sheet3!L8="Tab1 ",Check!O7,AM24) | AO28: =IF(AND(AO27>0,AP27<0),"Home win",IF(AND(AO27>0,AP27>0,AO27>AP27),"home win",IF(AND(AO27<0,AP27>0),"Away win","Draw"))) | AP28: =IF(AO27<0,-AO27,AO27) | AQ28: =AVERAGE(AP28,AP29) | AR28: =AQ28+AQ29 | BA28: =IF(BA27>1.4,"high",IF(BA27>0.2,"low","medium")) | BB28: =IF(BG5=10,"draw",IF(BG6=10,"away",IF(BG7=10,"draw",IF(BG8=10,"home",IF(BG9=10,"away",IF(BG10=10,"away",IF(BG11=10,"home",IF(BG12=10,"away",IF(BG13=10,"draw",IF(BG14=10,"home","rountime")))))))))) | BC28: 3 | BD28: : | BE28: 5 | BF28: =POISSON(BC28,$C$7,FALSE)*POISSON(BE28,$D$7,FALSE)*100 | BG28: =RANK(BF28,$BF$5:$BF$36,0) | BH28: =IF(AND(BI14="o2.5",BI52="o2.5"),"o2.5",IF(AND(BI52="o2.5",BI14="u4.5"),"Rtu3.5",IF(AND(BI14="o2.5",BI52="u4.5"),"Rtu3.5",IF(AND(BI52="u2.5",BI14="u2.5"),"u2.5",IF(AND(BI14="u4.5",BI52="u4.5"),"u2.5+",IF(AND(BI14="u4.5",BI52="u2.5"),"u3.5",IF(AND(BI52="u4.5",BI14="u2.5"),"u3.5","check"))))))) | BJ28: =BN9 | BK28: =BP9 | BM28: =IF(Sheet3!T8="Tab1 ",Check!W7,BL24) | BN28: =IF(AND(BN27>0,BO27<0),"Home win",IF(AND(BN27>0,BO27>0,BN27>BO27),"home win",IF(AND(BN27<0,BO27>0),"Away win","Draw"))) | BO28: =IF(BN27<0,-BN27,BN27) | BP28: =AVERAGE(BO28,BO29) | BQ28: =BP28+BP29 | BZ28: =IF(BZ27>1.4,"high",IF(BZ27>0.2,"low","medium")) | CA28: =IF(CF5=10,"draw",IF(CF6=10,"away",IF(CF7=10,"draw",IF(CF8=10,"home",IF(CF9=10,"away",IF(CF10=10,"away",IF(CF11=10,"home",IF(CF12=10,"away",IF(CF13=10,"draw",IF(CF14=10,"home","rountime")))))))))) | CB28: 3 | CC28: : | CD28: 5 | CE28: =POISSON(CB28,$C$8,FALSE)*POISSON(CD28,$D$8,FALSE)*100 | CF28: =RANK(CE28,$CE$5:$CE$36,0) | CG28: =IF(AND(CH14="o2.5",CH52="o2.5"),"o2.5",IF(AND(CH52="o2.5",CH14="u4.5"),"Rtu3.5",IF(AND(CH14="o2.5",CH52="u4.5"),"Rtu3.5",IF(AND(CH52="u2.5",CH14="u2.5"),"u2.5",IF(AND(CH14="u4.5",CH52="u4.5"),"u2.5+",IF(AND(CH14="u4.5",CH52="u2.5"),"u3.5",IF(AND(CH52="u4.5",CH14="u2.5"),"u3.5","check"))))))) | CL28: =IF(Sheet3!AB8="Tab1 ",Check!AE7,CK24) | CM28: =IF(AND(CM27>0,CN27<0),"Home win",IF(AND(CM27>0,CN27>0,CM27>CN27),"home win",IF(AND(CM27<0,CN27>0),"Away win","Draw"))) | CN28: =IF(CM27<0,-CM27,CM27) | CO28: =AVERAGE(CN28,CN29) | CP28: =CO28+CO29 | CY28: =IF(CY27>1.4,"high",IF(CY27>0.2,"low","medium")) | CZ28: =IF(DE5=10,"draw",IF(DE6=10,"away",IF(DE7=10,"draw",IF(DE8=10,"home",IF(DE9=10,"away",IF(DE10=10,"away",IF(DE11=10,"home",IF(DE12=10,"away",IF(DE13=10,"draw",IF(DE14=10,"home","rountime")))))))))) | DA28: 3 | DB28: : | DC28: 5 | DD28: =POISSON(DA28,$C$9,FALSE)*POISSON(DC28,$D$9,FALSE)*100 | DE28: =RANK(DD28,$DD$5:$DD$36,0) | DF28: =IF(AND(DG14="o2.5",DG52="o2.5"),"o2.5",IF(AND(DG52="o2.5",DG14="u4.5"),"Rtu3.5",IF(AND(DG14="o2.5",DG52="u4.5"),"Rtu3.5",IF(AND(DG52="u2.5",DG14="u2.5"),"u2.5",IF(AND(DG14="u4.5",DG52="u4.5"),"u2.5+",IF(AND(DG14="u4.5",DG52="u2.5"),"u3.5",IF(AND(DG52="u4.5",DG14="u2.5"),"u3.5","check"))))))) | DK28: =IF(Sheet3!AJ8="Tab1 ",Check!AM7,DJ24) | DL28: =IF(AND(DL27>0,DM27<0),"Home win",IF(AND(DL27>0,DM27>0,DL27>DM27),"home win",IF(AND(DL27<0,DM27>0),"Away win","Draw"))) | DM28: =IF(DL27<0,-DL27,DL27) | DN28: =AVERAGE(DM28,DM29) | DO28: =DN28+DN29
C29: =C23/(C23+C24+C25)*100 | D29: =C24/(C23+C24+C25)*100 | E29: 4 | F29: : | G29: 4 | H29: =POISSON(E29,$C$5,FALSE)*POISSON(G29,$D$5,FALSE)*100 | I29: =RANK(H29,$H$5:$H$36,0) | L29: =P10 | M29: =S6 | O29: =IF(AND(P26="away",OR(R29>0.7,R29<-0.1),O24="Both Tabs"),"away",IF(AND(P26="home",OR(R29>0.7,R29<-0.1),O24="Both Tabs"),"home")) | P29: =IF(P28="home win",IF(R27<0,-R27,R27),IF(P28="draw",IF(R27<0,-R27,R27),IF(P28="away win",IF(R27<0,-R27,R27)))) | Q29: =IF(Q27<0,-Q27,Q27) | R29: =ABS(R28-P29) | S29: =S27/R29 | AB29: =AB23/(AB23+AB24+AB25)*100 | AC29: =AB24/(AB23+AB24+AB25)*100 | AD29: 4 | AE29: =AD29+AF29 | AF29: 4 | AG29: =POISSON(AD29,$C$6,FALSE)*POISSON(AF29,$D$6,FALSE)*100 | AH29: =RANK(AG29,$AG$5:$AG$36,0) | AK29: =AO10 | AL29: =AR6 | AN29: =IF(AND(AO26="away",OR(AQ29>0.7,AQ29<-0.1),AN24="Both Tabs"),"away",IF(AND(AO26="home",OR(AQ29>0.7,AQ29<-0.1),AN24="Both Tabs"),"home")) | AO29: =IF(AO28="home win",IF(AQ27<0,-AQ27,AQ27),IF(AO28="draw",IF(AQ27<0,-AQ27,AQ27),IF(AO28="away win",IF(AQ27<0,-AQ27,AQ27)))) | AP29: =IF(AP27<0,-AP27,AP27) | AQ29: =ABS(AQ28-AO29) | AR29: =AR27/AQ29 | BA29: =BA23/(BA23+BA24+BA25)*100 | BB29: =BA24/(BA23+BA24+BA25)*100 | BC29: 4 | BD29: : | BE29: 4 | BF29: =POISSON(BC29,$C$7,FALSE)*POISSON(BE29,$D$7,FALSE)*100 | BG29: =RANK(BF29,$BF$5:$BF$36,0) | BJ29: =BN10 | BK29: =BQ6 | BM29: =IF(AND(BN26="away",OR(BP29>0.7,BP29<-0.1),BM24="Both Tabs"),"away",IF(AND(BN26="home",OR(BP29>0.7,BP29<-0.1),BM24="Both Tabs"),"home")) | BN29: =IF(BN28="home win",IF(BP27<0,-BP27,BP27),IF(BN28="draw",IF(BP27<0,-BP27,BP27),IF(BN28="away win",IF(BP27<0,-BP27,BP27)))) | BO29: =IF(BO27<0,-BO27,BO27) | BP29: =ABS(BP28-BN29) | BQ29: =BQ27/BP29 | BZ29: =BZ23/(BZ23+BZ24+BZ25)*100 | CA29: =BZ24/(BZ23+BZ24+BZ25)*100 | CB29: 4 | CC29: : | CD29: 4 | CE29: =POISSON(CB29,$C$8,FALSE)*POISSON(CD29,$D$8,FALSE)*100 | CF29: =RANK(CE29,$CE$5:$CE$36,0) | CL29: =IF(AND(CM26="away",OR(CO29>0.7,CO29<-0.1),CL24="Both Tabs"),"away",IF(AND(CM26="home",OR(CO29>0.7,CO29<-0.1),CL24="Both Tabs"),"home")) | CM29: =IF(CM28="home win",IF(CO27<0,-CO27,CO27),IF(CM28="draw",IF(CO27<0,-CO27,CO27),IF(CM28="away win",IF(CO27<0,-CO27,CO27)))) | CN29: =IF(CN27<0,-CN27,CN27) | CO29: =ABS(CO28-CM29) | CP29: =CP27/CO29 | CY29: =CY23/(CY23+CY24+CY25)*100 | CZ29: =CY24/(CY23+CY24+CY25)*100 | DA29: 4 | DB29: : | DC29: 4 | DD29: =POISSON(DA29,$C$9,FALSE)*POISSON(DC29,$D$9,FALSE)*100 | DE29: =RANK(DD29,$DD$5:$DD$36,0) | DK29: =IF(AND(DL26="away",OR(DN29>0.7,DN29<-0.1),DK24="Both Tabs"),"away",IF(AND(DL26="home",OR(DN29>0.7,DN29<-0.1),DK24="Both Tabs"),"home")) | DL29: =IF(DL28="home win",IF(DN27<0,-DN27,DN27),IF(DL28="draw",IF(DN27<0,-DN27,DN27),IF(DL28="away win",IF(DN27<0,-DN27,DN27)))) | DM29: =IF(DM27<0,-DM27,DM27) | DN29: =ABS(DN28-DL29) | DO29: =DO27/DN29
C30: =C25/(C23+C24+C25)*100 | D30: =IF(AND(C29=D29,D29=C30),"all equal",IF(C29=C30,"both equal",IF(OR(C29=D29,C30=D29),"equal",IF(C29=MAX(C29,C30),"home","away")))) | E30: 5 | F30: : | G30: 3 | H30: =POISSON(E30,$C$5,FALSE)*POISSON(G30,$D$5,FALSE)*100 | I30: =RANK(H30,$H$5:$H$36,0) | L30: =P11 | M30: =S7 | O30: =IF(AND(O28="away",P28="away win",R30="D"),"ignore",IF(AND(O28="home",P28="home win",R30="D"),"ignore",IF(AND(O28="away",P28="away win",R30="B"),"Awin",IF(AND(O28="away",P28="away win",R30="B1"),"double away",IF(AND(O28="home",P28="home win",R30="B")," double home",IF(AND(O28="home",P28="home win",R30="B1"),"Hwin",IF(AND(O28="away",P28="away win",R30="A"),"Awin",IF(AND(O28="away",P28="away win",R30="A1"),"double away",IF(AND(O28="home",P28="home win",R30="A1"),"Hwin",IF(AND(O28="home",P28="home win",R30="A")," double home",IF(AND(O28="home",P28="draw",R30="d"),"ignore",IF(AND(O28="home",P28="draw",R30="B"),"double home",IF(AND(O28="home",P28="draw",R30="A"),"double home",IF(AND(O28="home",P28="draw",R30="A1"),"2 handicap home",IF(AND(O28="home",P28="draw",R30="B1"),"2 handicap home",IF(AND(O28="away",P28="draw",R30="d"),"ignore",IF(AND(O28="away",P28="draw",R30="B1"),"double away",IF(AND(O28="away",P28="draw",R30="A1"),"double away",IF(AND(O28="away",P28="draw",R30="B"),"2 HANDICAP AWAY",IF(AND(O28="away",P28="draw",R30="a"),"2 HANDICAP AWAY")))))))))))))))))))) | P30: =P29-Q30 | Q30: =IF(R29<0,-R29,R29) | R30: =IF(AND(R29<0.5,R29>-0.5),"D",IF(AND(R29<1,R29>0.5),"B",IF(AND(R29<-0.5,R29>-1),"B1",IF(R29>1,"A","A1")))) | S30: =S29-S28 | AB30: =AB25/(AB23+AB24+AB25)*100 | AC30: =IF(AND(AB29=AC29,AC29=AB30),"all equal",IF(AB29=AB30,"both equal",IF(OR(AB29=AC29,AB30=AC29),"equal",IF(AB29=MAX(AB29,AB30),"home","away")))) | AD30: 5 | AE30: =AD30+AF30 | AF30: 3 | AG30: =POISSON(AD30,$C$6,FALSE)*POISSON(AF30,$D$6,FALSE)*100 | AH30: =RANK(AG30,$AG$5:$AG$36,0) | AK30: =AO11 | AL30: =AR7 | AN30: =IF(AND(AN28="away",AO28="away win",AQ30="D"),"ignore",IF(AND(AN28="home",AO28="home win",AQ30="D"),"ignore",IF(AND(AN28="away",AO28="away win",AQ30="B"),"Awin",IF(AND(AN28="away",AO28="away win",AQ30="B1"),"double away",IF(AND(AN28="home",AO28="home win",AQ30="B")," double home",IF(AND(AN28="home",AO28="home win",AQ30="B1"),"Hwin",IF(AND(AN28="away",AO28="away win",AQ30="A"),"Awin",IF(AND(AN28="away",AO28="away win",AQ30="A1"),"double away",IF(AND(AN28="home",AO28="home win",AQ30="A1"),"Hwin",IF(AND(AN28="home",AO28="home win",AQ30="A")," double home",IF(AND(AN28="home",AO28="draw",AQ30="d"),"ignore",IF(AND(AN28="home",AO28="draw",AQ30="B"),"double home",IF(AND(AN28="home",AO28="draw",AQ30="A"),"double home",IF(AND(AN28="home",AO28="draw",AQ30="A1"),"2 handicap home",IF(AND(AN28="home",AO28="draw",AQ30="B1"),"2 handicap home",IF(AND(AN28="away",AO28="draw",AQ30="d"),"ignore",IF(AND(AN28="away",AO28="draw",AQ30="B1"),"double away",IF(AND(AN28="away",AO28="draw",AQ30="A1"),"double away",IF(AND(AN28="away",AO28="draw",AQ30="B"),"2 HANDICAP AWAY",IF(AND(AN28="away",AO28="draw",AQ30="a"),"2 HANDICAP AWAY")))))))))))))))))))) | AO30: =AO29-AP30 | AP30: =IF(AQ29<0,-AQ29,AQ29) | AQ30: =IF(AND(AQ29<0.5,AQ29>-0.5),"D",IF(AND(AQ29<1,AQ29>0.5),"B",IF(AND(AQ29<-0.5,AQ29>-1),"B1",IF(AQ29>1,"A","A1")))) | AR30: =AR29-AR28 | BA30: =BA25/(BA23+BA24+BA25)*100 | BB30: =IF(AND(BA29=BB29,BB29=BA30),"all equal",IF(BA29=BA30,"both equal",IF(OR(BA29=BB29,BA30=BB29),"equal",IF(BA29=MAX(BA29,BA30),"home","away")))) | BC30: 5 | BD30: : | BE30: 3 | BF30: =POISSON(BC30,$C$7,FALSE)*POISSON(BE30,$D$7,FALSE)*100 | BG30: =RANK(BF30,$BF$5:$BF$36,0) | BJ30: =BN11 | BK30: =BQ7 | BM30: =IF(AND(BM28="away",BN28="away win",BP30="D"),"ignore",IF(AND(BM28="home",BN28="home win",BP30="D"),"ignore",IF(AND(BM28="away",BN28="away win",BP30="B"),"Awin",IF(AND(BM28="away",BN28="away win",BP30="B1"),"double away",IF(AND(BM28="home",BN28="home win",BP30="B")," double home",IF(AND(BM28="home",BN28="home win",BP30="B1"),"Hwin",IF(AND(BM28="away",BN28="away win",BP30="A"),"Awin",IF(AND(BM28="away",BN28="away win",BP30="A1"),"double away",IF(AND(BM28="home",BN28="home win",BP30="A1"),"Hwin",IF(AND(BM28="home",BN28="home win",BP30="A")," double home",IF(AND(BM28="home",BN28="draw",BP30="d"),"ignore",IF(AND(BM28="home",BN28="draw",BP30="B"),"double home",IF(AND(BM28="home",BN28="draw",BP30="A"),"double home",IF(AND(BM28="home",BN28="draw",BP30="A1"),"2 handicap home",IF(AND(BM28="home",BN28="draw",BP30="B1"),"2 handicap home",IF(AND(BM28="away",BN28="draw",BP30="d"),"ignore",IF(AND(BM28="away",BN28="draw",BP30="B1"),"double away",IF(AND(BM28="away",BN28="draw",BP30="A1"),"double away",IF(AND(BM28="away",BN28="draw",BP30="B"),"2 HANDICAP AWAY",IF(AND(BM28="away",BN28="draw",BP30="a"),"2 HANDICAP AWAY")))))))))))))))))))) | BN30: =BN29-BO30 | BO30: =IF(BP29<0,-BP29,BP29) | BP30: =IF(AND(BP29<0.5,BP29>-0.5),"D",IF(AND(BP29<1,BP29>0.5),"B",IF(AND(BP29<-0.5,BP29>-1),"B1",IF(BP29>1,"A","A1")))) | BQ30: =BQ29-BQ28 | BZ30: =BZ25/(BZ23+BZ24+BZ25)*100 | CA30: =IF(AND(BZ29=CA29,CA29=BZ30),"all equal",IF(BZ29=BZ30,"both equal",IF(OR(BZ29=CA29,BZ30=CA29),"equal",IF(BZ29=MAX(BZ29,BZ30),"home","away")))) | CB30: 5 | CC30: : | CD30: 3 | CE30: =POISSON(CB30,$C$8,FALSE)*POISSON(CD30,$D$8,FALSE)*100 | CF30: =RANK(CE30,$CE$5:$CE$36,0) | CL30: =IF(AND(CL28="away",CM28="away win",CO30="D"),"ignore",IF(AND(CL28="home",CM28="home win",CO30="D"),"ignore",IF(AND(CL28="away",CM28="away win",CO30="B"),"Awin",IF(AND(CL28="away",CM28="away win",CO30="B1"),"double away",IF(AND(CL28="home",CM28="home win",CO30="B")," double home",IF(AND(CL28="home",CM28="home win",CO30="B1"),"Hwin",IF(AND(CL28="away",CM28="away win",CO30="A"),"Awin",IF(AND(CL28="away",CM28="away win",CO30="A1"),"double away",IF(AND(CL28="home",CM28="home win",CO30="A1"),"Hwin",IF(AND(CL28="home",CM28="home win",CO30="A")," double home",IF(AND(CL28="home",CM28="draw",CO30="d"),"ignore",IF(AND(CL28="home",CM28="draw",CO30="B"),"double home",IF(AND(CL28="home",CM28="draw",CO30="A"),"double home",IF(AND(CL28="home",CM28="draw",CO30="A1"),"2 handicap home",IF(AND(CL28="home",CM28="draw",CO30="B1"),"2 handicap home",IF(AND(CL28="away",CM28="draw",CO30="d"),"ignore",IF(AND(CL28="away",CM28="draw",CO30="B1"),"double away",IF(AND(CL28="away",CM28="draw",CO30="A1"),"double away",IF(AND(CL28="away",CM28="draw",CO30="B"),"2 HANDICAP AWAY",IF(AND(CL28="away",CM28="draw",CO30="a"),"2 HANDICAP AWAY")))))))))))))))))))) | CM30: =CM29-CN30 | CN30: =IF(CO29<0,-CO29,CO29) | CO30: =IF(AND(CO29<0.5,CO29>-0.5),"D",IF(AND(CO29<1,CO29>0.5),"B",IF(AND(CO29<-0.5,CO29>-1),"B1",IF(CO29>1,"A","A1")))) | CP30: =CP29-CP28 | CY30: =CY25/(CY23+CY24+CY25)*100 | CZ30: =IF(AND(CY29=CZ29,CZ29=CY30),"all equal",IF(CY29=CY30,"both equal",IF(OR(CY29=CZ29,CY30=CZ29),"equal",IF(CY29=MAX(CY29,CY30),"home","away")))) | DA30: 5 | DB30: : | DC30: 3 | DD30: =POISSON(DA30,$C$9,FALSE)*POISSON(DC30,$D$9,FALSE)*100 | DE30: =RANK(DD30,$DD$5:$DD$36,0) | DK30: =IF(AND(DK28="away",DL28="away win",DN30="D"),"ignore",IF(AND(DK28="home",DL28="home win",DN30="D"),"ignore",IF(AND(DK28="away",DL28="away win",DN30="B"),"Awin",IF(AND(DK28="away",DL28="away win",DN30="B1"),"double away",IF(AND(DK28="home",DL28="home win",DN30="B")," double home",IF(AND(DK28="home",DL28="home win",DN30="B1"),"Hwin",IF(AND(DK28="away",DL28="away win",DN30="A"),"Awin",IF(AND(DK28="away",DL28="away win",DN30="A1"),"double away",IF(AND(DK28="home",DL28="home win",DN30="A1"),"Hwin",IF(AND(DK28="home",DL28="home win",DN30="A")," double home",IF(AND(DK28="home",DL28="draw",DN30="d"),"ignore",IF(AND(DK28="home",DL28="draw",DN30="B"),"double home",IF(AND(DK28="home",DL28="draw",DN30="A"),"double home",IF(AND(DK28="home",DL28="draw",DN30="A1"),"2 handicap home",IF(AND(DK28="home",DL28="draw",DN30="B1"),"2 handicap home",IF(AND(DK28="away",DL28="draw",DN30="d"),"ignore",IF(AND(DK28="away",DL28="draw",DN30="B1"),"double away",IF(AND(DK28="away",DL28="draw",DN30="A1"),"double away",IF(AND(DK28="away",DL28="draw",DN30="B"),"2 HANDICAP AWAY",IF(AND(DK28="away",DL28="draw",DN30="a"),"2 HANDICAP AWAY")))))))))))))))))))) | DL30: =DL29-DM30 | DM30: =IF(DN29<0,-DN29,DN29) | DN30: =IF(AND(DN29<0.5,DN29>-0.5),"D",IF(AND(DN29<1,DN29>0.5),"B",IF(AND(DN29<-0.5,DN29>-1),"B1",IF(DN29>1,"A","A1")))) | DO30: =DO29-DO28
E31: 4 | F31: : | G31: 5 | H31: =POISSON(E31,$C$5,FALSE)*POISSON(G31,$D$5,FALSE)*100 | I31: =RANK(H31,$H$5:$H$36,0) | L31: =Q10 | M31: =S8 | N31: Carrarese | P31: =IF(AND(R27<0,R29<0,Q32<1.2),"under",IF(Q32<0.35,"u2.5",IF(Q32<0.66,"u 3.5","not visible"))) | Q31: =MAX(P30,Q30) | R31: =IF(AND(R27<0,R29>0,Q31=Q30),"over",IF(AND(R27<0,R29<0,Q31=P30),"over +",IF(AND(R27>0,R29>0,P30=Q31),"under","not visible"))) | AD31: 4 | AE31: =AD31+AF31 | AF31: 5 | AG31: =POISSON(AD31,$C$6,FALSE)*POISSON(AF31,$D$6,FALSE)*100 | AH31: =RANK(AG31,$AG$5:$AG$36,0) | AK31: =AP10 | AL31: =AR8 | AO31: =IF(AND(AQ27<0,AQ29<0,AP32<1.2),"under",IF(AP32<0.35,"u2.5",IF(AP32<0.66,"u 3.5","not visible"))) | AP31: =MAX(AO30,AP30) | AQ31: =IF(AND(AQ27<0,AQ29>0,AP31=AP30),"over",IF(AND(AQ27<0,AQ29<0,AP31=AO30),"over +",IF(AND(AQ27>0,AQ29>0,AO30=AP31),"under","not visible"))) | BC31: 4 | BD31: : | BE31: 5 | BF31: =POISSON(BC31,$C$7,FALSE)*POISSON(BE31,$D$7,FALSE)*100 | BG31: =RANK(BF31,$BF$5:$BF$36,0) | BJ31: =BO10 | BK31: =BQ8 | BN31: =IF(AND(BP27<0,BP29<0,BO32<1.2),"under",IF(BO32<0.35,"u2.5",IF(BO32<0.66,"u 3.5","not visible"))) | BO31: =MAX(BN30,BO30) | BP31: =IF(AND(BP27<0,BP29>0,BO31=BO30),"over",IF(AND(BP27<0,BP29<0,BO31=BN30),"over +",IF(AND(BP27>0,BP29>0,BN30=BO31),"under","not visible"))) | CB31: 4 | CC31: : | CD31: 5 | CE31: =POISSON(CB31,$C$8,FALSE)*POISSON(CD31,$D$8,FALSE)*100 | CF31: =RANK(CE31,$CE$5:$CE$36,0) | CM31: =IF(AND(CO27<0,CO29<0,CN32<1.2),"under",IF(CN32<0.35,"u2.5",IF(CN32<0.66,"u 3.5","not visible"))) | CN31: =MAX(CM30,CN30) | CO31: =IF(AND(CO27<0,CO29>0,CN31=CN30),"over",IF(AND(CO27<0,CO29<0,CN31=CM30),"over +",IF(AND(CO27>0,CO29>0,CM30=CN31),"under","not visible"))) | DA31: 4 | DB31: : | DC31: 5 | DD31: =POISSON(DA31,$C$9,FALSE)*POISSON(DC31,$D$9,FALSE)*100 | DE31: =RANK(DD31,$DD$5:$DD$36,0) | DL31: =IF(AND(DN27<0,DN29<0,DM32<1.2),"under",IF(DM32<0.35,"u2.5",IF(DM32<0.66,"u 3.5","not visible"))) | DM31: =MAX(DL30,DM30) | DN31: =IF(AND(DN27<0,DN29>0,DM31=DM30),"over",IF(AND(DN27<0,DN29<0,DM31=DL30),"over +",IF(AND(DN27>0,DN29>0,DL30=DM31),"under","not visible")))
C32: =ABS(C29-C30) | D32: =IF(AND(C32<12,C32>11),"point","") | E32: 5 | F32: : | G32: 4 | H32: =POISSON(E32,$C$5,FALSE)*POISSON(G32,$D$5,FALSE)*100 | I32: =RANK(H32,$H$5:$H$36,0) | L32: =Q11 | M32: =S9 | O32: =IF(AND(P27<0,R27<0),"12",IF(AND(P27<0,P30>0,R27<0),"home",IF(AND(P27<0,P30>0,R27>0,Q37+12>R37),"home",IF(AND(P30<0,Q27<0,R27<0),"away",IF(AND(P30<0,P27<0,R27<0),"support home",IF(AND(Q27<0,R27>0,Q37<R37-3),"12",IF(AND(Q27<0,R27>0,R37<Q37),"home double","wait"))))))) | P32: =IF(AND(R28<0.7,Q33>0,Q33<0.5,S28<1,S28>0.15),"u2.5","o 1.5") | Q32: =IF(P30<0,-P30,P30) | R32: =IF(AND(P32="o 1.5",OR(R31="over",R31="over +")),"o1.5","Under") | S32: =S27/S30 | AB32: =ABS(AB29-AB30) | AC32: =IF(AND(AB32<12,AB32>11),"point","") | AD32: 5 | AE32: =AD32+AF32 | AF32: 4 | AG32: =POISSON(AD32,$C$6,FALSE)*POISSON(AF32,$D$6,FALSE)*100 | AH32: =RANK(AG32,$AG$5:$AG$36,0) | AK32: =AP11 | AL32: =AR9 | AN32: =IF(AND(AO27<0,AQ27<0),"12",IF(AND(AO27<0,AO30>0,AQ27<0),"home",IF(AND(AO27<0,AO30>0,AQ27>0,AP37+12>AQ37),"home",IF(AND(AO30<0,AP27<0,AQ27<0),"away",IF(AND(AO30<0,AO27<0,AQ27<0),"support home",IF(AND(AP27<0,AQ27>0,AP37<AQ37-3),"12",IF(AND(AP27<0,AQ27>0,AQ37<AP37),"home double","wait"))))))) | AO32: =IF(AND(AQ28<0.7,AP33>0,AP33<0.5,AR28<1,AR28>0.15),"u2.5","o 1.5") | AP32: =IF(AO30<0,-AO30,AO30) | AQ32: =IF(AND(AO32="o 1.5",OR(AQ31="over",AQ31="over +")),"o1.5","Under") | AR32: =AR27/AR30 | BA32: =ABS(BA29-BA30) | BB32: =IF(AND(BA32<12,BA32>11),"point","") | BC32: 5 | BD32: : | BE32: 4 | BF32: =POISSON(BC32,$C$7,FALSE)*POISSON(BE32,$D$7,FALSE)*100 | BG32: =RANK(BF32,$BF$5:$BF$36,0) | BJ32: =BO11 | BK32: =BQ9 | BM32: =IF(AND(BN27<0,BP27<0),"12",IF(AND(BN27<0,BN30>0,BP27<0),"home",IF(AND(BN27<0,BN30>0,BP27>0,BO37+12>BP37),"home",IF(AND(BN30<0,BO27<0,BP27<0),"away",IF(AND(BN30<0,BN27<0,BP27<0),"support home",IF(AND(BO27<0,BP27>0,BO37<BP37-3),"12",IF(AND(BO27<0,BP27>0,BP37<BO37),"home double","wait"))))))) | BN32: =IF(AND(BP28<0.7,BO33>0,BO33<0.5,BQ28<1,BQ28>0.15),"u2.5","o 1.5") | BO32: =IF(BN30<0,-BN30,BN30) | BP32: =IF(AND(BN32="o 1.5",OR(BP31="over",BP31="over +")),"o1.5","Under") | BQ32: =BQ27/BQ30 | BZ32: =ABS(BZ29-BZ30) | CA32: =IF(AND(BZ32<12,BZ32>11),"point","") | CB32: 5 | CC32: : | CD32: 4 | CE32: =POISSON(CB32,$C$8,FALSE)*POISSON(CD32,$D$8,FALSE)*100 | CF32: =RANK(CE32,$CE$5:$CE$36,0) | CL32: =IF(AND(CM27<0,CO27<0),"12",IF(AND(CM27<0,CM30>0,CO27<0),"home",IF(AND(CM27<0,CM30>0,CO27>0,CN37+12>CO37),"home",IF(AND(CM30<0,CN27<0,CO27<0),"away",IF(AND(CM30<0,CM27<0,CO27<0),"support home",IF(AND(CN27<0,CO27>0,CN37<CO37-3),"12",IF(AND(CN27<0,CO27>0,CO37<CN37),"home double","wait"))))))) | CM32: =IF(AND(CO28<0.7,CN33>0,CN33<0.5,CP28<1,CP28>0.15),"u2.5","o 1.5") | CN32: =IF(CM30<0,-CM30,CM30) | CO32: =IF(AND(CM32="o 1.5",OR(CO31="over",CO31="over +")),"o1.5","Under") | CP32: =CP27/CP30 | CY32: =ABS(CY29-CY30) | CZ32: =IF(AND(CY32<12,CY32>11),"point","") | DA32: 5 | DB32: : | DC32: 4 | DD32: =POISSON(DA32,$C$9,FALSE)*POISSON(DC32,$D$9,FALSE)*100 | DE32: =RANK(DD32,$DD$5:$DD$36,0) | DK32: =IF(AND(DL27<0,DN27<0),"12",IF(AND(DL27<0,DL30>0,DN27<0),"home",IF(AND(DL27<0,DL30>0,DN27>0,DM37+12>DN37),"home",IF(AND(DL30<0,DM27<0,DN27<0),"away",IF(AND(DL30<0,DL27<0,DN27<0),"support home",IF(AND(DM27<0,DN27>0,DM37<DN37-3),"12",IF(AND(DM27<0,DN27>0,DN37<DM37),"home double","wait"))))))) | DL32: =IF(AND(DN28<0.7,DM33>0,DM33<0.5,DO28<1,DO28>0.15),"u2.5","o 1.5") | DM32: =IF(DL30<0,-DL30,DL30) | DN32: =IF(AND(DL32="o 1.5",OR(DN31="over",DN31="over +")),"o1.5","Under") | DO32: =DO27/DO30
C33: =_xlfn.TEXTJOIN(", ", ,D33,D55) | D33: =IF(OR(C19>D34,C19=D34),"yes","no") | E33: 5 | F33: : | G33: 5 | H33: =POISSON(E33,$C$5,FALSE)*POISSON(G33,$D$5,FALSE)*100 | I33: =RANK(H33,$H$5:$H$36,0) | L33: =R11 | M33: =S10 | O33: =IF(AND(O28="away",Q37=7,R27<0),"x2",IF(AND(O28="home",R27>0,Q37=7),"home 2 handicap",IF(AND(O28="home",R27<0,Q37>7),"2handicap for home",IF(AND(O28="away",R27>0,Q37>7),"2handicap home",IF(AND(O28="home",OR(R27<0,R27>0),Q37=7),"2handicap home",O28))))) | P33: =IF(AND(O30="ignore",P32="u2.5",P31="u2.5"),"u 3.5",IF(AND(P31="u2.5",P32="u2.5",O30="win"),"u3.5",IF(AND(P31="u2.5",P32="u2.5"),"u2.5",IF(AND(P31="u 3.5",P32="u2.5"),"o1.5",IF(AND(P32="o 1.5",P31="u2.5"),"u3.5",IF(AND(P32="o 1.5",P31="u 3.5"),"u3.5","not available")))))) | Q33: =R28-Q32 | R33: =Q35+R35 | S33: =IF(AND(O24="both tabs",S32>0.4),O28,IF(AND(O24="both tabs",S32<0.4),"2 handicap",IF(AND(O24="one tab",S32>0.02),O28,S36))) | AD33: 5 | AE33: =AD33+AF33 | AF33: 5 | AG33: =POISSON(AD33,$C$6,FALSE)*POISSON(AF33,$D$6,FALSE)*100 | AH33: =RANK(AG33,$AG$5:$AG$36,0) | AK33: =AQ11 | AL33: =AR10 | AN33: =IF(AND(AN28="away",AP37=7,AQ27<0),"x2",IF(AND(AN28="home",AQ27>0,AP37=7),"home 2 handicap",IF(AND(AN28="home",AQ27<0,AP37>7),"2handicap for home",IF(AND(AN28="away",AQ27>0,AP37>7),"2handicap home",IF(AND(AN28="home",OR(AQ27<0,AQ27>0),AP37=7),"2handicap home",AN28))))) | AO33: =IF(AND(AN30="ignore",AO32="u2.5",AO31="u2.5"),"u 3.5",IF(AND(AO31="u2.5",AO32="u2.5",AN30="win"),"u3.5",IF(AND(AO31="u2.5",AO32="u2.5"),"u2.5",IF(AND(AO31="u 3.5",AO32="u2.5"),"o1.5",IF(AND(AO32="o 1.5",AO31="u2.5"),"u3.5",IF(AND(AO32="o 1.5",AO31="u 3.5"),"u3.5","not available")))))) | AP33: =AQ28-AP32 | AQ33: =AP35+AQ35 | AR33: =IF(AND(AN24="both tabs",AR32>0.4),AN28,IF(AND(AN24="both tabs",AR32<0.4),"2 handicap",IF(AND(AN24="one tab",AR32>0.02),AN28,AR36))) | BC33: 5 | BD33: : | BE33: 5 | BF33: =POISSON(BC33,$C$7,FALSE)*POISSON(BE33,$D$7,FALSE)*100 | BG33: =RANK(BF33,$BF$5:$BF$36,0) | BJ33: =BP11 | BK33: =BQ10 | BM33: =IF(AND(BM28="away",BO37=7,BP27<0),"x2",IF(AND(BM28="home",BP27>0,BO37=7),"home 2 handicap",IF(AND(BM28="home",BP27<0,BO37>7),"2handicap for home",IF(AND(BM28="away",BP27>0,BO37>7),"2handicap home",IF(AND(BM28="home",OR(BP27<0,BP27>0),BO37=7),"2handicap home",BM28))))) | BN33: =IF(AND(BM30="ignore",BN32="u2.5",BN31="u2.5"),"u 3.5",IF(AND(BN31="u2.5",BN32="u2.5",BM30="win"),"u3.5",IF(AND(BN31="u2.5",BN32="u2.5"),"u2.5",IF(AND(BN31="u 3.5",BN32="u2.5"),"o1.5",IF(AND(BN32="o 1.5",BN31="u2.5"),"u3.5",IF(AND(BN32="o 1.5",BN31="u 3.5"),"u3.5","not available")))))) | BO33: =BP28-BO32 | BP33: =BO35+BP35 | BQ33: =IF(AND(BM24="both tabs",BQ32>0.4),BM28,IF(AND(BM24="both tabs",BQ32<0.4),"2 handicap",IF(AND(BM24="one tab",BQ32>0.02),BM28,BQ36))) | CB33: 5 | CC33: : | CD33: 5 | CE33: =POISSON(CB33,$C$8,FALSE)*POISSON(CD33,$D$8,FALSE)*100 | CF33: =RANK(CE33,$CE$5:$CE$36,0) | CL33: =IF(AND(CL28="away",CN37=7,CO27<0),"x2",IF(AND(CL28="home",CO27>0,CN37=7),"home 2 handicap",IF(AND(CL28="home",CO27<0,CN37>7),"2handicap for home",IF(AND(CL28="away",CO27>0,CN37>7),"2handicap home",IF(AND(CL28="home",OR(CO27<0,CO27>0),CN37=7),"2handicap home",CL28))))) | CM33: =IF(AND(CL30="ignore",CM32="u2.5",CM31="u2.5"),"u 3.5",IF(AND(CM31="u2.5",CM32="u2.5",CL30="win"),"u3.5",IF(AND(CM31="u2.5",CM32="u2.5"),"u2.5",IF(AND(CM31="u 3.5",CM32="u2.5"),"o1.5",IF(AND(CM32="o 1.5",CM31="u2.5"),"u3.5",IF(AND(CM32="o 1.5",CM31="u 3.5"),"u3.5","not available")))))) | CN33: =CO28-CN32 | CO33: =CN35+CO35 | CP33: =IF(AND(CL24="both tabs",CP32>0.4),CL28,IF(AND(CL24="both tabs",CP32<0.4),"2 handicap",IF(AND(CL24="one tab",CP32>0.02),CL28,CP36))) | DA33: 5 | DB33: : | DC33: 5 | DD33: =POISSON(DA33,$C$9,FALSE)*POISSON(DC33,$D$9,FALSE)*100 | DE33: =RANK(DD33,$DD$5:$DD$36,0) | DK33: =IF(AND(DK28="away",DM37=7,DN27<0),"x2",IF(AND(DK28="home",DN27>0,DM37=7),"home 2 handicap",IF(AND(DK28="home",DN27<0,DM37>7),"2handicap for home",IF(AND(DK28="away",DN27>0,DM37>7),"2handicap home",IF(AND(DK28="home",OR(DN27<0,DN27>0),DM37=7),"2handicap home",DK28))))) | DL33: =IF(AND(DK30="ignore",DL32="u2.5",DL31="u2.5"),"u 3.5",IF(AND(DL31="u2.5",DL32="u2.5",DK30="win"),"u3.5",IF(AND(DL31="u2.5",DL32="u2.5"),"u2.5",IF(AND(DL31="u 3.5",DL32="u2.5"),"o1.5",IF(AND(DL32="o 1.5",DL31="u2.5"),"u3.5",IF(AND(DL32="o 1.5",DL31="u 3.5"),"u3.5","not available")))))) | DM33: =DN28-DM32 | DN33: =DM35+DN35 | DO33: =IF(AND(DK24="both tabs",DO32>0.4),DK28,IF(AND(DK24="both tabs",DO32<0.4),"2 handicap",IF(AND(DK24="one tab",DO32>0.02),DK28,DO36)))
C34: =IF(C33="no, no",1,IF(C33="no, yes",2,3)) | D34: =MAX(C20:C22) | E34: 0 | F34: : | G34: 3 | H34: =POISSON(E34,$C$5,FALSE)*POISSON(G34,$D$5,FALSE)*100 | I34: =RANK(H34,$H$5:$H$36,0) | L34: =MAX(L19:L33) | M34: =MAX(M19:M33) | O34: =IF(AND(O33="2handicap home",S38="okay home"),"yes", ) | P34: =IF(AND(P31="u 3.5",P33="u3.5"),"not available",IF(AND(O30="ignore",P31="u2.5",P33="u 3.5"),"u4.5",IF(AND(P31="u2.5",P33="u3.5"),"u4.5",P31))) | Q34: =(P29/O27)*100 | R34: =(ABS(P30)/ABS(O27)*100) | AD34: 0 | AE34: =AD34+AF34 | AF34: 3 | AG34: =POISSON(AD34,$C$6,FALSE)*POISSON(AF34,$D$6,FALSE)*100 | AH34: =RANK(AG34,$AG$5:$AG$36,0) | AK34: =MAX(AK19:AK33) | AL34: =MAX(AL19:AL33) | AN34: =IF(AND(AN33="2handicap home",AR38="okay home"),"yes", ) | AO34: =IF(AND(AO31="u 3.5",AO33="u3.5"),"not available",IF(AND(AN30="ignore",AO31="u2.5",AO33="u 3.5"),"u4.5",IF(AND(AO31="u2.5",AO33="u3.5"),"u4.5",AO31))) | AP34: =(AO29/AN27)*100 | AQ34: =(ABS(AO30)/ABS(AN27)*100) | BC34: 0 | BD34: : | BE34: 3 | BF34: =POISSON(BC34,$C$7,FALSE)*POISSON(BE34,$D$7,FALSE)*100 | BG34: =RANK(BF34,$BF$5:$BF$36,0) | BJ34: =AVERAGE(BJ19:BJ33) | BK34: =AVERAGE(BK19:BK33) | BM34: =IF(AND(BM33="2handicap home",BQ38="okay home"),"yes", ) | BN34: =IF(AND(BN31="u 3.5",BN33="u3.5"),"not available",IF(AND(BM30="ignore",BN31="u2.5",BN33="u 3.5"),"u4.5",IF(AND(BN31="u2.5",BN33="u3.5"),"u4.5",BN31))) | BO34: =(BN29/BM27)*100 | BP34: =(ABS(BN30)/ABS(BM27)*100) | CB34: 0 | CC34: : | CD34: 3 | CE34: =POISSON(CB34,$C$8,FALSE)*POISSON(CD34,$D$8,FALSE)*100 | CF34: =RANK(CE34,$CE$5:$CE$36,0) | CL34: =IF(AND(CL33="2handicap home",CP38="okay home"),"yes", ) | CM34: =IF(AND(CM31="u 3.5",CM33="u3.5"),"not available",IF(AND(CL30="ignore",CM31="u2.5",CM33="u 3.5"),"u4.5",IF(AND(CM31="u2.5",CM33="u3.5"),"u4.5",CM31))) | CN34: =(CM29/CL27)*100 | CO34: =(ABS(CM30)/ABS(CL27)*100) | DA34: 0 | DB34: : | DC34: 3 | DD34: =POISSON(DA34,$C$9,FALSE)*POISSON(DC34,$D$9,FALSE)*100 | DE34: =RANK(DD34,$DD$5:$DD$36,0) | DK34: =IF(AND(DK33="2handicap home",DO38="okay home"),"yes", ) | DL34: =IF(AND(DL31="u 3.5",DL33="u3.5"),"not available",IF(AND(DK30="ignore",DL31="u2.5",DL33="u 3.5"),"u4.5",IF(AND(DL31="u2.5",DL33="u3.5"),"u4.5",DL31))) | DM34: =(DL29/DK27)*100 | DN34: =(ABS(DL30)/ABS(DK27)*100)
E35: 3 | F35: : | G35: 2 | H35: =POISSON(E35,$C$5,FALSE)*POISSON(G35,$D$5,FALSE)*100 | I35: =RANK(H35,$H$5:$H$36,0) | K35: =AVERAGE(L35,M35) | L35: =SUM(L19:L33) | M35: =SUM(M19:M33) | P35: =Sheet3!$H$3 | Q35: =IF(P30<0,(R34/SUM(Q34,R34))*100,(Q34/SUM(Q34,R34))*100) | R35: =ABS(R27)/(ABS(R28)+ABS(R27))*100 | AD35: 3 | AE35: =AD35+AF35 | AF35: 2 | AG35: =POISSON(AD35,$C$6,FALSE)*POISSON(AF35,$D$6,FALSE)*100 | AH35: =RANK(AG35,$AG$5:$AG$36,0) | AJ35: =AVERAGE(AK35,AL35) | AK35: =SUM(AK19:AK33) | AL35: =SUM(AL19:AL33) | AO35: =Sheet3!$H$3 | AP35: =IF(AO30<0,(AQ34/SUM(AP34,AQ34))*100,(AP34/SUM(AP34,AQ34))*100) | AQ35: =ABS(AQ27)/(ABS(AQ28)+ABS(AQ27))*100 | BC35: 3 | BD35: : | BE35: 2 | BF35: =POISSON(BC35,$C$7,FALSE)*POISSON(BE35,$D$7,FALSE)*100 | BG35: =RANK(BF35,$BF$5:$BF$36,0) | BN35: =Sheet3!$H$3 | BO35: =IF(BN30<0,(BP34/SUM(BO34,BP34))*100,(BO34/SUM(BO34,BP34))*100) | BP35: =ABS(BP27)/(ABS(BP28)+ABS(BP27))*100 | CB35: 3 | CC35: : | CD35: 2 | CE35: =POISSON(CB35,$C$8,FALSE)*POISSON(CD35,$D$8,FALSE)*100 | CF35: =RANK(CE35,$CE$5:$CE$36,0) | CM35: =Sheet3!$H$3 | CN35: =IF(CM30<0,(CO34/SUM(CN34,CO34))*100,(CN34/SUM(CN34,CO34))*100) | CO35: =ABS(CO27)/(ABS(CO28)+ABS(CO27))*100 | DA35: 3 | DB35: : | DC35: 2 | DD35: =POISSON(DA35,$C$9,FALSE)*POISSON(DC35,$D$9,FALSE)*100 | DE35: =RANK(DD35,$DD$5:$DD$36,0) | DL35: =Sheet3!$H$3 | DM35: =IF(DL30<0,(DN34/SUM(DM34,DN34))*100,(DM34/SUM(DM34,DN34))*100) | DN35: =ABS(DN27)/(ABS(DN28)+ABS(DN27))*100
E36: 0 | F36: : | G36: 4 | H36: =POISSON(E36,$C$5,FALSE)*POISSON(G36,$D$5,FALSE)*100 | I36: =RANK(H36,$H$5:$H$36,0) | L36: =MAX(N53:N67) | M36: =MIN(N53:N67) | P36: Dist | Q36: =Q35-R35 | R36: =IF(AND(O24="both tabs",O28="home",P30>0,Q36<88),"play goals",IF(AND(O28="away",P30>0,Q36<-10),"1x",IF(AND(O28="away",P30<1,Q36<45,Q36>3),"2",IF(AND(O28="home",P30>0,Q36<48),"1",IF(AND(O28="home",P30>0,Q36<88,Q36>50),"1x",IF(AND(O28="home",P30<0,Q36<-10),"x2",IF(AND(O24="both tabs",O28="away",P30<0,Q36<88),"play Goals",IF(AND(O28="away",P30<0,Q36<88),"x2","not available")))))))) | S36: =IF(O28="away","home",IF(O28="home","away")) | AD36: 0 | AE36: =AD36+AF36 | AF36: 4 | AG36: =POISSON(AD36,$C$6,FALSE)*POISSON(AF36,$D$6,FALSE)*100 | AH36: =RANK(AG36,$AG$5:$AG$36,0) | AK36: =MAX(AM53:AM67) | AL36: =MIN(AM53:AM67) | AO36: Dist | AP36: =AP35-AQ35 | AQ36: =IF(AND(AN24="both tabs",AN28="home",AO30>0,AP36<88),"play goals",IF(AND(AN28="away",AO30>0,AP36<-10),"1x",IF(AND(AN28="away",AO30<1,AP36<45,AP36>3),"2",IF(AND(AN28="home",AO30>0,AP36<48),"1",IF(AND(AN28="home",AO30>0,AP36<88,AP36>50),"1x",IF(AND(AN28="home",AO30<0,AP36<-10),"x2",IF(AND(AN24="both tabs",AN28="away",AO30<0,AP36<88),"play Goals",IF(AND(AN28="away",AO30<0,AP36<88),"x2","not available")))))))) | AR36: =IF(AN28="away","home",IF(AN28="home","away")) | BC36: 0 | BD36: : | BE36: 4 | BF36: =POISSON(BC36,$C$7,FALSE)*POISSON(BE36,$D$7,FALSE)*100 | BG36: =RANK(BF36,$BF$5:$BF$36,0) | BN36: Dist | BO36: =BO35-BP35 | BP36: =IF(AND(BM24="both tabs",BM28="home",BN30>0,BO36<88),"play goals",IF(AND(BM28="away",BN30>0,BO36<-10),"1x",IF(AND(BM28="away",BN30<1,BO36<45,BO36>3),"2",IF(AND(BM28="home",BN30>0,BO36<48),"1",IF(AND(BM28="home",BN30>0,BO36<88,BO36>50),"1x",IF(AND(BM28="home",BN30<0,BO36<-10),"x2",IF(AND(BM24="both tabs",BM28="away",BN30<0,BO36<88),"play Goals",IF(AND(BM28="away",BN30<0,BO36<88),"x2","not available")))))))) | BQ36: =IF(BM28="away","home",IF(BM28="home","away")) | CB36: 0 | CC36: : | CD36: 4 | CE36: =POISSON(CB36,$C$8,FALSE)*POISSON(CD36,$D$8,FALSE)*100 | CF36: =RANK(CE36,$CE$5:$CE$36,0) | CM36: Dist | CN36: =CN35-CO35 | CO36: =IF(AND(CL24="both tabs",CL28="home",CM30>0,CN36<88),"play goals",IF(AND(CL28="away",CM30>0,CN36<-10),"1x",IF(AND(CL28="away",CM30<1,CN36<45,CN36>3),"2",IF(AND(CL28="home",CM30>0,CN36<48),"1",IF(AND(CL28="home",CM30>0,CN36<88,CN36>50),"1x",IF(AND(CL28="home",CM30<0,CN36<-10),"x2",IF(AND(CL24="both tabs",CL28="away",CM30<0,CN36<88),"play Goals",IF(AND(CL28="away",CM30<0,CN36<88),"x2","not available")))))))) | CP36: =IF(CL28="away","home",IF(CL28="home","away")) | DA36: 0 | DB36: : | DC36: 4 | DD36: =POISSON(DA36,$C$9,FALSE)*POISSON(DC36,$D$9,FALSE)*100 | DE36: =RANK(DD36,$DD$5:$DD$36,0) | DL36: Dist | DM36: =DM35-DN35 | DN36: =IF(AND(DK24="both tabs",DK28="home",DL30>0,DM36<88),"play goals",IF(AND(DK28="away",DL30>0,DM36<-10),"1x",IF(AND(DK28="away",DL30<1,DM36<45,DM36>3),"2",IF(AND(DK28="home",DL30>0,DM36<48),"1",IF(AND(DK28="home",DL30>0,DM36<88,DM36>50),"1x",IF(AND(DK28="home",DL30<0,DM36<-10),"x2",IF(AND(DK24="both tabs",DK28="away",DL30<0,DM36<88),"play Goals",IF(AND(DK28="away",DL30<0,DM36<88),"x2","not available")))))))) | DO36: =IF(DK28="away","home",IF(DK28="home","away"))
L37: =ABS(L36)-ABS(M36) | M37: =IF(L37<0,M4,L5) | Q37: =IF(AND(R27>0,R35>10),100-R37,7) | R37: =(Q35/R33)*100 | S37: =IF(AND(S36="away",R38<82,R3>50),"tired",IF(AND(S36="home",R38<49),"okay home","okay away")) | AK37: =ABS(AK36)-ABS(AL36) | AL37: =IF(AK37<0,AL4,AK5) | AP37: =IF(AND(AQ27>0,AQ35>10),100-AQ37,7) | AQ37: =(AP35/AQ33)*100 | AR37: =IF(AND(AR36="away",AQ38<82,AQ38>50),"tired",IF(AND(AR36="home",AQ38<49),"okay home","okay away")) | BO37: =IF(AND(BP27>0,BP35>10),100-BP37,7) | BP37: =(BO35/BP33)*100 | BQ37: =IF(AND(BQ36="away",BP38<82,BP38>50),"tired",IF(AND(BQ36="home",BP38<49),"okay home","okay away")) | CN37: =IF(AND(CO27>0,CO35>10),100-CO37,7) | CO37: =(CN35/CO33)*100 | CP37: =IF(AND(CP36="away",CO38<82,CO38>50),"tired",IF(AND(CP36="home",CO38<49),"okay home","okay away")) | DM37: =IF(AND(DN27>0,DN35>10),100-DN37,7) | DN37: =(DM35/DN33)*100 | DO37: =IF(AND(DO36="away",DN38<82,DN38>50),"tired",IF(AND(DO36="home",DN38<49),"okay home","okay away"))
E38: =LARGE($H$5:$H$36,1) | F38: =LARGE($H$5:$H$36,2) | G38: =LARGE($H$5:$H$36,3) | H38: =LARGE($H$5:$H$36,4) | I38: =LARGE($H$5:$H$36,5) | L38: =L35-M35 | M38: =IF(L38<0,M4,L5) | Q38: =100-R37 | R38: =IF(S36="away",R37,Q38) | S38: =IF(AND(P26="away",S33="home"),"both sides",IF(AND(P27="home",S33="away"),"both sides",S37)) | AK38: =AK35-AL35 | AL38: =IF(AK38<0,AL4,AK5) | AP38: =100-AQ37 | AQ38: =IF(AR36="away",AQ37,AP38) | AR38: =IF(AND(AO26="away",AR33="home"),"both sides",IF(AND(AO27="home",AR33="away"),"both sides",AR37)) | BO38: =100-BP37 | BP38: =IF(BQ36="away",BP37,BO38) | BQ38: =IF(AND(BN26="away",BQ33="home"),"both sides",IF(AND(BN27="home",BQ33="away"),"both sides",BQ37)) | CN38: =100-CO37 | CO38: =IF(CP36="away",CO37,CN38) | CP38: =IF(AND(CM26="away",CP33="home"),"both sides",IF(AND(CM27="home",CP33="away"),"both sides",CP37)) | DM38: =100-DN37 | DN38: =IF(DO36="away",DN37,DM38) | DO38: =IF(AND(DL26="away",DO33="home"),"both sides",IF(AND(DL27="home",DO33="away"),"both sides",DO37))
D39: =IF(OR(D33="yes",D55="yes",AC55="yes",AC17="yes"),"never","yes") | E39: =AVERAGE(E38:I38) | H39: =IF(I39>0.74,"high",IF(I39>0.64,"medium",IF(I39>0.5,"low","off"))) | I39: =CORREL(I5:I36,I43:I74) | L39: =L35-L34 | M39: =M35-M34 | U39: 0 | V39: =U39+1 | W39: =V39+1 | X39: =W39+1 | Y39: =X39+1 | AG39: =IF(AH39>0.9,"high1",IF(AH39>0.74,"high",IF(AH39>0.64,"medium",IF(AH39>0.5,"low","off")))) | AH39: =CORREL(AH5:AH36,AH43:AH74) | AK39: =AK35-AK34 | AL39: =AL35-AL34 | AT39: 0 | AU39: =AT39+1 | AV39: =AU39+1 | AW39: =AV39+1 | AX39: =AW39+1 | BB39: =IF(OR(BB17="yes",BB55="yes",CA55="yes",CA17="yes"),"never","yes") | BC39: =IF(AND(BV25<>1,CU25<>1),"yes",IF(OR(CU25<>1,BV25<>1),"yes1","never")) | BD39: =IF(AND(BB39="yes",BC39="yes1"),"yes1",IF(AND(BC39<>"never",BB39="yes"),"yes","never")) | BE39: =IF(OR(BD39="never", ,BD39="yes1"),"coup","") | BF39: =IF(BG39>0.9,"high1",IF(BG39>0.74,"high",IF(BG39>0.64,"medium",IF(BG39>0.5,"low","off")))) | BG39: =CORREL(BG5:BG36,BG43:BG74) | BS39: 0 | BT39: =BS39+1 | BU39: =BT39+1 | BV39: =BU39+1 | BW39: =BV39+1 | CE39: =IF(CF39>0.9,"high1",IF(CF39>0.74,"high",IF(CF39>0.64,"medium",IF(CF39>0.5,"low","off")))) | CF39: =CORREL(CF5:CF36,CF43:CF74) | CR39: 0 | CS39: =CR39+1 | CT39: =CS39+1 | CU39: =CT39+1 | CV39: =CU39+1 | DD39: =IF(DE39>0.74,"high",IF(DE39>0.64,"medium",IF(DE39>0.5,"low","off"))) | DE39: =CORREL(DE5:DE36,DE43:DE74) | DQ39: 0 | DR39: =DQ39+1 | DS39: =DR39+1 | DT39: =DS39+1 | DU39: =DT39+1
D40: =IF(AND(X25<>1,AW25<>1),"yes",IF(OR(AW25<>1,X25<>1),"yes1","never")) | E40: =IF(AND(D39="yes",D40="yes1"),"yes1",IF(AND(D40<>"never",D39="yes"),"yes","never")) | F40: =IF(OR(E40="never", ,E40="yes1"),"coup","") | L40: =L39-M39 | M40: =ABS(L40)-ABS(AK40) | T40: =AVERAGE(C14:D14) | U40: =POISSON(U39,$T$40,FALSE)*100 | V40: =POISSON(V39,$T$40,FALSE)*100 | W40: =POISSON(W39,$T$40,FALSE)*100 | X40: =POISSON(X39,$T$40,FALSE)*100 | Y40: =POISSON(Y39,$T$40,FALSE)*100 | Z40: 99.999991 | AK40: =AK39-AL39 | AS40: =AVERAGE(C15:D15) | AT40: =POISSON(AT39,$AS$40,FALSE)*100 | AU40: =POISSON(AU39,$AS$40,FALSE)*100 | AV40: =POISSON(AV39,$AS$40,FALSE)*100 | AW40: =POISSON(AW39,$AS$40,FALSE)*100 | AX40: =POISSON(AX39,$AS$40,FALSE)*100 | AY40: =SUM(AT40:AX40,AT42:AX42) | BR40: =AVERAGE(C16:D16) | BS40: =POISSON(BS39,$BR$40,FALSE)*100 | BT40: =POISSON(BT39,$BR$40,FALSE)*100 | BU40: =POISSON(BU39,$BR$40,FALSE)*100 | BV40: =POISSON(BV39,$BR$40,FALSE)*100 | BW40: =POISSON(BW39,$BR$40,FALSE)*100 | BX40: =SUM(BS40:BW40,BS42:BW42) | CQ40: =AVERAGE(C17:D17) | CR40: =POISSON(CR39,$CQ$40,FALSE)*100 | CS40: =POISSON(CS39,$CQ$40,FALSE)*100 | CT40: =POISSON(CT39,$CQ$40,FALSE)*100 | CU40: =POISSON(CU39,$CQ$40,FALSE)*100 | CV40: =POISSON(CV39,$CQ$40,FALSE)*100 | CW40: =SUM(CR40:CV40,CR42:CV42) | DP40: =AVERAGE(C18:D18) | DQ40: =POISSON(DQ39,$DP$40,FALSE)*100 | DR40: =POISSON(DR39,$DP$40,FALSE)*100 | DS40: =POISSON(DS39,$DP$40,FALSE)*100 | DT40: =POISSON(DT39,$DP$40,FALSE)*100 | DU40: =POISSON(DU39,$DP$40,FALSE)*100 | DV40: =SUM(DQ40:DU40,DQ42:DU42)
F41: 1 | T41: =C14-D14 | U41: 5 | V41: =U41+1 | W41: =V41+1 | X41: =W41+1 | Y41: =X41+1 | Z41: 0 | AA41: 37.737167 | AB41: =AA42-AA41 | AC41: =AB41-AB42 | AS41: =C15-D15 | AT41: 5 | AU41: =AT41+1 | AV41: =AU41+1 | AW41: =AV41+1 | AX41: =AW41+1 | AY41: 0 | AZ41: =AT40 | BA41: =AZ42-AZ41 | BB41: =BA41-BA42 | BR41: =C16-D16 | BS41: 5 | BT41: =BS41+1 | BU41: =BT41+1 | BV41: =BU41+1 | BW41: =BV41+1 | BX41: 0 | BY41: =BS40 | BZ41: =BY42-BY41 | CA41: =BZ41-BZ42 | CQ41: =C17-D17 | CR41: 5 | CS41: =CR41+1 | CT41: =CS41+1 | CU41: =CT41+1 | CV41: =CU41+1 | CW41: 0 | CX41: =CR40 | CY41: =CX42-CX41 | CZ41: =CY41-CY42 | DP41: =C18-D18 | DQ41: 5 | DR41: =DQ41+1 | DS41: =DR41+1 | DT41: =DS41+1 | DU41: =DT41+1 | DV41: 0 | DW41: =DQ40 | DX41: =DW42-DW41 | DY41: =DX41-DX42
E42: =Sheet1!G48 | G42: =Sheet1!F48 | H42: chance | L42: no of goals | M42: =G42 | N42: =0 | O42: =N42+1 | P42: =O42+1 | Q42: =P42+1 | R42: =Q42+1 | S42: =R42+1 | U42: =POISSON(U41,$T$40,FALSE)*100 | V42: =POISSON(V41,$T$40,FALSE)*100 | W42: =POISSON(W41,$T$40,FALSE)*100 | X42: =POISSON(X41,$T$40,FALSE)*100 | Y42: =POISSON(Y41,$T$40,FALSE)*100 | Z42: =Z41+1 | AA42: 74.512969 | AB42: =AA43-AA42 | AC42: =AB42-AB43 | AD42: =Sheet1!K48 | AF42: =Sheet1!J48 | AG42: chance | AK42: no of goals | AL42: =AF42 | AM42: =0 | AN42: =AM42+1 | AO42: =AN42+1 | AP42: =AO42+1 | AQ42: =AP42+1 | AR42: =AQ42+1 | AT42: =POISSON(AT41,$AS$40,FALSE)*100 | AU42: =POISSON(AU41,$AS$40,FALSE)*100 | AV42: =POISSON(AV41,$AS$40,FALSE)*100 | AW42: =POISSON(AW41,$AS$40,FALSE)*100 | AX42: =POISSON(AX41,$AS$40,FALSE)*100 | AY42: =AY41+1 | AZ42: =SUM(AT40,AU40) | BA42: =AZ43-AZ42 | BB42: =BA42-BA43 | BC42: =Sheet1!O48 | BE42: =Sheet1!N48 | BF42: chance | BJ42: no of goals | BK42: =BE42 | BL42: =0 | BM42: =BL42+1 | BN42: =BM42+1 | BO42: =BN42+1 | BP42: =BO42+1 | BQ42: =BP42+1 | BS42: =POISSON(BS41,$BR$40,FALSE)*100 | BT42: =POISSON(BT41,$BR$40,FALSE)*100 | BU42: =POISSON(BU41,$BR$40,FALSE)*100 | BV42: =POISSON(BV41,$BR$40,FALSE)*100 | BW42: =POISSON(BW41,$BR$40,FALSE)*100 | BX42: =BX41+1 | BY42: =SUM(BS40,BT40) | BZ42: =BY43-BY42 | CA42: =BZ42-BZ43 | CB42: =Sheet1!S48 | CD42: =Sheet1!R48 | CE42: chance | CI42: no of goals | CJ42: =Sheet1!R48 | CK42: =0 | CL42: =CK42+1 | CM42: =CL42+1 | CN42: =CM42+1 | CO42: =CN42+1 | CP42: =CO42+1 | CR42: =POISSON(CR41,$CQ$40,FALSE)*100 | CS42: =POISSON(CS41,$CQ$40,FALSE)*100 | CT42: =POISSON(CT41,$CQ$40,FALSE)*100 | CU42: =POISSON(CU41,$CQ$40,FALSE)*100 | CV42: =POISSON(CV41,$CQ$40,FALSE)*100 | CW42: =CW41+1 | CX42: =SUM(CR40,CS40) | CY42: =CX43-CX42 | CZ42: =CY42-CY43 | DA42: =Sheet1!W48 | DC42: =Sheet1!V48 | DD42: chance | DH42: no of goals | DI42: =DC42 | DJ42: =0 | DK42: =DJ42+1 | DL42: =DK42+1 | DM42: =DL42+1 | DN42: =DM42+1 | DO42: =DN42+1 | DQ42: =POISSON(DQ41,$DP$40,FALSE)*100 | DR42: =POISSON(DR41,$DP$40,FALSE)*100 | DS42: =POISSON(DS41,$DP$40,FALSE)*100 | DT42: =POISSON(DT41,$DP$40,FALSE)*100 | DU42: =POISSON(DU41,$DP$40,FALSE)*100 | DV42: =DV41+1 | DW42: =SUM(DQ40,DR40) | DX42: =DW43-DW42 | DY42: =DX42-DX43
E43: 0 | F43: : | G43: 0 | H43: =POISSON(E43,$C$14,FALSE)*POISSON(G43,$D$14,FALSE) | I43: =RANK(H43,$H$43:$H$74,0) | J43: =IF(J62="away",J57-(J61*3),IF(J62="home",J57-(J60*3),J57)) | L43: =E42 | M43: prob | N43: =POISSON(N42,$D$14,FALSE) | O43: =POISSON(O42,$D$14,FALSE) | P43: =POISSON(P42,$D$14,FALSE) | Q43: =POISSON(Q42,$D$14,FALSE) | R43: =POISSON(R42,$D$14,FALSE) | S43: =POISSON(S42,$D$14,FALSE) | W43: under | X43: over | Z43: =Z42+1 | AA43: 92.432433 | AB43: =AA44-AA43 | AC43: =AB43-AB44 | AD43: 0 | AE43: : | AF43: 0 | AG43: =POISSON(AD43,$C$15,FALSE)*POISSON(AF43,$D$15,FALSE) | AH43: =RANK(AG43,$AG$43:$AG$74,0) | AI43: =IF(AI62="away",AI57-(AI61*3),IF(AI62="home",AI57-(AI60*3),AI57)) | AK43: =AD42 | AL43: prob | AM43: =POISSON(AM42,$D$15,FALSE) | AN43: =POISSON(AN42,$D$15,FALSE) | AO43: =POISSON(AO42,$D$15,FALSE) | AP43: =POISSON(AP42,$D$15,FALSE) | AQ43: =POISSON(AQ42,$D$15,FALSE) | AR43: =POISSON(AR42,$D$15,FALSE) | AV43: under | AW43: over | AY43: =AY42+1 | AZ43: =SUM(AT40,AU40,AV40) | BA43: =AZ44-AZ43 | BB43: =BA43-BA44 | BC43: 0 | BD43: : | BE43: 0 | BF43: =POISSON(BC43,$C$16,FALSE)*POISSON(BE43,$D$16,FALSE) | BG43: =RANK(BF43,$BF$43:$BF$74,0) | BH43: =IF(BH62="away",BH57-(BH61*3),IF(BH62="home",BH57-(BH60*3),BH57)) | BJ43: =BC42 | BK43: prob | BL43: =POISSON(BL42,$D$16,FALSE) | BM43: =POISSON(BM42,$D$16,FALSE) | BN43: =POISSON(BN42,$D$16,FALSE) | BO43: =POISSON(BO42,$D$16,FALSE) | BP43: =POISSON(BP42,$D$16,FALSE) | BQ43: =POISSON(BQ42,$D$16,FALSE) | BU43: under | BV43: over | BX43: =BX42+1 | BY43: =SUM(BS40,BT40,BU40) | BZ43: =BY44-BY43 | CA43: =BZ43-BZ44 | CB43: 0 | CC43: : | CD43: 0 | CE43: =POISSON(CB43,$C$17,FALSE)*POISSON(CD43,$D$17,FALSE) | CF43: =RANK(CE43,$CE$43:$CE$74,0) | CG43: =IF(CG62="away",CG57-(CG61*3),IF(CG62="home",CG57-(CG60*3),CG57)) | CI43: =Sheet1!S48 | CJ43: prob | CK43: =POISSON(CK42,$D$17,FALSE) | CL43: =POISSON(CL42,$D$17,FALSE) | CM43: =POISSON(CM42,$D$17,FALSE) | CN43: =POISSON(CN42,$D$17,FALSE) | CO43: =POISSON(CO42,$D$17,FALSE) | CP43: =POISSON(CP42,$D$17,FALSE) | CT43: under | CU43: over | CW43: =CW42+1 | CX43: =SUM(CR40,CS40,CT40) | CY43: =CX44-CX43 | CZ43: =CY43-CY44 | DA43: 0 | DB43: : | DC43: 0 | DD43: =POISSON(DA43,$C$18,FALSE)*POISSON(DC43,$D$18,FALSE) | DE43: =RANK(DD43,$DD$43:$DD$74,0) | DF43: =IF(DF62="away",DF57-(DF61*3),IF(DF62="home",DF57-(DF60*3),DF57)) | DH43: =DA42 | DI43: prob | DJ43: =POISSON(DJ42,$D$18,FALSE) | DK43: =POISSON(DK42,$D$18,FALSE) | DL43: =POISSON(DL42,$D$18,FALSE) | DM43: =POISSON(DM42,$D$18,FALSE) | DN43: =POISSON(DN42,$D$18,FALSE) | DO43: =POISSON(DO42,$D$18,FALSE) | DS43: under | DT43: over | DV43: =DV42+1 | DW43: =SUM(DQ40,DR40,DS40) | DX43: =DW44-DW43 | DY43: =DX43-DX44
E44: 0 | F44: : | G44: 1 | H44: =POISSON(E44,$C$14,FALSE)*POISSON(G44,$D$14,FALSE) | I44: =RANK(H44,$H$43:$H$74,0) | J44: =IF(I43=1,"draw",IF(I44=1,"away",IF(I45=1,"draw 1-1",IF(I46=1,"home",IF(I47=1,"away 0-2",IF(I48=1,"away 1-2",IF(I49=1,"home 2-1","rountime"))))))) | K44: =IF(OR(J44="away",J44="home",J44="draw"),"small",IF(OR(J44="away",J44="home",J44="draw",J44="draw 1-1",J44="away 0-2"),"under",IF(J44="rountime","RT",0))) | L44: =0 | M44: =POISSON(L44,$C$14,FALSE) | N44: =M44*$N$43 | O44: =M44*$O$43 | P44: =M44*$P$43 | Q44: =M44*$Q$43 | R44: =M44*$R$43 | S44: =M44*$S$43 | T44: =SUM(R44:S47,S48,Q44,Q45,Q46,P45,P44,O44)*100 | V44: 0.5 | W44: =N44 | X44: =SUM(O44:S49,N45:N49) | Y44: =SUM(N44:S49) | Z44: =Z43+1 | AA44: 98.25342 | AB44: =AA45-AA44 | AC44: =IF(AND(AC42>AC41,AC43),2.5,IF(AND(AC41>AC42,AC43),1.5,IF(AND(AC43>AC41,AC42),3.5))) | AD44: 0 | AE44: : | AF44: 1 | AG44: =POISSON(AD44,$C$15,FALSE)*POISSON(AF44,$D$15,FALSE) | AH44: =RANK(AG44,$AG$43:$AG$74,0) | AI44: =IF(AH43=1,"draw",IF(AH44=1,"away",IF(AH45=1,"draw 1-1",IF(AH46=1,"home",IF(AH47=1,"away 0-2",IF(AH48=1,"away 1-2",IF(AH49=1,"home 2-1","rountime"))))))) | AJ44: =IF(OR(AI44="away",AI44="home",AI44="draw"),"small",IF(OR(AI44="away",AI44="home",AI44="draw",AI44="draw 1-1",AI44="away 0-2"),"under",IF(AI44="rountime","RT",0))) | AK44: =0 | AL44: =POISSON(AK44,$C$15,FALSE) | AM44: =AL44*$AM$43 | AN44: =AL44*$AN$43 | AO44: =AL44*$AO$43 | AP44: =AL44*$AP$43 | AQ44: =AL44*$AQ$43 | AR44: =AL44*$AR$43 | AS44: =SUM(AQ44:AR47,AR48,AP44,AP45,AP46,AO45,AO44,AN44)*100 | AU44: 0.5 | AV44: =AM44 | AW44: =SUM(AN44:AR49,AM45:AM49) | AX44: =SUM(AM44:AR49) | AY44: =AY43+1 | AZ44: =SUM(AT40,AU40,AV40,AW40) | BA44: =AZ45-AZ44 | BB44: =IF(AND(BB42>BB41,BB43),2.5,IF(AND(BB41>BB42,BB43),1.5,IF(AND(BB43>BB41,BB42),3.5))) | BC44: 0 | BD44: : | BE44: 1 | BF44: =POISSON(BC44,$C$16,FALSE)*POISSON(BE44,$D$16,FALSE) | BG44: =RANK(BF44,$BF$43:$BF$74,0) | BH44: =IF(BG43=1,"draw",IF(BG44=1,"away",IF(BG45=1,"draw 1-1",IF(BG46=1,"home",IF(BG47=1,"away 0-2",IF(BG48=1,"away 1-2",IF(BG49=1,"home 2-1","rountime"))))))) | BI44: =IF(OR(BH44="away",BH44="home",BH44="draw"),"small",IF(OR(BH44="away",BH44="home",BH44="draw",BH44="draw 1-1",BH44="away 0-2"),"under",IF(BH44="rountime","RT",0))) | BJ44: =0 | BK44: =POISSON(BJ44,$C$16,FALSE) | BL44: =BK44*$BL$43 | BM44: =BK44*$BM$43 | BN44: =BK44*$BN$43 | BO44: =BK44*$BO$43 | BP44: =BK44*$BP$43 | BQ44: =BK44*$BQ$43 | BR44: =SUM(BP44:BQ47,BQ48,BO44,BO45,BO46,BN45,BN44,BM44)*100 | BT44: 0.5 | BU44: =BL44 | BV44: =SUM(BM44:BQ49,BL45:BL49) | BW44: =SUM(BL44:BQ49) | BX44: =BX43+1 | BY44: =SUM(BS40,BT40,BU40,BV40) | BZ44: =BY45-BY44 | CA44: =IF(AND(CA42>CA41,CA43),2.5,IF(AND(CA41>CA42,CA43),1.5,IF(AND(CA43>CA41,CA42),3.5))) | CB44: 0 | CC44: : | CD44: 1 | CE44: =POISSON(CB44,$C$17,FALSE)*POISSON(CD44,$D$17,FALSE) | CF44: =RANK(CE44,$CE$43:$CE$74,0) | CG44: =IF(CF43=1,"draw",IF(CF44=1,"away",IF(CF45=1,"draw 1-1",IF(CF46=1,"home",IF(CF47=1,"away 0-2",IF(CF48=1,"away 1-2",IF(CF49=1,"home 2-1","rountime"))))))) | CH44: =IF(OR(CG44="away",CG44="home",CG44="draw"),"small",IF(OR(CG44="away",CG44="home",CG44="draw",CG44="draw 1-1",CG44="away 0-2"),"under",IF(CG44="rountime","RT",0))) | CI44: =0 | CJ44: =POISSON(CI44,$C$17,FALSE) | CK44: =CJ44*$CK$43 | CL44: =CJ44*$CL$43 | CM44: =CJ44*$CM$43 | CN44: =CJ44*$CN$43 | CO44: =CJ44*$CO$43 | CP44: =CJ44*$CP$43 | CQ44: =SUM(CO44:CP47,CP48,CN44,CN45,CN46,CM45,CM44,CL44)*100 | CS44: 0.5 | CT44: =CK44 | CU44: =SUM(CL44:CP49,CK45:CK49) | CV44: =SUM(CK44:CP49) | CW44: =CW43+1 | CX44: =SUM(CR40,CS40,CT40,CU40) | CY44: =CX45-CX44 | CZ44: =IF(AND(CZ42>CZ41,CZ43),2.5,IF(AND(CZ41>CZ42,CZ43),1.5,IF(AND(CZ43>CZ41,CZ42),3.5))) | DA44: 0 | DB44: : | DC44: 1 | DD44: =POISSON(DA44,$C$18,FALSE)*POISSON(DC44,$D$18,FALSE) | DE44: =RANK(DD44,$DD$43:$DD$74,0) | DF44: =IF(DE43=1,"draw",IF(DE44=1,"away",IF(DE45=1,"draw 1-1",IF(DE46=1,"home",IF(DE47=1,"away 0-2",IF(DE48=1,"away 1-2",IF(DE49=1,"home 2-1","rountime"))))))) | DG44: =IF(OR(DF44="away",DF44="home",DF44="draw"),"small",IF(OR(DF44="away",DF44="home",DF44="draw",DF44="draw 1-1",DF44="away 0-2"),"under",IF(DF44="rountime","RT",0))) | DH44: =0 | DI44: =POISSON(DH44,$C$18,FALSE) | DJ44: =DI44*$DJ$43 | DK44: =DI44*$DK$43 | DL44: =DI44*$DL$43 | DM44: =DI44*$DM$43 | DN44: =DI44*$DN$43 | DO44: =DI44*$DO$43 | DP44: =SUM(DN44:DO47,DO48,DM44,DM45,DM46,DL45,DL44,DK44)*100 | DR44: 0.5 | DS44: =DJ44 | DT44: =SUM(DK44:DO49,DJ45:DJ49) | DU44: =SUM(DJ44:DO49) | DV44: =DV43+1 | DW44: =SUM(DQ40,DR40,DS40,DT40) | DX44: =DW45-DW44 | DY44: =IF(AND(DY42>DY41,DY43),2.5,IF(AND(DY41>DY42,DY43),1.5,IF(AND(DY43>DY41,DY42),3.5)))
