Workbook

Sheet Sheet1
A1: =IF(OR(C2>3.5,D2>3.5,D1>3.5),"wow",IF(AND(C2>2,D2>2,D1>2),"yes",IF(C2=MAX(C2,D2,D1),1,IF(D2=MAX(C2,D2,D1),2,IF(D1=MAX(C2,D2,D1),3,""))))) -> 2 | B1: =IF(OR(E2>3.5,F2>3.5,F1>3.5),"wow",IF(AND(E2>2,F2>2,F1>2),"yes",IF(E2=MAX(E2,F2,F1),1,IF(F2=MAX(E2,F2,F1),2,IF(F1=MAX(E2,F2,F1),3,""))))) -> 1 | C1: =$E46-D1 -> 0.97017496 | D1: =AVERAGE(C2,D2) -> 1.790825 | E1: =$E46-F1 -> 1.0365824 | F1: =AVERAGE(E2,F2) -> 1.7244176 | G1: =$E46-H1 -> 1.0365824 | H1: =AVERAGE(G2,H2) -> 1.7244176 | I1: =$E46-J1 -> 0.97017496 | J1: =AVERAGE(I2,J2) -> 1.790825 | K1: =$E46-L1 -> -0.17934784 | L1: =AVERAGE(K2,L2) -> 2.9403478
A2: =IF(OR(G2>3.5,H2>3.5,H1>3.5),"wow",IF(AND(G2>2,H2>2,H1>2),"yes",IF(G2=MAX(G2,H2,H1),1,IF(H2=MAX(G2,H2,H1),2,IF(H1=MAX(G2,H2,H1),3,""))))) -> 1 | B2: =IF(OR(I2>3.5,J2>3.5,J1>3.5),"wow",IF(AND(I2>2,J2>2,J1>2),"yes",IF(I2=MAX(I2,J2,J1),1,IF(J2=MAX(I2,J2,J1),2,IF(J1=MAX(I2,J2,J1),3,""))))) -> 2 | C2: =VLOOKUP(F48,$C6:$V42,14)+VLOOKUP(F48,C6:V42,16)*1.35 -> 1.6607836 | D2: =VLOOKUP(G48,$C6:$V42,16)+VLOOKUP(G48,$C6:$V42,14)*1.35 -> 1.9208664 | E2: =VLOOKUP(J48,$C6:$V42,14)+VLOOKUP(J48,$C6:$V42,16)*1.35 -> 1.7759814 | F2: =VLOOKUP(K48,$C6:$V42,16)+VLOOKUP(K48,$C6:$V42,14)*1.35 -> 1.6728537 | G2: =VLOOKUP(N48,$C6:$V42,14)+VLOOKUP(N48,$C6:$V42,16)*1.35 -> 1.7759814 | H2: =VLOOKUP(O48,$C6:$V42,16)+VLOOKUP(O48,$C6:$V42,14)*1.35 -> 1.6728537 | I2: =VLOOKUP(R48,$C6:$V42,14)+VLOOKUP(R48,$C6:$V42,16)*1.35 -> 1.6607836 | J2: =VLOOKUP(S48,$C6:$V42,16)+VLOOKUP(S48,$C6:$V42,14)*1.35 -> 1.9208664 | K2: =VLOOKUP(V48,$C6:$V42,14)+VLOOKUP(V48,$C6:$V42,16)*1.35 -> 2.8566624 | L2: =VLOOKUP(W48,$C6:$V42,16)+VLOOKUP(W48,$C6:$V42,14)*1.35 -> 3.0240332
A3: =IF(OR(K2>3.5,L2>3.5,L1>3.5),"wow",IF(AND(K2>2,L2>2,L1>2),"yes",IF(K2=MAX(K2,L2,L1),1,IF(L2=MAX(K2,L2,L1),2,IF(L1=MAX(K2,L2,L1),3,""))))) -> yes | B3: =IF(OR(A64="",Sheet2!AA15="no"),"",Sheet2!N2) -> bad | C3: Goals per match
A4: =_xlfn.TEXTJOIN(" /", ,IF(AND(A113="yes",E74=""),"+2",IF(AND(A113="yes",OR(E74="u2.5",E74="u3.5",E74="u4.5",E74="u5.5",E74="u6.5")),"+1",IF(AND(A113="yes",E74<>""),E74,"no"))),_xlfn.IFERROR(E74,""),A79,IF(Sheet2!M71="under",Sheet2!M77,Sheet2!M71)) -> no /nope /none | B4: =_xlfn.TEXTJOIN(" /", ,H104,_xlfn.IFERROR(E114,""),B115) -> low /yes /8 | D4: GP | E4: Average goals overall | I4: Average goals at home | M4: Average goals away | P4: home | Q4: home | R4: away | S4: away | T4: Home advantage | AB4: Points per game | AD4: 2.25 | AF4: 1.6 | AI4: Points per game | AK4: 2.2 | AM4: 1.03
A5: =_xlfn.TEXTJOIN("/ ", ,Sheet2!Y25,Sheet2!BW25) -> Add/ Add | B5: =IF(A74<51,"",IF(B70="","",IF(AND(T89="yes",U89="Yes"),"",_xlfn.TEXTJOIN("+ ", ,Sheet2!S3,M106,N106)))) | E5: Scored | F5: Conc. | G5: Total | I5: Scored | J5: Conc. | K5: Total | M5: Scored | N5: Conc. | O5: Total | P5: att | Q5: defend | R5: att | S5: defend | T5: HA | U5: =COUNT(C6:S6) -> 14 | AB5: % Wins | AD5: 0.75 | AF5: 0.47 | AI5: % Wins | AK5: 0.6 | AM5: 0.28
A6: =IF(Sheet2!F40="coup","just Add 1 goal","clean") -> just Add 1 goal | B6: =_xlfn.TEXTJOIN(" ,", , ,Sheet2!V25,D46) -> check ,3.8115605 | C6: Birmingham L. | D6: 10 | E6: 1.1 | F6: 1.2 | G6: 2.3 | I6: 0.67 | J6: 0.67 | K6: 1.33 | M6: 1.75 | N6: 2 | O6: 3.75 | P6: =I6/$I$44 -> 0.4160457 | Q6: =J6/$J$44 -> 0.57679063 | R6: =M6/$M$44 -> 1.5138408 | S6: =N6/$N$44 -> 1.2543904 | T6: =IF((I6-M6)/D6<0,0*(I6-M6)/D6,(I6-M6)/D6) -> 0 | V6: =IF(K6>0,AVERAGE(K6,O6)," ") -> 2.54 | AB6: % Draws | AD6: 0 | AF6: 0.18 | AI6: % Draws | AK6: 0.4 | AM6: 0.2
C7: Brooklyn FC | D7: 11 | E7: 1 | F7: 1.82 | G7: 2.82 | I7: 1 | J7: 0.83 | K7: 1.83 | M7: 1 | N7: 3 | O7: 4 | P7: =I7/$I$44 -> 0.62096374 | Q7: =J7/$J$44 -> 0.71453168 | R7: =M7/$M$44 -> 0.8650519 | S7: =N7/$N$44 -> 1.8815855 | T7: =IF((I7-M7)/D7<0,0*(I7-M7)/D7,(I7-M7)/D7) -> 0 | V7: =IF(K7>0,AVERAGE(K7,O7)," ") -> 2.915 | AB7: % Defeats | AD7: 0.25 | AF7: 0.35 | AI7: % Defeats | AK7: 0 | AM7: 0.52
C8: Charleston | D8: 10 | E8: 1.4 | F8: 1.3 | G8: 2.7 | I8: 2.4 | J8: 0.8 | K8: 3.2 | M8: 0.4 | N8: 1.8 | O8: 2.2 | P8: =I8/$I$44 -> 1.490313 | Q8: =J8/$J$44 -> 0.68870523 | R8: =M8/$M$44 -> 0.34602076 | S8: =N8/$N$44 -> 1.1289513 | T8: =IF((I8-M8)/D8<0,0*(I8-M8)/D8,(I8-M8)/D8) -> 0.2 | V8: =IF(K8>0,AVERAGE(K8,O8)," ") -> 2.7 | AB8: Goals scored per game | AD8: 1.75 | AF8: 1.97 | AI8: Goals scored per game | AK8: 1.8 | AM8: 1.2
C9: Colorado S. | D9: 10 | E9: 1.8 | F9: 1.7 | G9: 3.5 | I9: 2.5 | J9: 1.5 | K9: 4 | M9: 1.33 | N9: 1.83 | O9: 3.17 | P9: =I9/$I$44 -> 1.5524093 | Q9: =J9/$J$44 -> 1.2913223 | R9: =M9/$M$44 -> 1.150519 | S9: =N9/$N$44 -> 1.1477672 | T9: =IF((I9-M9)/D9<0,0*(I9-M9)/D9,(I9-M9)/D9) -> 0.117 | V9: =IF(K9>0,AVERAGE(K9,O9)," ") -> 3.585 | AB9: Goals conceded per game | AD9: 1.25 | AF9: 1.57 | AI9: Goals conceded per game | AK9: 0.4 | AM9: 1.57
A10: =IF(B10>AVERAGE(D6:D42),"no","yes") -> no | B10: =ROUND(((COUNTA(C6:C42)-1)*((COUNTA(C6:C42)-1)*2))/38,0) -> 30 | C10: Detroit City | D10: 11 | E10: 1.09 | F10: 0.91 | G10: 2 | I10: 1.8 | J10: 0.4 | K10: 2.2 | M10: 0.5 | N10: 1.33 | O10: 1.83 | P10: =I10/$I$44 -> 1.1177347 | Q10: =J10/$J$44 -> 0.34435262 | R10: =M10/$M$44 -> 0.43252595 | S10: =N10/$N$44 -> 0.83416959 | T10: =IF((I10-M10)/D10<0,0*(I10-M10)/D10,(I10-M10)/D10) -> 0.11818182 | V10: =IF(K10>0,AVERAGE(K10,O10)," ") -> 2.015 | AB10: % Clean sheets | AD10: 0.5 | AF10: 0.26 | AI10: % Clean sheets | AK10: 0.6 | AM10: 0.24
C11: El Paso | D11: 10 | E11: 2.1 | F11: 2 | G11: 4.1 | I11: 1.8 | J11: 3 | K11: 4.8 | M11: 2.4 | N11: 1 | O11: 3.4 | P11: =I11/$I$44 -> 1.1177347 | Q11: =J11/$J$44 -> 2.5826446 | R11: =M11/$M$44 -> 2.0761246 | S11: =N11/$N$44 -> 0.62719518 | T11: =IF((I11-M11)/D11<0,0*(I11-M11)/D11,(I11-M11)/D11) -> 0 | V11: =IF(K11>0,AVERAGE(K11,O11)," ") -> 4.1 | AB11: % Failed To Score | AD11: 0 | AF11: 0.14 | AI11: % Failed To Score | AK11: 0 | AM11: 0.34
C12: FC Tulsa | D12: 10 | E12: 1.3 | F12: 0.9 | G12: 2.2 | I12: 1.2 | J12: 0.8 | K12: 2 | M12: 1.4 | N12: 1 | O12: 2.4 | P12: =I12/$I$44 -> 0.74515648 | Q12: =J12/$J$44 -> 0.68870523 | R12: =M12/$M$44 -> 1.2110727 | S12: =N12/$N$44 -> 0.62719518 | T12: =IF((I12-M12)/D12<0,0*(I12-M12)/D12,(I12-M12)/D12) -> 0 | V12: =IF(K12>0,AVERAGE(K12,O12)," ") -> 2.2 | AB12: % Won To Nil | AD12: 0.5 | AF12: 0.24 | AI12: % Won To Nil | AK12: 0.6 | AM12: 0.17
C13: Hartford A. | D13: 10 | E13: 0.9 | F13: 1 | G13: 1.9 | I13: 0.8 | J13: 1.4 | K13: 2.2 | M13: 1 | N13: 0.6 | O13: 1.6 | P13: =I13/$I$44 -> 0.49677099 | Q13: =J13/$J$44 -> 1.2052342 | R13: =M13/$M$44 -> 0.8650519 | S13: =N13/$N$44 -> 0.37631711 | T13: =IF((I13-M13)/D13<0,0*(I13-M13)/D13,(I13-M13)/D13) -> 0 | V13: =IF(K13>0,AVERAGE(K13,O13)," ") -> 1.9 | AB13: % Lost To Nil | AD13: 0 | AF13: 0.11 | AI13: % Lost To Nil | AK13: 0 | AM13: 0.27
C14: Indy Eleven | D14: 10 | E14: 1.6 | F14: 1.1 | G14: 2.7 | I14: 2 | J14: 0.83 | K14: 2.83 | M14: 1 | N14: 1.5 | O14: 2.5 | P14: =I14/$I$44 -> 1.2419275 | Q14: =J14/$J$44 -> 0.71453168 | R14: =M14/$M$44 -> 0.8650519 | S14: =N14/$N$44 -> 0.94079277 | T14: =IF((I14-M14)/D14<0,0*(I14-M14)/D14,(I14-M14)/D14) -> 0.1 | V14: =IF(K14>0,AVERAGE(K14,O14)," ") -> 2.665 | AB14: Total goals per game | AD14: 3 | AF14: 3.54 | AI14: % Team scored first | AK14: 1 | AM14: 0.36
C15: Las Vegas L. | D15: 11 | E15: 1.45 | F15: 1.73 | G15: 3.18 | I15: 1.2 | J15: 0.4 | K15: 1.6 | M15: 1.67 | N15: 2.83 | O15: 4.5 | P15: =I15/$I$44 -> 0.74515648 | Q15: =J15/$J$44 -> 0.34435262 | R15: =M15/$M$44 -> 1.4446367 | S15: =N15/$N$44 -> 1.7749624 | T15: =IF((I15-M15)/D15<0,0*(I15-M15)/D15,(I15-M15)/D15) -> 0 | V15: =IF(K15>0,AVERAGE(K15,O15)," ") -> 3.05 | AB15: % over 1.5 goals | AD15: 0.75 | AF15: 0.88 | AI15: % Opponent scored first | AK15: 0 | AM15: 0.57
C16: Lexington | D16: 11 | E16: 1.36 | F16: 1.36 | G16: 2.73 | I16: 1.6 | J16: 1.2 | K16: 2.8 | M16: 1.17 | N16: 1.5 | O16: 2.67 | P16: =I16/$I$44 -> 0.99354198 | Q16: =J16/$J$44 -> 1.0330579 | R16: =M16/$M$44 -> 1.0121107 | S16: =N16/$N$44 -> 0.94079277 | T16: =IF((I16-M16)/D16<0,0*(I16-M16)/D16,(I16-M16)/D16) -> 0.039090909 | V16: =IF(K16>0,AVERAGE(K16,O16)," ") -> 2.735 | AB16: % over 2.5 goals | AD16: 0.5 | AF16: 0.74 | AI16: Total goals per game | AK16: 2.2 | AM16: 2.77
C17: Loudoun Utd | D17: 10 | E17: 1.2 | F17: 1.7 | G17: 2.9 | I17: 1.5 | J17: 1.67 | K17: 3.17 | M17: 0.75 | N17: 1.75 | O17: 2.5 | P17: =I17/$I$44 -> 0.9314456 | Q17: =J17/$J$44 -> 1.4376722 | R17: =M17/$M$44 -> 0.64878893 | S17: =N17/$N$44 -> 1.0975916 | T17: =IF((I17-M17)/D17<0,0*(I17-M17)/D17,(I17-M17)/D17) -> 0.075 | V17: =IF(K17>0,AVERAGE(K17,O17)," ") -> 2.835 | AB17: % over 3.5 goals | AD17: 0.25 | AF17: 0.51 | AI17: % over 1.5 goals | AK17: 0.8 | AM17: 0.76
C18: Louisville City | D18: 12 | E18: 1.67 | F18: 1.67 | G18: 3.33 | I18: 1.5 | J18: 1.5 | K18: 3 | M18: 1.83 | N18: 1.83 | O18: 3.67 | P18: =I18/$I$44 -> 0.9314456 | Q18: =J18/$J$44 -> 1.2913223 | R18: =M18/$M$44 -> 1.583045 | S18: =N18/$N$44 -> 1.1477672 | T18: =IF((I18-M18)/D18<0,0*(I18-M18)/D18,(I18-M18)/D18) -> 0 | V18: =IF(K18>0,AVERAGE(K18,O18)," ") -> 3.335 | AB18: % both teams scored | AD18: 0.5 | AF18: 0.62 | AI18: % over 2.5 goals | AK18: 0.4 | AM18: 0.55
C19: Miami FC | D19: 12 | E19: 1.25 | F19: 1.58 | G19: 2.83 | I19: 1.8 | J19: 1.8 | K19: 3.6 | M19: 0.86 | N19: 1.43 | O19: 2.29 | P19: =I19/$I$44 -> 1.1177347 | Q19: =J19/$J$44 -> 1.5495868 | R19: =M19/$M$44 -> 0.74394464 | S19: =N19/$N$44 -> 0.89688911 | T19: =IF((I19-M19)/D19<0,0*(I19-M19)/D19,(I19-M19)/D19) -> 0.078333333 | V19: =IF(K19>0,AVERAGE(K19,O19)," ") -> 2.945 | AB19: % Team scored first | AD19: 0.5 | AF19: 0.56 | AI19: % over 3.5 goals | AK19: 0 | AM19: 0.29
C20: Monterey Bay | D20: 11 | E20: 1 | F20: 1.73 | G20: 2.73 | I20: 1.17 | J20: 1.17 | K20: 2.33 | M20: 0.8 | N20: 2.4 | O20: 3.2 | P20: =I20/$I$44 -> 0.72652757 | Q20: =J20/$J$44 -> 1.0072314 | R20: =M20/$M$44 -> 0.69204152 | S20: =N20/$N$44 -> 1.5052684 | T20: =IF((I20-M20)/D20<0,0*(I20-M20)/D20,(I20-M20)/D20) -> 0.033636364 | V20: =IF(K20>0,AVERAGE(K20,O20)," ") -> 2.765 | AB20: % Opponent scored first | AD20: 0.5 | AF20: 0.42 | AI20: % both teams scored | AK20: 0.4 | AM20: 0.49
C21: New Mexico | D21: 10 | E21: 1.1 | F21: 1.2 | G21: 2.3 | I21: 1.8 | J21: 1.2 | K21: 3 | M21: 0.4 | N21: 1.2 | O21: 1.6 | P21: =I21/$I$44 -> 1.1177347 | Q21: =J21/$J$44 -> 1.0330579 | R21: =M21/$M$44 -> 0.34602076 | S21: =N21/$N$44 -> 0.75263422 | T21: =IF((I21-M21)/D21<0,0*(I21-M21)/D21,(I21-M21)/D21) -> 0.14 | V21: =IF(K21>0,AVERAGE(K21,O21)," ") -> 2.3 | AB21: Average minute scored first | AD21: 48 | AF21: 24
C22: Oakland Roots | D22: 11 | E22: 1.64 | F22: 1.45 | G22: 3.09 | I22: 1.5 | J22: 1.17 | K22: 2.67 | M22: 1.8 | N22: 1.8 | O22: 3.6 | P22: =I22/$I$44 -> 0.9314456 | Q22: =J22/$J$44 -> 1.0072314 | R22: =M22/$M$44 -> 1.5570934 | S22: =N22/$N$44 -> 1.1289513 | T22: =IF((I22-M22)/D22<0,0*(I22-M22)/D22,(I22-M22)/D22) -> 0 | V22: =IF(K22>0,AVERAGE(K22,O22)," ") -> 3.135 | AB22: Average minute conceded first | AD22: 13 | AF22: 27
C23: Orange County | D23: 11 | E23: 1.27 | F23: 0.91 | G23: 2.18 | I23: 1.17 | J23: 0.67 | K23: 1.83 | M23: 1.4 | N23: 1.2 | O23: 2.6 | P23: =I23/$I$44 -> 0.72652757 | Q23: =J23/$J$44 -> 0.57679063 | R23: =M23/$M$44 -> 1.2110727 | S23: =N23/$N$44 -> 0.75263422 | T23: =IF((I23-M23)/D23<0,0*(I23-M23)/D23,(I23-M23)/D23) -> 0 | V23: =IF(K23>0,AVERAGE(K23,O23)," ") -> 2.215 | AB23: Lead-defending rate | AD23: 0.75 | AF23: 0.6
C24: Phoenix Rising | D24: 11 | E24: 1.36 | F24: 1.09 | G24: 2.45 | I24: 1.8 | J24: 0.8 | K24: 2.6 | M24: 1 | N24: 1.33 | O24: 2.33 | P24: =I24/$I$44 -> 1.1177347 | Q24: =J24/$J$44 -> 0.68870523 | R24: =M24/$M$44 -> 0.8650519 | S24: =N24/$N$44 -> 0.83416959 | T24: =IF((I24-M24)/D24<0,0*(I24-M24)/D24,(I24-M24)/D24) -> 0.072727273 | V24: =IF(K24>0,AVERAGE(K24,O24)," ") -> 2.465 | AB24: Equalizing rate | AD24: 0.67 | AF24: 0.43
C25: Pittsburgh | D25: 10 | E25: 1.4 | F25: 1.3 | G25: 2.7 | I25: 1.75 | J25: 1 | K25: 2.75 | M25: 1.17 | N25: 1.5 | O25: 2.67 | P25: =I25/$I$44 -> 1.0866865 | Q25: =J25/$J$44 -> 0.86088154 | R25: =M25/$M$44 -> 1.0121107 | S25: =N25/$N$44 -> 0.94079277 | T25: =IF((I25-M25)/D25<0,0*(I25-M25)/D25,(I25-M25)/D25) -> 0.058 | V25: =IF(K25>0,AVERAGE(K25,O25)," ") -> 2.71 | AB25: % Time leading | AD25: 0.4 | AF25: 0.37
C26: Rhode Island | D26: 10 | E26: 1.7 | F26: 1.4 | G26: 3.1 | I26: 1.83 | J26: 1 | K26: 2.83 | M26: 1.5 | N26: 2 | O26: 3.5 | P26: =I26/$I$44 -> 1.1363636 | Q26: =J26/$J$44 -> 0.86088154 | R26: =M26/$M$44 -> 1.2975779 | S26: =N26/$N$44 -> 1.2543904 | T26: =IF((I26-M26)/D26<0,0*(I26-M26)/D26,(I26-M26)/D26) -> 0.033 | V26: =IF(K26>0,AVERAGE(K26,O26)," ") -> 3.165 | AB26: % Time level in goals | AD26: 0.47 | AF26: 0.4
C27: Sacramento R. | D27: 10 | E27: 1.2 | F27: 1.1 | G27: 2.3 | I27: 1.8 | J27: 1 | K27: 2.8 | M27: 0.6 | N27: 1.2 | O27: 1.8 | P27: =I27/$I$44 -> 1.1177347 | Q27: =J27/$J$44 -> 0.86088154 | R27: =M27/$M$44 -> 0.51903114 | S27: =N27/$N$44 -> 0.75263422 | T27: =IF((I27-M27)/D27<0,0*(I27-M27)/D27,(I27-M27)/D27) -> 0.12 | V27: =IF(K27>0,AVERAGE(K27,O27)," ") -> 2.3 | AB27: % Time trailing | AD27: 0.13 | AF27: 0.23
C28: San Antonio | D28: 12 | E28: 1.5 | F28: 1.17 | G28: 2.67 | I28: 1.67 | J28: 0.83 | K28: 2.5 | M28: 1.33 | N28: 1.5 | O28: 2.83 | P28: =I28/$I$44 -> 1.0370094 | Q28: =J28/$J$44 -> 0.71453168 | R28: =M28/$M$44 -> 1.150519 | S28: =N28/$N$44 -> 0.94079277 | T28: =IF((I28-M28)/D28<0,0*(I28-M28)/D28,(I28-M28)/D28) -> 0.028333333 | V28: =IF(K28>0,AVERAGE(K28,O28)," ") -> 2.665 | AB28: PPG when scored first | AD28: 3 | AF28: 2.23
C29: Sporting JAX | D29: 11 | E29: 1.09 | F29: 2.36 | G29: 3.45 | I29: 1.6 | J29: 2.8 | K29: 4.4 | M29: 0.67 | N29: 2 | O29: 2.67 | P29: =I29/$I$44 -> 0.99354198 | Q29: =J29/$J$44 -> 2.4104683 | R29: =M29/$M$44 -> 0.57958478 | S29: =N29/$N$44 -> 1.2543904 | T29: =IF((I29-M29)/D29<0,0*(I29-M29)/D29,(I29-M29)/D29) -> 0.084545455 | V29: =IF(K29>0,AVERAGE(K29,O29)," ") -> 3.535 | AB29: PPG when conceded first | AD29: 1.5 | AF29: 0.8
C30: Tampa Bay | D30: 11 | E30: 1.73 | F30: 0.45 | G30: 2.18 | I30: 2.4 | J30: 0.6 | K30: 3 | M30: 1.17 | N30: 0.33 | O30: 1.5 | P30: =I30/$I$44 -> 1.490313 | Q30: =J30/$J$44 -> 0.51652893 | R30: =M30/$M$44 -> 1.0121107 | S30: =N30/$N$44 -> 0.20697441 | T30: =IF((I30-M30)/D30<0,0*(I30-M30)/D30,(I30-M30)/D30) -> 0.11181818 | V30: =IF(K30>0,AVERAGE(K30,O30)," ") -> 2.25
P31: =I31/$I$44 -> 0 | Q31: =J31/$J$44 -> 0 | R31: =M31/$M$44 -> 0 | S31: =N31/$N$44 -> 0 | T31: =IF((I31-M31)/D31<0,0*(I31-M31)/D31,(I31-M31)/D31) -> #DIV/0! | V31: =IF(K31>0,AVERAGE(K31,O31)," ")
P32: =I32/$I$44 -> 0 | Q32: =J32/$J$44 -> 0 | R32: =M32/$M$44 -> 0 | S32: =N32/$N$44 -> 0 | T32: =IF((I32-M32)/D32<0,0*(I32-M32)/D32,(I32-M32)/D32) -> #DIV/0! | V32: =IF(K32>0,AVERAGE(K32,O32)," ")
P33: =I33/$I$44 -> 0 | Q33: =J33/$J$44 -> 0 | R33: =M33/$M$44 -> 0 | S33: =N33/$N$44 -> 0 | T33: =IF((I33-M33)/D33<0,0*(I33-M33)/D33,(I33-M33)/D33) -> #DIV/0! | V33: =IF(K33>0,AVERAGE(K33,O33)," ")
P34: =I34/$I$44 -> 0 | Q34: =J34/$J$44 -> 0 | R34: =M34/$M$44 -> 0 | S34: =N34/$N$44 -> 0 | T34: =IF((I34-M34)/D34<0,0*(I34-M34)/D34,(I34-M34)/D34) -> #DIV/0! | V34: =IF(K34>0,AVERAGE(K34,O34)," ")
P35: =I35/$I$44 -> 0 | Q35: =J35/$J$44 -> 0 | R35: =M35/$M$44 -> 0 | S35: =N35/$N$44 -> 0 | T35: =IF((I35-M35)/D35<0,0*(I35-M35)/D35,(I35-M35)/D35) -> #DIV/0! | V35: =IF(K35>0,AVERAGE(K35,O35)," ")
P36: =I36/$I$44 -> 0 | Q36: =J36/$J$44 -> 0 | R36: =M36/$M$44 -> 0 | S36: =N36/$N$44 -> 0 | T36: =IF((I36-M36)/D36<0,0*(I36-M36)/D36,(I36-M36)/D36) -> #DIV/0! | V36: =IF(K36>0,AVERAGE(K36,O36)," ")
P37: =I37/$I$44 -> 0 | Q37: =J37/$J$44 -> 0 | R37: =M37/$M$44 -> 0 | S37: =N37/$N$44 -> 0 | T37: =IF((I37-M37)/D37<0,0*(I37-M37)/D37,(I37-M37)/D37) -> #DIV/0! | V37: =IF(K37>0,AVERAGE(K37,O37)," ")
P38: =I38/$I$44 -> 0 | Q38: =J38/$J$44 -> 0 | R38: =M38/$M$44 -> 0 | S38: =N38/$N$44 -> 0 | T38: =IF((I38-M38)/D38<0,0*(I38-M38)/D38,(I38-M38)/D38) -> #DIV/0! | V38: =IF(K38>0,AVERAGE(K38,O38)," ")
P39: =I39/$I$44 -> 0 | Q39: =J39/$J$44 -> 0 | R39: =M39/$M$44 -> 0 | S39: =N39/$N$44 -> 0 | T39: =IF((I39-M39)/D39<0,0*(I39-M39)/D39,(I39-M39)/D39) -> #DIV/0! | V39: =IF(K39>0,AVERAGE(K39,O39)," ")
P40: =I40/$I$44 -> 0 | Q40: =J40/$J$44 -> 0 | R40: =M40/$M$44 -> 0 | S40: =N40/$N$44 -> 0 | T40: =IF((I40-M40)/D40<0,0*(I40-M40)/D40,(I40-M40)/D40) -> #DIV/0! | V40: =IF(K40>0,AVERAGE(K40,O40)," ")
P41: =I41/$I$44 -> 0 | Q41: =J41/$J$44 -> 0 | R41: =M41/$M$44 -> 0 | S41: =N41/$N$44 -> 0 | T41: =IF((I41-M41)/D41<0,0*(I41-M41)/D41,(I41-M41)/D41) -> #DIV/0! | V41: =IF(K41>0,AVERAGE(K41,O41)," ")
P42: =I42/$I$44 -> 0 | Q42: =J42/$J$44 -> 0 | R42: =M42/$M$44 -> 0 | S42: =N42/$N$44 -> 0 | T42: =IF((I42-M42)/D42<0,0*(I42-M42)/D42,(I42-M42)/D42) -> #DIV/0! | V42: =IF(K42>0,AVERAGE(K42,O42)," ")
A43: =_xlfn.TEXTJOIN("/ ", ,R88,Q88,Q86,P88,R93,T88,Sheet2!F40) -> 4goals/ coup | B43: =_xlfn.TEXTJOIN("/ ", ,_xlfn.IFERROR(O89,""),_xlfn.IFERROR(O90,"")) -> move1/ move2
C44: =COUNT(E6:E42) -> 25 | E44: =AVERAGE(E6:E42) -> 1.3684 | F44: =AVERAGE(F6:F42) -> 1.3652 | H44: league ave | I44: =AVERAGE(I6:I42) -> 1.6104 | J44: =AVERAGE(J6:J42) -> 1.1616 | M44: =AVERAGE(M6:M42) -> 1.156 | N44: =AVERAGE(N6:N42) -> 1.5944
E45: =AVERAGE(E44,F44) -> 1.3668 | I45: =AVERAGE(I44,J44) -> 1.386 | M45: =AVERAGE(M44,N44) -> 1.3752
A46: =_xlfn.TEXTJOIN("/ ", ,R90,Q90,Q87,P90,R94,U88,Sheet2!BE39) -> 4goals/ coup | B46: =_xlfn.TEXTJOIN(", ", ,C114,_xlfn.IFERROR(O84,""),_xlfn.IFERROR(O85,"")) -> 4goals, Go1, Go2 | C46: =_xlfn.TEXTJOIN("=", ,E62,IF(P6="","Att is empty","")) -> not | D46: =(E46/2)*E46 -> 3.8115605 | E46: =AVERAGE(V6:V42) -> 2.761 | F46: 1 | G46: =IF(OR(E61="u2.5",E61="u2.5+",E61="u3.5"),E61,"check") -> check | H46: =IF(AND(F62="over",J62="over"),1,IF(OR(F62="over",J62="over"),2,"")) -> 2 | I46: =_xlfn.TEXTJOIN("/ ", ,M84,S99,IF(AND($C$46="settled",$C$47="high"),"D+","")) -> yes/ 25 | J46: =_xlfn.TEXTJOIN(" ,", ,Sheet2!E40,2) -> never ,2 | K46: =IF(OR(I61="u2.5",I61="u2.5+",I61="u3.5"),I61,"check") -> check | N46: 3 | O46: =IF(OR(M61="u2.5",M61="u2.5+",M61="u3.5"),M61,"check") -> check | P46: =IF(AND(N62="over",R62="over"),1,IF(OR(N62="over",R62="over"),2,"")) -> 2 | Q46: =_xlfn.TEXTJOIN("/ ", ,M85,S100,IF(AND($C$46="settled",$C$47="high"),"D+","")) -> yes/ 25 | R46: =_xlfn.TEXTJOIN(" ,", ,Sheet2!BD39,4) -> never ,4 | S46: =IF(OR(Q61="u2.5",Q61="u2.5+",Q61="u3.5"),Q61,"check") -> check | V46: 5 | W46: =IF(OR(U61="u2.5",U61="u2.5+",U61="u3.5"),U61,"check") -> u2.5+
A47: =IF(Sheet2!BE39="coup","just Add 1 goal","clean") -> just Add 1 goal | B47: =_xlfn.TEXTJOIN("/ ", ,_xlfn.IFERROR(N84,""),_xlfn.IFERROR(N85,"")) -> under1/ under2 | C47: =H64 -> less | D47: =IF($E$46-(AVERAGE(VLOOKUP(F48,$C$6:$V$42,20),VLOOKUP(G48,$C$6:$V$42,20)))>-0.21,"well","not") -> not | E47: =IF(C1>0,"align",IF(C1>-0.16,"full",IF(C1>-0.3,"partially","the goal"))) -> align | F47: home | G47: away | H47: =$A$100 -> 50 and 50 | I47: =IF(E1>0,"align",IF(E1>-0.16,"full",IF(E1>-0.3,"partially","the goal"))) -> align | J47: home | K47: away | L47: =$A$100 -> 50 and 50 | M47: =IF(G1>0,"align",IF(G1>-0.16,"full",IF(G1>-0.3,"partially","the goal"))) -> align | N47: home | O47: away | P47: =$A$100 -> 50 and 50 | Q47: =IF(I1>0,"align",IF(I1>-0.16,"full",IF(I1>-0.3,"partially","the goal"))) -> align | R47: home | S47: away | T47: =$A$100 -> 50 and 50 | U47: =IF(K1>0,"align",IF(K1>-0.16,"full",IF(K1>-0.3,"partially","the goal"))) -> partially | V47: home | W47: away
A48: =IF(OR(Sheet2!W26>1,T88="not",U88="not",P88="both",P89="both",Sheet2!Y25="D'over",Sheet2!AX25="D'over",Sheet2!BW25="D'over",Sheet2!CV25="D'over",O89="hold1",O90="hold2"),"",_xlfn.TEXTJOIN(" + ", ,S81,U81,W83)) -> 0.75 + 3.5 + 2 | B48: =_xlfn.TEXTJOIN("/ ", ,_xlfn.IFERROR(V95,""),_xlfn.IFERROR(V96,"")) -> check1/ check2 | C48: =H102 -> -0.31778774 | D48: =IF($E$46-(AVERAGE(VLOOKUP(J48,$C$6:$V$42,20),VLOOKUP(K48,$C$6:$V$42,20)))>-0.21,"well","not") -> not | E48: =IF($D46>4.9,"5 goals",IF($D46>4.45,"5goals",IF($D46>3.45,"4goals",IF($D46>2.45,"3goals","2goals or less")))) -> 4goals | F48: =B62 -> Monterey Bay | G48: =C62 -> Sporting JAX | H48: =IF(OR(H75="u2.5",H76="u2.5",AND(G75="over",H75="over"),AND(G76="over",H76="over")),"faulty","good") -> faulty | I48: =IF($D46>4.9,"5 goals",IF($D46>4.45,"5goals",IF($D46>3.45,"4goals",IF($D46>2.45,"3goals","2goals or less")))) -> 4goals | J48: =C62 -> Sporting JAX | K48: =B62 -> Monterey Bay | M48: =IF($D46>4.9,"5 goals",IF($D46>4.45,"5goals",IF($D46>3.45,"4goals",IF($D46>2.45,"3goals","2goals or less")))) -> 4goals | N48: =B63 -> Sporting JAX | O48: =C63 -> Monterey Bay | P48: =IF(OR($H$77="u2.5",$H$78="u2.5",AND($G$77="over",$H$77="over"),AND($G$78="over",$H$78="over")),"faulty","good") -> faulty | Q48: =IF($D46>4.9,"5 goals",IF($D46>4.45,"5goals",IF($D46>3.45,"4goals",IF($D46>2.45,"3goals","2goals or less")))) -> 4goals | R48: =C63 -> Monterey Bay | S48: =B63 -> Sporting JAX | U48: =IF($D46>4.9,"5 goals",IF($D46>4.45,"5goals",IF($D46>3.45,"4goals",IF($D46>2.45,"3goals","2goals or less")))) -> 4goals | V48: Galway Utd | W48: Cork City
A49: =AA93 -> 93.75 | D49: =IF($E$46-(AVERAGE(VLOOKUP(F50,$C$6:$V$42,20),VLOOKUP(G50,$C$6:$V$42,20)))>-0.21,"well","not") -> #N/A | E49: attack | F49: =VLOOKUP($F$48,$C$4:$T$42,14,FALSE) -> 0.72652757 | G49: =VLOOKUP($G$48,$C$4:$T$42,16,FALSE) -> 0.57958478 | I49: attack | J49: =VLOOKUP($J$48,$C$4:$T$42,14,FALSE) -> 0.99354198 | K49: =VLOOKUP($K$48,$C$4:$T$42,16,FALSE) -> 0.69204152 | M49: attack | N49: =VLOOKUP($N$48,$C$4:$T$42,14,FALSE) -> 0.99354198 | O49: =VLOOKUP($O$48,$C$4:$T$42,16,FALSE) -> 0.69204152 | Q49: attack | R49: =VLOOKUP($R$48,$C$4:$T$42,14,FALSE) -> 0.72652757 | S49: =VLOOKUP($S$48,$C$4:$T$42,16,FALSE) -> 0.57958478 | U49: attack | V49: =VLOOKUP($V$48,$C$4:$T$42,14,FALSE) -> #N/A | W49: =VLOOKUP($W$48,$C$4:$T$42,16,FALSE) -> #N/A
A50: =AA94 -> 0 | D50: =IF($E$46-(AVERAGE(VLOOKUP(F51,$C$6:$V$42,20),VLOOKUP(G51,$C$6:$V$42,20)))>-0.21,"well","not") -> #N/A | E50: defend | F50: =VLOOKUP($F$48,$C$4:$T$42,15,FALSE) -> 1.0072314 | G50: =VLOOKUP($G$48,$C$4:$T$42,17,FALSE) -> 1.2543904 | I50: defend | J50: =VLOOKUP($J$48,$C$4:$T$42,15,FALSE) -> 2.4104683 | K50: =VLOOKUP($K$48,$C$4:$T$42,17,FALSE) -> 1.5052684 | M50: defend | N50: =VLOOKUP($N$48,$C$4:$T$42,15,FALSE) -> 2.4104683 | O50: =VLOOKUP($O$48,$C$4:$T$42,17,FALSE) -> 1.5052684 | Q50: defend | R50: =VLOOKUP(R48,$C$4:$T$42,15,FALSE) -> 1.0072314 | S50: =VLOOKUP(S48,$C$4:$T$42,17,FALSE) -> 1.2543904 | U50: defend | V50: =VLOOKUP($V$48,$C$4:$T$42,15,FALSE) -> #N/A | W50: =VLOOKUP($W$48,$C$4:$T$42,17,FALSE) -> #N/A
A51: =AA95 -> 0 | D51: =IF($E$46-(AVERAGE(VLOOKUP(F52,$C$6:$V$42,20),VLOOKUP(G52,$C$6:$V$42,20)))>-0.21,"well","not") -> #N/A | E51: l.average | F51: =I45 -> 1.386 | G51: =M45 -> 1.3752 | I51: l.average | J51: =I45 -> 1.386 | K51: =M45 -> 1.3752 | M51: l.average | N51: =I45 -> 1.386 | O51: =M45 -> 1.3752 | Q51: l.average | R51: =I45 -> 1.386 | S51: =M45 -> 1.3752 | U51: l.average | V51: =I45 -> 1.386 | W51: =M45 -> 1.3752
A52: =AA96 -> 0 | D52: =IF($E$46-(AVERAGE(VLOOKUP(F53,$C$6:$V$42,20),VLOOKUP(G53,$C$6:$V$42,20)))>-0.21,"well","not") -> #N/A | E52: g.expect | F52: =F51*G50*G53 -> 1.3216097 | G52: =G51*F50*G49 -> 0.80280874 | I52: g.expect | J52: =J51*K50*K53 -> 2.249216 | K52: =K51*J50*K49 -> 2.2940319 | M52: g.expect | N52: =N51*O50*O53 -> 2.249216 | O52: =O51*N50*O49 -> 2.2940319 | Q52: g.expect | R52: =R51*S50*S53 -> 1.3216097 | S52: =S51*R50*S49 -> 0.80280874 | U52: g.expect | V52: =V51*W50*W53 -> #N/A | W52: =W51*V50*W49 -> #N/A
A53: =AA97 -> 0 | D53: =IF($E$46-(AVERAGE(VLOOKUP(F54,$C$6:$V$42,20),VLOOKUP(G54,$C$6:$V$42,20)))>-0.21,"well","not") -> well | E53: HA | F53: =VLOOKUP($F$48,$C$4:$U$42,18,FALSE) -> 0.033636364 | G53: =F49+F53 -> 0.76016393 | J53: =VLOOKUP($J$48,$C$4:$U$42,18,FALSE) -> 0.084545455 | K53: =J49+J53 -> 1.0780874 | N53: =VLOOKUP($N$48,$C$4:$U$42,18,FALSE) -> 0.084545455 | O53: =N49+N53 -> 1.0780874 | R53: =VLOOKUP($R$48,$C$4:$U$42,18,FALSE) -> 0.033636364 | S53: =R49+R53 -> 0.76016393 | V53: =VLOOKUP($V$48,$C$4:$U$42,18,FALSE) -> #N/A | W53: =V49+V53 -> #N/A
A54: =IF(OR(Sheet2!W26>1,T88="not",U88="not",P88="both",P89="both",Sheet2!Y25="D'over",Sheet2!AX25="D'over",Sheet2!BW25="D'over",Sheet2!CV25="D'over",O89="hold1",O90="hold2"),"",_xlfn.TEXTJOIN(" + ", ,S82,U82,W84)) -> 0.75 + 3.5 + 2 | B54: =_xlfn.TEXTJOIN("/ ", ,_xlfn.IFERROR(T99,""),_xlfn.IFERROR(T100,"")) | C54: =IF(OR(H69<0,I102<0),"Negative","positive") -> Negative | E54: predictions | F54: =IF(Sheet2!O34="yes",Sheet2!S37,IF(Sheet2!O24="both tabs",Sheet2!S33,Sheet2!O33)) -> 2 handicap | G54: =_xlfn.TEXTJOIN(", ", ,A1,Sheet2!X24) -> 2, u4.5 | H54: =IF(AND(O92>70,P97>60,H48="good"),"under",IF(AND(H48="faulty",O92>70,P97>60),"under+1","run")) -> run | I54: predictions | J54: =IF(Sheet2!AN34="yes",Sheet2!AR37,IF(Sheet2!AN24="both tabs",Sheet2!AR33,Sheet2!AN33)) -> 2 handicap | K54: =_xlfn.TEXTJOIN(", ", ,B1,Sheet2!AW24) -> 1, don't choose | M54: predictions | N54: =IF(Sheet2!BM34="yes",Sheet2!BQ37,IF(Sheet2!BM24="both tabs",Sheet2!BQ33,Sheet2!BM33)) -> 2 handicap | O54: =_xlfn.TEXTJOIN(", ", ,A2,Sheet2!BV24) -> 1, don't choose | P54: =IF(AND($O$93>70,$P$98>60,$P$48="good"),"under",IF(AND($P$48="faulty",$O$93>70,$P$98>60),"under+1","run")) -> run | Q54: predictions | R54: =IF(Sheet2!CL34="yes",Sheet2!CP37,IF(Sheet2!CL24="both tabs",Sheet2!CP33,Sheet2!CL33)) -> 2 handicap | S54: =_xlfn.TEXTJOIN(", ", ,B2,Sheet2!CU24) -> 2, u4.5 | U54: predictions | V54: =IF(Sheet2!DK34="yes",Sheet2!DO37,IF(Sheet2!DK24="both tabs",Sheet2!DO33,Sheet2!DK33)) -> #N/A | W54: =_xlfn.TEXTJOIN(", ", ,A3,Sheet2!DT24) -> #N/A
D55: =IF($E$46-(AVERAGE(VLOOKUP(F56,$C$6:$V$42,20),VLOOKUP(G56,$C$6:$V$42,20)))>-0.21,"well","not") -> #N/A | F55: away | G55: home | J55: away | K55: home | N55: away | O55: home | R55: away | S55: home | V55: away | W55: home
D56: =IF($E$46-(AVERAGE(VLOOKUP(F57,$C$6:$V$42,20),VLOOKUP(G57,$C$6:$V$42,20)))>-0.21,"well","not") -> #N/A | E56: attack | F56: =VLOOKUP(F48,$C$6:$U$42,16,FALSE) -> 0.69204152 | G56: =VLOOKUP(G48,$C$6:$U$42,14,FALSE) -> 0.99354198 | I56: attack | J56: =VLOOKUP(J48,$C$6:$U$42,16,FALSE) -> 0.57958478 | K56: =VLOOKUP(K48,$C$6:$U$42,14,FALSE) -> 0.72652757 | M56: attack | N56: =VLOOKUP(N48,$C$6:$U$42,16,FALSE) -> 0.57958478 | O56: =VLOOKUP(O48,$C$6:$U$42,14,FALSE) -> 0.72652757 | Q56: attack | R56: =VLOOKUP(R48,$C$6:$U$42,16,FALSE) -> 0.69204152 | S56: =VLOOKUP(S48,$C$6:$U$42,14,FALSE) -> 0.99354198 | U56: attack | V56: =VLOOKUP(V48,$C$6:$U$42,16,FALSE) -> #N/A | W56: =VLOOKUP(W48,$C$6:$U$42,14,FALSE) -> #N/A
D57: =IF($E$46-(AVERAGE(VLOOKUP(F58,$C$6:$V$42,20),VLOOKUP(G58,$C$6:$V$42,20)))>-0.21,"well","not") -> #N/A | E57: defend | F57: =VLOOKUP(F48,$C$6:$U$42,17, ) -> 1.5052684 | G57: =VLOOKUP(G48,$C$6:$U$42,15,FALSE) -> 2.4104683 | I57: defend | J57: =VLOOKUP(J48,$C$6:$U$42,17, ) -> 1.2543904 | K57: =VLOOKUP(K48,$C$6:$U$42,15,FALSE) -> 1.0072314 | M57: defend | N57: =VLOOKUP(N48,$C$6:$U$42,17, ) -> 1.2543904 | O57: =VLOOKUP(O48,$C$6:$U$42,15,FALSE) -> 1.0072314 | Q57: defend | R57: =VLOOKUP(R48,$C$6:$U$42,17, ) -> 1.5052684 | S57: =VLOOKUP(S48,$C$6:$U$42,15,FALSE) -> 2.4104683 | U57: defend | V57: =VLOOKUP(V48,$C$6:$U$42,17, ) -> #N/A | W57: =VLOOKUP(W48,$C$6:$U$42,15,FALSE) -> #N/A
D58: =IF($E$46-(AVERAGE(VLOOKUP(F59,$C$6:$V$42,20),VLOOKUP(G59,$C$6:$V$42,20)))>-0.21,"well","not") -> #N/A | E58: l.average | F58: =$I$45 -> 1.386 | G58: =$E$45 -> 1.3668 | I58: l.average | J58: =$I$45 -> 1.386 | K58: =$E$45 -> 1.3668 | M58: l.average | N58: =$I$45 -> 1.386 | O58: =$E$45 -> 1.3668 | Q58: l.average | R58: =$I$45 -> 1.386 | S58: =$E$45 -> 1.3668 | U58: l.average | V58: =$I$45 -> 1.386 | W58: =$E$45 -> 1.3668
D59: =IF($E$46-(AVERAGE(VLOOKUP(F60,$C$6:$V$42,20),VLOOKUP(G60,$C$6:$V$42,20)))>-0.21,"well","not") -> #VALUE! | E59: g.expect | F59: =F56*G57*F58 -> 2.3120478 | G59: =(G56+G60)*F57*G58 -> 2.2180581 | I59: g.expect | J59: =J56*K57*J58 -> 0.80911352 | K59: =(K56+K60)*J57*K58 -> 1.3033016 | M59: g.expect | N59: =N56*O57*N58 -> 0.80911352 | O59: =(O56+O60)*N57*O58 -> 1.3033016 | Q59: g.expect | R59: =R56*S57*R58 -> 2.3120478 | S59: =(S56+S60)*R57*S58 -> 2.2180581 | U59: g.expect | V59: =V56*W57*V58 -> #N/A | W59: =(W56+W60)*V57*W58 -> #N/A
D60: =IF($E$46-(AVERAGE(VLOOKUP(N48,$C$6:$V$42,20),VLOOKUP(O48,$C$6:$V$42,20)))>-0.21,"well","not") -> not | E60: HA | G60: =VLOOKUP(G48,$C$6:$U$45,18, ) -> 0.084545455 | I60: HA | K60: =VLOOKUP(K48,$C$6:$U$45,18, ) -> 0.033636364 | M60: HA | O60: =VLOOKUP(O48,$C$6:$U$45,18, ) -> 0.033636364 | Q60: HA | S60: =VLOOKUP(S48,$C$6:$U$45,18, ) -> 0.084545455 | U60: HA | W60: =VLOOKUP(W48,$C$6:$U$45,18, ) -> #N/A
D61: =IF($E$46-(AVERAGE(VLOOKUP(R48,$C$6:$V$42,20),VLOOKUP(S48,$C$6:$V$42,20)))>-0.21,"well","not") -> not | E61: =Sheet2!J28 -> check | F61: =IF(Sheet2!S38="both sides",Sheet2!S38,IF(Sheet2!S33="2 handicap",Sheet2!S37,Sheet2!P26)) -> okay away | G61: =_xlfn.TEXTJOIN(", ", ,Sheet2!C26,Sheet2!C28,Sheet2!U23) -> equal, medium, wins | H61: =_xlfn.TEXTJOIN(" ;", ,IF(O81<25,H54,N81),IF(OR(L75="swiped",L76="swiped"),"yes","")) -> 1 | I61: =Sheet2!AI28 -> check | J61: =IF(Sheet2!AR38="both sides",Sheet2!AR38,IF(Sheet2!AR33="2 handicap",Sheet2!AR37,Sheet2!AO26)) -> okay away | K61: =_xlfn.TEXTJOIN(", ", ,Sheet2!AB26,Sheet2!AB28,Sheet2!AT23) -> equal, medium, Goals | M61: =Sheet2!BH28 -> check | N61: =IF(Sheet2!BQ38="both sides",Sheet2!BQ38,IF(Sheet2!BQ38="both sides",Sheet2!S38,IF(Sheet2!BQ33="2 handicap",Sheet2!BQ37,Sheet2!BN26))) -> okay away | O61: =_xlfn.TEXTJOIN(", ", ,Sheet2!BA26,Sheet2!BA28,Sheet2!BS23) -> equal, medium, Goals | P61: =_xlfn.TEXTJOIN(" ;", ,IF(O83<25,P54,N83),IF(OR(L77="swiped",L78="swiped"),"yes","")) -> 1 | Q61: =Sheet2!CG28 -> check | R61: =IF(Sheet2!CP38="both sides",Sheet2!CP38,IF(Sheet2!CP33="2 handicap",Sheet2!CP37,Sheet2!CM26)) -> tired | S61: =_xlfn.TEXTJOIN(", ", ,Sheet2!BZ26,Sheet2!BZ28,Sheet2!CR23) -> equal, medium, wins | U61: =Sheet2!DF28 -> u2.5+ | V61: =IF(Sheet2!DO38="both sides",Sheet2!DO38,IF(Sheet2!DO33="2 handicap",Sheet2!DO37,Sheet2!DL26)) -> #N/A | W61: =_xlfn.TEXTJOIN(", ", ,Sheet2!CY26,Sheet2!CY28,Sheet2!DQ23) -> #N/A
A62: 1 | B62: =B69 -> Monterey Bay | C62: =C69 -> Sporting JAX | D62: =IF($E$46-(AVERAGE(VLOOKUP(V48,$C$6:$V$42,20),VLOOKUP(W48,$C$6:$V$42,20)))>-0.21,"well","not") -> well | E62: =IF(CORREL($I6:$I42,$M6:$M42)>0.4,"settled","not") -> not | F62: =Sheet2!V23 -> under | G62: =Sheet2!O14 -> not met | H62: =IF(P97<60,"",IF(AND(OR(A1="yes",A1="wow"),OR(B1="yes",B1="wow")),"NO",IF(OR(OR(A1="yes",A1="wow"),OR(B1="yes",B1="wow")),"+1",H54))) | I62: =IF(CORREL($I6:$I42,$M6:$M42)>0.4,"settled","not") -> not | J62: =Sheet2!AU23 -> over | K62: =Sheet2!AN14 -> not met | M62: =IF(CORREL($I6:$I42,$M6:$M42)>0.4,"settled","not") -> not | N62: =Sheet2!BT23 -> over | O62: =Sheet2!BM14 -> not met | P62: =IF(P98<60,"",IF(AND(OR(A2="yes",A2="wow"),OR(B2="yes",B2="wow")),"NO",IF(OR(OR(A2="yes",A2="wow"),OR(B2="yes",B2="wow")),"+1",P54))) | Q62: =IF(CORREL($I6:$I42,$M6:$M42)>0.4,"settled","not") -> not | R62: =Sheet2!CS23 -> under | S62: =Sheet2!CL14 -> not met | U62: =IF(CORREL($I6:$I42,$M6:$M42)>0.6,"settled","not") -> not | V62: =Sheet2!DR23 -> #N/A | W62: =Sheet2!DK14 -> #N/A
A63: 2 | B63: =C69 -> Sporting JAX | C63: =B69 -> Monterey Bay | E63: =IF(AND(G62="all met",OR(E47="align",E47="full"),F62="under"),"precised1",IF(AND(F62="under",OR(E47="align",E47="full"),OR(F63="high1",F63="waw",F63="high"),OR(G63="high",G63="high1",G63="waw1",G63="waw")),"precised2", )) -> 0 | F63: =Sheet2!H39 -> low | G63: =Sheet2!M12 -> off | H63: =Q91 -> No | I63: =IF(AND(K62="all met",OR(I47="align",I47="full"),J62="under"),"precised1",IF(AND(J62="under",OR(I47="align",I47="full"),OR(J63="high1",J63="waw",J63="high"),OR(K63="high",K63="high1",K63="waw1",K63="waw")),"precised2", )) -> 0 | J63: =Sheet2!AG39 -> low | K63: =Sheet2!AL12 -> off | M63: =IF(AND(O62="all met",OR(M47="align",M47="full"),N62="under"),"precised1",IF(AND(N62="under",OR(M47="align",M47="full"),OR(N63="high1",N63="waw",N63="high"),OR(O63="high",O63="high1",O63="waw1",O63="waw")),"precised2", )) -> 0 | N63: =Sheet2!BF39 -> low | O63: =Sheet2!BK12 -> off | P63: =Q93 -> No | Q63: =IF(AND(S62="all met",OR(Q47="align",Q47="full"),R62="under"),"precised1",IF(AND(R62="under",OR(Q47="align",Q47="full"),OR(R63="high1",R63="waw",R63="high"),OR(S63="high",S63="high1",S63="waw1",S63="waw")),"precised2", )) -> 0 | R63: =Sheet2!CE39 -> low | S63: =Sheet2!CJ12 -> off | U63: =IF(AND(W62="all met",OR(U47="align",U47="full"),V62="under"),"precised1",IF(AND(V62="under",OR(U47="align",U47="full"),OR(V63="high1",V63="waw",V63="high"),OR(W63="high",W63="high1",W63="waw1",W63="waw")),"precised2", )) -> #N/A | V63: =Sheet2!DD39 -> #N/A | W63: =Sheet2!DI12 -> #N/A
A64: =IF(OR(T88="not",U88="not",P88="both",P89="both"),"",W81) -> success | B64: =_xlfn.TEXTJOIN(". ", ,"Home",B104,(ROUND(Sheet2!R2,2))*100) -> Home. C. 7 | C64: =_xlfn.TEXTJOIN("• ", ,"Away",L105) -> Away• H. 1.78142142 | D64: =Sheet2!N73 -> both | E64: =Sheet2!J20 -> yes | F64: =Sheet2!J26 -> draw, doubled | H64: =IF(CORREL($J6:$J42,$N6:$N42)<0.4,"less","High") -> less | I64: =Sheet2!AI20 -> no | J64: =Sheet2!AI26 -> draw, doubled | M64: =Sheet2!BH20 -> no | N64: =Sheet2!BH26 -> draw, doubled | P64: =IF(CORREL($J6:$J42,$N6:$N42)<0.4,"less","High") -> less | Q64: =Sheet2!CG20 -> yes | R64: =Sheet2!CG26 -> draw, doubled | U64: =Sheet2!DF20 -> #N/A | V64: =Sheet2!DF26 -> #N/A
E65: =IF(ABS(Sheet2!J5-Sheet2!J43)>2,"greater",IF(ABS(Sheet2!J5-Sheet2!J43)>1,"great","less")) -> less | F65: =IF(Sheet2!J5+Sheet2!J43>16,"less goal",IF(Sheet2!J5+Sheet2!J43>14,"L.goal","H.goal")) -> L.goal | G65: =IF(ISNA(VLOOKUP(F48,Sheet2!K17,1)),"",VLOOKUP(F48,Sheet2!K17,1)) -> out | I65: =IF(ABS(Sheet2!AI5-Sheet2!AI43)>2,"greater",IF(ABS(Sheet2!AI5-Sheet2!AI43)>1,"great","less")) -> less | J65: =IF(Sheet2!AI5+Sheet2!AI43>16,"less goal",IF(Sheet2!AI5+Sheet2!AI43>14,"L.goal","H.goal")) -> L.goal | K65: =Sheet2!AJ17 -> out | M65: =IF(ABS(Sheet2!BH5-Sheet2!BH43)>2,"greater",IF(ABS(Sheet2!BH5-Sheet2!BH43)>1,"great","less")) -> less | N65: =IF(Sheet2!BH5+Sheet2!BH43>16,"less goal",IF(Sheet2!BH5+Sheet2!BH43>14,"L.goal","H.goal")) -> L.goal | O65: =Sheet2!BI17 -> out | Q65: =IF(ABS(Sheet2!CG5-Sheet2!CG43)>2,"greater",IF(ABS(Sheet2!CG5-Sheet2!CG43)>1,"great","less")) -> less | R65: =IF(Sheet2!CG5+Sheet2!CG43>16,"less goal",IF(Sheet2!CG5+Sheet2!CG43>14,"L.goal","H.goal")) -> L.goal | S65: =Sheet2!CH17 -> out | U65: =IF(ABS(Sheet2!DF5-Sheet2!DF43)>2,"greater",IF(ABS(Sheet2!DF5-Sheet2!DF43)>1,"great","less")) -> #N/A | V65: =IF(Sheet2!DF5+Sheet2!DF43>16,"less goal",IF(Sheet2!DF5+Sheet2!DF43>14,"L.goal","H.goal")) -> #N/A | W65: =Sheet2!DG17 -> out
E66: =IF(F66=MAX(G66,F66),"home","away") -> home | F66: =VLOOKUP(F48,$C6:$O42,7) -> 1.17 | G66: =VLOOKUP(G48,$C6:$O42,11) -> 0.67 | I66: =IF(J66=MAX(K66,J66),"home","away") -> home | J66: =VLOOKUP(J48,$C6:$O42,7) -> 1.6 | K66: =VLOOKUP(K48,$C6:$O42,11) -> 0.8 | M66: =IF(N66=MAX(O66,N66),"home","away") -> home | N66: =VLOOKUP(N48,$C6:$O42,7) -> 1.6 | O66: =VLOOKUP(O48,$C6:$O42,11) -> 0.8 | Q66: =IF(R66=MAX(S66,R66),"home","away") -> home | R66: =VLOOKUP(R48,$C6:$O42,7) -> 1.17 | S66: =VLOOKUP(S48,$C6:$O42,11) -> 0.67 | U66: =IF(V66=MAX(W66,V66),"home","away") -> home | V66: =VLOOKUP(V48,$C6:$O42,7) -> 2.4 | W66: =VLOOKUP(W48,$C6:$O42,11) -> 1.17
E67: =IF(F67=MAX(G67,F67),"home","away") -> home | F67: =F66*VLOOKUP(G48,$C6:$O42,12) -> 2.34 | G67: =G66*VLOOKUP(F48,$C6:$O42,8) -> 0.7839 | I67: =IF(J67=MAX(K67,J67),"home","away") -> home | J67: =J66*VLOOKUP(K48,$C6:$O42,12) -> 3.84 | K67: =K66*VLOOKUP(J48,$C6:$O42,8) -> 2.24 | M67: =IF(N67=MAX(O67,N67),"home","away") -> home | N67: =N66*VLOOKUP(O48,$C6:$O42,12) -> 3.84 | O67: =O66*VLOOKUP(N48,$C6:$O42,8) -> 2.24 | Q67: =IF(R67=MAX(S67,R67),"home","away") -> home | R67: =R66*VLOOKUP(S48,$C6:$O42,12) -> 2.34 | S67: =S66*VLOOKUP(R48,$C6:$O42,8) -> 0.7839 | U67: =IF(V67=MAX(W67,V67),"home","away") -> home | V67: =V66*VLOOKUP(W48,$C6:$O42,12) -> 0.792 | W67: =W66*VLOOKUP(V48,$C6:$O42,8) -> 0.702
E68: =IF(AND(E66="home",E67="home"),"1x",IF(AND(E66="away",E67="away"),"x2",IF(AND(E66="home",E67="away"),E67,IF(AND(E66="away",E67="home"),E67,0)))) -> 1x | F68: =AVERAGE(F67,G67) -> 1.56195 | G68: =IF(F68<0.65,"u1.5",IF(F68<1,"u2.5",IF(F68<1.3,"over3",IF(AND(F67>F66,OR(G67<G66,G67=G66)),"under1",IF(AND(G67>G66,OR(F67<F66,F67=F66)),"under2","over"))))) -> over | I68: =IF(AND(I66="home",I67="home"),"1x",IF(AND(I66="away",I67="away"),"x2",IF(AND(I66="home",I67="away"),I67,IF(AND(I66="away",I67="home"),I67,0)))) -> 1x | J68: =AVERAGE(J67,K67) -> 3.04 | K68: =IF(J68<0.65,"u1.5",IF(J68<1,"u2.5",IF(J68<1.3,"over3",IF(AND(J67>J66,OR(K67<K66,K67=K66)),"under1",IF(AND(K67>K66,OR(J67<J66,J67=J66)),"under2","over"))))) -> over | M68: =IF(AND(M66="home",M67="home"),"1x",IF(AND(M66="away",M67="away"),"x2",IF(AND(M66="home",M67="away"),M67,IF(AND(M66="away",M67="home"),M67,0)))) -> 1x | N68: =AVERAGE(N67,O67) -> 3.04 | O68: =IF(N68<0.65,"u1.5",IF(N68<1,"u2.5",IF(N68<1.3,"over3",IF(AND(N67>N66,OR(O67<O66,O67=O66)),"under1",IF(AND(O67>O66,OR(N67<N66,N67=N66)),"under2","over"))))) -> over | Q68: =IF(AND(Q66="home",Q67="home"),"1x",IF(AND(Q66="away",Q67="away"),"x2",IF(AND(Q66="home",Q67="away"),Q67,IF(AND(Q66="away",Q67="home"),Q67,0)))) -> 1x | R68: =AVERAGE(R67,S67) -> 1.56195 | S68: =IF(R68<0.65,"u1.5",IF(R68<1,"u2.5",IF(R68<1.3,"over3",IF(AND(R67>R66,OR(S67<S66,S67=S66)),"under1",IF(AND(S67>S66,OR(R67<R66,R67=R66)),"under2","over"))))) -> over | U68: =IF(AND(U66="home",U67="home"),"1x",IF(AND(U66="away",U67="away"),"x2",IF(AND(U66="home",U67="away"),U67,IF(AND(U66="away",U67="home"),U67,0)))) -> 1x | V68: =AVERAGE(V67,W67) -> 0.747 | W68: =IF(V68<0.65,"u1.5",IF(V68<1,"u2.5",IF(V68<1.3,"over3",IF(AND(V67>V66,OR(W67<W66,W67=W66)),"under1",IF(AND(W67>W66,OR(V67<V66,V67=V66)),"under2","over"))))) -> u2.5
A69: =IF(AND(Sheet2!AB18="yes",OR(Sheet2!AA15="both",Sheet2!AA15="Yes1",Sheet2!AA15="yes"),OR(N84="under1",N85="under2",V95="under1",V96="under2")),"success","unsccessfu") -> unsccessfu | B69: Monterey Bay | C69: Sporting JAX | D69: =_xlfn.TEXTJOIN("/ ", ,L110,Sheet2!L77) -> Monterey Bay / handicap | E69: =IF(E66=E67,"","swiped") | F69: =IF(ABS(F67-G67)>1,"high",IF(ABS(F67-G67)>0.6,"medium","low G")) -> high | G69: =_xlfn.TEXTJOIN(", ", ,Sheet2!D30,Sheet2!D32) -> all equal | H69: =CORREL(I6:I42,M6:M42) -> -0.23912308 | I69: =IF(I66=I67,"","swiped") | J69: =IF(ABS(J67-K67)>1,"high",IF(ABS(J67-K67)>0.6,"medium","low G")) -> high | K69: =_xlfn.TEXTJOIN(", ", ,Sheet2!AC30,Sheet2!AC32) -> all equal | M69: =IF(M66=M67,"","swiped") | N69: =IF(ABS(N67-O67)>1,"high",IF(ABS(N67-O67)>0.6,"medium","low G")) -> high | O69: =_xlfn.TEXTJOIN(", ", ,Sheet2!BB30,Sheet2!BB32) -> all equal | Q69: =IF(Q66=Q67,"","swiped") | R69: =IF(ABS(R67-S67)>1,"high",IF(ABS(R67-S67)>0.6,"medium","low G")) -> high | S69: =_xlfn.TEXTJOIN(", ", ,Sheet2!CA30,Sheet2!CA32) -> all equal | U69: =IF(U66=U67,"","swiped") | V69: =IF(ABS(V67-W67)>1,"high",IF(ABS(V67-W67)>0.6,"medium","low G")) -> low G | W69: =_xlfn.TEXTJOIN(", ", ,Sheet2!CZ30,Sheet2!CZ32) -> #DIV/0!
A70: =_xlfn.TEXTJOIN(" / ", ,H54,IF(AND(A64="success",A69="success",B54=""),"GOOD","CHECK")) -> run / CHECK | B70: =IF(W83<>W84,"",IF(OR(O89="hold1",O90="hold2"),"",_xlfn.TEXTJOIN("/ ", ,Sheet2!AA15,Sheet2!AA16,Sheet2!AA18,X83,Sheet2!AB18))) -> Yes1/ not upto/ 4/ 4/ no | C70: =_xlfn.TEXTJOIN("/ ", ,Sheet2!N72,Sheet2!AM72,Sheet2!K74) -> Monterey Bay / Monterey Bay / 38.2313430441679 | D70: =M109 -> Monterey Bay / low | E70: =Sheet2!C33 -> no, yes | F70: =IF(AND(D47="well",OR(E47="align",E47="full"),L75="",Sheet2!C34=1,OR(F69="medium",F69="high"),Sheet2!C28="high"),"double",IF(AND(D47="well",OR(E47="align",E47="full"),L75="",OR(Sheet2!C34=1,Sheet2!C34=2),OR(F69="high",F69="medium"),OR(Sheet2!C28="high",Sheet2!C28="low")),"handicap","hands off")) -> hands off | G70: =IF(AND(Sheet2!C33="no, no",F69="low G",F62="under",OR(Sheet2!C28="high",Sheet2!C28="low")),"under E48",IF(AND(OR(Sheet2!C33="yes, yes",Sheet2!C33="yes, no"),OR(F69="high",F69="high"),OR(G68="over3",G68="over"),OR(Sheet2!C28="high",Sheet2!C28="low",Sheet2!C28="medium", ),F62="over"),"over E48","over1.5")) -> over1.5 | H70: =_xlfn.TEXTJOIN("/", ,T95,U95,R99) -> 37.5/invalid/out | I70: =Sheet2!AC16 -> yes, no | J70: =IF(AND(D48="well",OR(I47="align",I47="full"),L76="",Sheet2!AC15=1,OR(J69="medium",J69="high"),Sheet2!AB28="high"),"double",IF(AND(D48="well",OR(I47="align",I47="full"),L76="",OR(Sheet2!AC15=1,Sheet2!AC15=2),OR(J69="high",J69="medium"),OR(Sheet2!AB28="high",Sheet2!AB28="low")),"handicap","hands off")) -> hands off | K70: =IF(AND(Sheet2!AC15=1,J69="low G",J62="under",OR(Sheet2!AB28="high",Sheet2!AB28="low")),I48,IF(AND(Sheet2!AC15=3,OR(J69="high",J69="high"),OR(K68="over3",K68="over"),OR(Sheet2!AB28="high",Sheet2!AB28="low",Sheet2!AB28="medium", ),J62="over"),I48,"over1.5")) -> 4goals | M70: =Sheet2!BB16 -> yes, no | N70: =IF(AND(D54="well",OR(M47="align",M47="full"),L77="",Sheet2!BB15=1,OR(N69="medium",N69="high"),Sheet2!BA28="high"),"double",IF(AND(D54="well",OR(M47="align",M47="full"),L77="",OR(Sheet2!BB15=1,Sheet2!BB15=2),OR(N69="high",N69="medium"),OR(Sheet2!BA28="high",Sheet2!BA28="low")),"handicap","hands off")) -> hands off | O70: =IF(AND(Sheet2!BB15=1,N69="low G",N62="under",OR(Sheet2!BA28="high",Sheet2!BA28="low")),M48,IF(AND(Sheet2!BB15=3,OR(N69="high",N69="high"),OR(O68="over3",O68="over"),OR(Sheet2!BA28="high",Sheet2!BA28="low",Sheet2!BA28="medium", ),N62="over"),M48,"over1.5")) -> 4goals | P70: =_xlfn.TEXTJOIN("/", ,T96,U96,R100) -> 37.5/invalid/out | Q70: =Sheet2!CA16 -> no, yes | R70: =IF(AND(D61="well",OR(Q47="align",Q47="full"),L78="",Sheet2!CA15=1,OR(R69="medium",R69="high"),Sheet2!BZ28="high"),"double",IF(AND(OR(D61="well",OR(Q47="align",Q47="full"),L78="",Sheet2!CA15=1,Sheet2!CA15=2),OR(R69="high",R69="medium"),OR(Sheet2!BZ28,Sheet2!BZ28="high",Sheet2!BZ28="low")),"handicap","hands off")) -> hands off | S70: =IF(AND(Sheet2!CA15=1,R69="low G",R62="under",OR(Sheet2!BZ28="high",Sheet2!BZ28="low")),Q48,IF(AND(Sheet2!CA15=3,OR(R69="high",R69="high"),OR(S68="over3",S68="over"),OR(Sheet2!BZ28="high",Sheet2!BZ28="low",Sheet2!BZ28="medium", ),R62="over"),Q48,"over1.5")) -> over1.5 | U70: =Sheet2!CZ16 -> yes, yes | V70: =IF(AND(D62="well",OR(U47="align",U47="full"),L79="",Sheet2!CZ15=1,OR(V69="medium",V69="high"),Sheet2!CY28="high"),"double",IF(AND(D62="well",OR(U47="align",U47="full"),L79="",OR(Sheet2!CZ15=1,Sheet2!CZ15=2),OR(V69="high",V69="medium"),OR(Sheet2!CY28,Sheet2!CY28="high",Sheet2!CY28="low")),"handicap","hands off")) -> hands off | W70: =IF(AND(Sheet2!CZ15=1,V69="low G",V62="under",OR(Sheet2!CY28="high",Sheet2!CY28="low")),U48,IF(AND(Sheet2!CZ15=3,OR(V69="high",V69="high"),OR(W68="over3",W68="over"),OR(Sheet2!CY28="high",Sheet2!CY28="low",Sheet2!CY28="medium", ),V62="over"),U48,"over1.5")) -> #N/A
E71: =IF(AND(Sheet2!D30="all equal",Sheet2!C28="low",OR(G68="under2",G68="under1",G68="u1.5",G68="u2.5")),"u2.5") -> FALSE
A74: =ROUND(AVERAGE(P97,P98),0) -> 50 | B74: =_xlfn.TEXTJOIN(" /", ,IF(A106="Ex",A106,""),IF(AND(B105>60,B70<>"",A74>70),B106,"")) -> Ex | C74: =IF(Sheet2!L77="double","check",IF(OR(E114="no",Sheet2!Y25="D'over"),"no",_xlfn.TEXTJOIN("/ ", ,M110,M108))) -> set1/ set | D74: =_xlfn.TEXTJOIN("/ ", ,IF(Sheet2!R23="best Tab 2",Sheet2!Q13,Sheet2!Q13),Sheet2!R23) -> don’t choose/ Best Tab 1 | E74: =IF(A64="","",IF(B5="","",IF(AND(A54="",OR(Sheet2!O3="good",Sheet2!O3="wow")),C115,IF(Sheet2!O3="wow",C115,IF(Sheet2!O3="bad","",C114))))) | F74: Determinat | G74: suppressant | H74: S.confirmed | I74: level | J74: wins | K74: goals | L74: swiping | M74: percentage
A75: =R75 -> over1.5, wait | B75: =_xlfn.TEXTJOIN("/", ,1,H91,W75) -> 1/not set/1, edge | C75: =_xlfn.TEXTJOIN(" vs ", ,F48,G48) -> Monterey Bay vs Sporting JAX | D75: =_xlfn.TEXTJOIN(", ", ,$E$48,E47,G91,B102) -> 4goals, align, 100, over | E75: =E70 -> no, yes | F75: =F69 -> high | G75: =F62 -> under | H75: =G68 -> over | I75: =Sheet2!C28 -> medium | J75: =F70 -> hands off | K75: =IF(AND(L75="",D47="well",OR(E47="align",E47="full"),E75="no, no",OR(F75="low G",F75="medium"),G75="under",OR(H75="u1.5",H75="u2.5",H75="under1",H75="under2"),I75="low"),"under G",IF(AND(L75="",D47="well",OR(E47="align",E47="full"),E75="no, no",OR(F75="low G",F75="medium"),G75="under",OR(H75="u1.5",H75="u2.5",H75="under1",H75="under2",H75="over3"),OR(I75="low",I75="high")),"under G+1","over1.5")) -> over1.5 | L75: =E69 | M75: =K81/L81 -> 0.5 | N75: =I86/J86 -> 0.6 | O75: =AVERAGE(M75,N75) -> 0.55 | P75: =ABS(M75-N75) -> 0.1 | Q75: =AVERAGE(O75,P75) -> 0.325 | R75: =_xlfn.TEXTJOIN(", ", ,K75,IF(AND(N75>M75,Q75>55%),"winover",IF(AND(M75>N75,Q75<48%),"under1.5",IF(AND(M75>N75,Q75>50%),"under","wait")))) -> over1.5, wait | S75: =AVERAGE(O75,Q75) -> 0.4375 | T75: =AVERAGE(Q75,O75)-(O75-Q75) -> 0.2125 | U75: =IF(AND(V75<23%,V75>-2%,OR(S75>T75,T75>S75)),"yes1",IF(OR(T75=S75,T75>S75),"Yes","No")) -> yes1 | V75: =S75-T75 -> 0.225 | W75: =Sheet2!M17 -> 1, edge | X75: =IF(AND(G75="over",H75="over"),0,1) -> 1 | Y75: =IF(AND(U75="no",H91="not set"),"NO","YES") -> YES
A76: =R76 -> over1.5, wait | B76: =_xlfn.TEXTJOIN("/", ,2,H92,W76) -> 2/not set/2, edge | C76: =_xlfn.TEXTJOIN(" vs ", ,J48,K48) -> Sporting JAX vs Monterey Bay | D76: =_xlfn.TEXTJOIN(", ", ,$E$48,I47,G92,P99) -> 4goals, align, 75, run | E76: =I70 -> yes, no | F76: =J69 -> high | G76: =J62 -> over | H76: =K68 -> over | I76: =Sheet2!AB28 -> medium | J76: =J70 -> hands off | K76: =IF(AND(L76="",D48="well",OR(E47="align",E47="full"),E76="no, no",OR(F76="low G",F76="medium"),G76="under",OR(H76="u1.5",H76="u2.5",H76="under1",H76="under2"),I76="low"),"under G",IF(AND(L76="",D48="well",OR(E47="align",I47="full"),E76="no, no",OR(F76="low G",F76="medium"),G76="under",OR(H76="u1.5",H76="u2.5",H76="under1",H76="under2",H76="over3"),OR(I76="low",I76="high")),"under G+1","over1.5")) -> over1.5 | L76: =I69 | M76: =K82/L82 -> 0.25 | N76: =I87/J87 -> 0.6 | O76: =AVERAGE(M76,N76) -> 0.425 | P76: =ABS(M76-N76) -> 0.35 | Q76: =AVERAGE(O76,P76) -> 0.3875 | R76: =_xlfn.TEXTJOIN(", ", ,K76,IF(AND(N76>M76,Q76>55%),"winover",IF(AND(M76>N76,Q76<48%),"under1.5",IF(AND(M76>N76,Q76>50%),"under","wait")))) -> over1.5, wait | S76: =AVERAGE(O76,Q76) -> 0.40625 | T76: =AVERAGE(Q76,O76)-(O76-Q76) -> 0.36875 | U76: =IF(AND(V76<23%,V76>-2%,OR(S76>T76,T76>S76)),"yes1",IF(OR(T76=S76,T76>S76),"Yes","No")) -> yes1 | V76: =S76-T76 -> 0.0375 | W76: =Sheet2!AL17 -> 2, edge | X76: =IF(AND(G76="over",H76="over"),0,1) -> 0 | Y76: =IF(AND(U76="no",H92="not set"),"NO","YES") -> YES
A77: =R77 -> over1.5, wait | B77: =_xlfn.TEXTJOIN("/", ,3,H93,W77) -> 3/not set/2, edge | C77: =_xlfn.TEXTJOIN(" vs ", ,N48,O48) -> Sporting JAX vs Monterey Bay | D77: =_xlfn.TEXTJOIN(", ", ,$E$48,M47,G93,B103) -> 4goals, align, 75, over | E77: =M70 -> yes, no | F77: =N69 -> high | G77: =N62 -> over | H77: =O68 -> over | I77: =Sheet2!BA28 -> medium | J77: =N70 -> hands off | K77: =IF(AND(L77="",D54="well",OR(M47="align",M47="full"),E77="no, no",OR(F77="low G",F77="medium"),G77="under",OR(H77="u1.5",H77="u2.5",H77="under1",H77="under2"),I77="low"),"under G",IF(AND(L77="",D54="well",OR(M47="align",M47="full"),E77="no, no",OR(F77="low G",F77="medium"),G77="under",OR(H77="u1.5",H77="u2.5",H77="under1",H77="under2",H77="over3"),OR(I77="low",I77="high")),"under G+1","over1.5")) -> over1.5 | L77: =M69 | M77: =K83/L83 -> 0.25 | N77: =I88/J88 -> 0.6 | O77: =AVERAGE(M77,N77) -> 0.425 | P77: =ABS(M77-N77) -> 0.35 | Q77: =AVERAGE(O77,P77) -> 0.3875 | R77: =_xlfn.TEXTJOIN(", ", ,K77,IF(AND(N77>M77,Q77>55%),"winover",IF(AND(M77>N77,Q77<48%),"under1.5",IF(AND(M77>N77,Q77>50%),"under","wait")))) -> over1.5, wait | S77: =AVERAGE(O77,Q77) -> 0.40625 | T77: =AVERAGE(Q77,O77)-(O77-Q77) -> 0.36875 | U77: =IF(AND(V77<23%,V77>-2%,OR(S77>T77,T77>S77)),"yes1",IF(OR(T77=S77,T77>S77),"Yes","No")) -> yes1 | V77: =S77-T77 -> 0.0375 | W77: =Sheet2!BK17 -> 2, edge | X77: =IF(AND(G77="over",H77="over"),0,1) -> 0 | Y77: =IF(AND(U77="no",H93="not set"),"NO","YES") -> YES
A78: =R78 -> over1.5, wait | B78: =_xlfn.TEXTJOIN("/", ,4,H94,W78) -> 4/not set/1, edge | C78: =_xlfn.TEXTJOIN(" vs ", ,R48,S48) -> Monterey Bay vs Sporting JAX | D78: =_xlfn.TEXTJOIN(", ", ,$E$48,Q47,G94,P100) -> 4goals, align, 100, run | E78: =Q70 -> no, yes | F78: =R69 -> high | G78: =R62 -> under | H78: =S68 -> over | I78: =Sheet2!BZ28 -> medium | J78: =R70 -> hands off | K78: =IF(AND(L78="",D61="well",OR(Q47="align",Q47="full"),E78="no, no",OR(F78="low G",F78="medium"),G78="under",OR(H78="u1.5",H78="u2.5",H78="under1",H78="under2"),I78="low"),"under G",IF(AND(L78="",D61="well",OR(Q47="align",Q47="full"),E78="no, no",OR(F78="low G",F78="medium"),G78="under",OR(H78="u1.5",H78="u2.5",H78="under1",H78="under2",H78="over3"),OR(I78="low",I78="high")),"under G+1","over1.5")) -> over1.5 | L78: =Q69 | M78: =K84/L84 -> 0.5 | N78: =I89/J89 -> 0.6 | O78: =AVERAGE(M78,N78) -> 0.55 | P78: =ABS(M78-N78) -> 0.1 | Q78: =AVERAGE(O78,P78) -> 0.325 | R78: =_xlfn.TEXTJOIN(", ", ,K78,IF(AND(N78>M78,Q78>55%),"winover",IF(AND(M78>N78,Q78<48%),"under1.5",IF(AND(M78>N78,Q78>50%),"under","wait")))) -> over1.5, wait | S78: =AVERAGE(O78,Q78) -> 0.4375 | T78: =AVERAGE(Q78,O78)-(O78-Q78) -> 0.2125 | U78: =IF(AND(V78<23%,V78>-2%,OR(S78>T78,T78>S78)),"yes1",IF(OR(T78=S78,T78>S78),"Yes","No")) -> yes1 | V78: =S78-T78 -> 0.225 | W78: =Sheet2!CJ17 -> 1, edge | X78: =IF(AND(G78="over",H78="over"),0,1) -> 1 | Y78: =IF(AND(U78="no",H94="not set"),"NO","YES") -> YES
A79: =_xlfn.TEXTJOIN(" /", ,_xlfn.IFERROR(F114,""),_xlfn.IFERROR(R79,"")) -> nope | B79: =B85 -> under | C79: =_xlfn.TEXTJOIN(" vs ", , ,V48,W48) -> Galway Utd vs Cork City | D79: =_xlfn.TEXTJOIN(", ", ,$E$48,U47,G95) -> #N/A | E79: =U70 -> yes, yes | F79: =V69 -> low G | G79: =V62 -> #N/A | H79: =W68 -> u2.5 | I79: =Sheet2!CY28 -> medium | J79: =V70 -> hands off | K79: =IF(AND(L79="",D62="well",OR(U47="align",U47="full"),E79="no, no",OR(F79="low G",F79="medium"),G79="under",OR(H79="u1.5",H79="u2.5",H79="under1",H79="under2"),I79="low"),"under G",IF(AND(L79="",D62="well",OR(U47="align",U47="full"),E79="no, no",OR(F79="low G",F79="medium"),G79="under",OR(H79="u1.5",H79="u2.5",H79="under1",H79="under2",H79="over3"),OR(I79="low",I79="high")),"under G+1","over1.5")) -> #N/A | L79: =U69 | M79: =K85/L85 -> #N/A | N79: =I90/J90 -> 0.6 | O79: =AVERAGE(M79,N79) -> #N/A | P79: =ABS(M79-N79) -> #N/A | Q79: =AVERAGE(O79,P79) -> #N/A | R79: =_xlfn.TEXTJOIN(", ", ,K79,IF(AND(N79>M79,Q79>55%),"winover",IF(AND(M79>N79,Q79<48%),"under1.5",IF(AND(M79>N79,Q79>50%),"under","wait")))) -> #N/A | S79: =AVERAGE(O79,Q79) -> #N/A | T79: =AVERAGE(Q79,O79)-(O79-Q79) -> #N/A | U79: =IF(AND(V79<23%,V79>-2%,OR(S79>T79,T79>S79)),"yes1",IF(OR(T79=S79,T79>S79),"Yes","No")) -> #N/A | V79: =S79-T79 -> #N/A | W79: =Sheet2!DI17 -> #N/A
C80: .
C81: =IF(D47="well",1,"") | D81: =IF(OR(E47="align",E47="full"),1,"") -> 1 | E81: =IF(E75="no, no",1,"") | F81: =IF(F75="low G",1,"") | G81: =IF(G75="under",1,"") -> 1 | H81: =IF(AND(G75="over",H75="over"),-1,IF(OR(H75="under1",H75="under2",H75="over3"),1,"")) | I81: =IF(OR(I75="low",I75="medium"),1,"") -> 1 | J81: =IF(L75="",1,-1) -> 1 | K81: =SUM(C81:I81)+J81 -> 4 | L81: =COUNTA(C81:J81) -> 8 | M81: =IF(X75=1,1,0)+IF(Y75="YES",1,0)+IF(X76=1,1,0)+IF(Y76="YES",1,0) -> 3 | N81: =IF(OR(L75="swiped",L76="swiped"),1,0)+IF(OR(K75="under G+1",K76="under G+1"),1,0)+IF(OR(Sheet2!D33="yes",Sheet2!D55="yes",Sheet2!AC55="yes",Sheet2!AC17="yes"),1,0)+IF(OR(L88="winover",L89="winover"),1,0) -> 1 | O81: =N81/4*100 -> 25 | P81: =IF(S86="check",1,2) -> 1 | Q81: =IF(T90="careful",2,IF(T90="",3,1)) -> 3 | R81: =IF(Sheet2!Y25="add",2,IF(Sheet2!Y25="go",3,1)) -> 2 | S81: =SUM(P81:R81)/8 -> 0.75 | T81: =IF(S81>49%,L96,IF(S81>60,L96,"over")) -> 3.5 | U81: =IF(AND(S81>74%,O89="move1"),T81,"wait") -> 3.5 | V81: =IF(AND(S81>62%,W83<4,U81<>"wait"),T81,IF(AND(S81>62%,W83<4,Q86<>"add"),T81,"wait")) -> 3.5 | W81: =IF(AND(S81=S82,U81=U82,W83=W84,V81>1),"success","check") -> success
C82: =IF(D48="well",1,"") | D82: =IF(OR(I47="align",I47="full"),1,"") -> 1 | E82: =IF(E76="no, no",1,"") | F82: =IF(F76="low G",1,"") | G82: =IF(G76="under",1,"") | H82: =IF(AND(G76="over",H76="over"),-1,IF(OR(H76="under1",H76="under2",H76="over3"),1,"")) -> -1 | I82: =IF(OR(I76="low",I76="medium"),1,"") -> 1 | J82: =IF(L76="",1,-1) -> 1 | K82: =SUM(C82:I82)+J82 -> 2 | L82: =COUNTA(C82:J82) -> 8 | P82: =IF(S87="check",1,2) -> 1 | Q82: =IF(T91="careful",2,IF(T91="",3,1)) -> 3 | R82: =IF(Sheet2!BW25="add",2,IF(Sheet2!BW25="go",3,1)) -> 2 | S82: =SUM(P82:R82)/8 -> 0.75 | T82: =IF(S82>49%,L96,IF(S82>60,L96,"over")) -> 3.5 | U82: =IF(AND(S82>74%,O90="move2"),T82,"wait") -> 3.5 | V82: =IF(AND(S82>62%,W84<4,U82<>"wait"),T82,IF(AND(S82>62%,W84<4,Q87<>"add"),T82,"wait")) -> 3.5
C83: =IF(D60="well",1,"") | D83: =IF(OR(M47="align",M47="full"),1,"") -> 1 | E83: =IF(E77="no, no",1,"") | F83: =IF(F77="low G",1,"") | G83: =IF(G77="under",1,"") | H83: =IF(AND(G77="over",H77="over"),-1,IF(OR(H77="under1",H77="under2",H77="over3"),1,"")) -> -1 | I83: =IF(OR(I77="low",I77="medium"),1,"") -> 1 | J83: =IF(L77="",1,-1) -> 1 | K83: =SUM(C83:I83)+J83 -> 2 | L83: =COUNTA(C83:J83) -> 8 | M83: =IF(X77=1,1,0)+IF(Y77="YES",1,0)+IF(X78=1,1,0)+IF(Y78="YES",1,0) -> 3 | N83: =IF(OR(L77="swiped",L78="swiped"),1,0)+IF(OR(K77="under G+1",K78="under G+1"),1,0)+IF(OR(Sheet2!BB17="yes",Sheet2!BB55="yes",Sheet2!CA17="yes",Sheet2!CA55="yes"),1,0)+IF(OR(L90="winover",L91="winover"),1,0) -> 1 | O83: =N83/4*100 -> 25 | P83: =IF(R88<>"",1,"") | Q83: =IF(Q88<>"",1,"") | R83: =IF(Q86<>"",1,"") -> 1 | S83: =IF(P88<>"",1,"") | T83: =IF(R93<>"",1,"") | U83: =IF(T88<>"",1,"") | V83: =IF(Sheet2!F40<>"",1,"") -> 1 | W83: =COUNT(P83:V83) -> 2 | X83: =SUM(W83,W84) -> 4
B84: =_xlfn.TEXTJOIN("/ ", ,M110,M108) -> set1/ set | C84: =IF(D61="well",1,"") | D84: =IF(OR(Q47="align",Q47="full"),1,"") -> 1 | E84: =IF(E78="no, no",1,"") | F84: =IF(F78="low G",1,"") | G84: =IF(G78="under",1,"") -> 1 | H84: =IF(AND(G78="over",H78="over"),-1,IF(OR(H78="under1",H78="under2",H78="over3"),1,"")) | I84: =IF(OR(I78="low",I78="medium"),1,"") -> 1 | J84: =IF(L78="",1,-1) -> 1 | K84: =SUM(C84:I84)+J84 -> 4 | L84: =COUNTA(C84:J84) -> 8 | M84: =IF(OR(E63="precised1",E63="precised2",I63="precised1",I63="precised2",AND(C46="settled",C47="high")),"+1","yes") -> yes | N84: =IF(AND(M84="+1",V99="D+",U99="under1"),"under1",IF(AND(M84="yes",U99="under1"),"under1","check1")) -> under1 | O84: =IF(M84="yes","Go1","") -> Go1 | P84: =IF(R90<>"",1,"") | Q84: =IF(Q90<>"",1,"") | R84: =IF(Q87<>"",1,"") -> 1 | S84: =IF(P90<>"",1,"") | T84: =IF(R94<>"",1,"") | U84: =IF(U88<>"",1,"") | V84: =IF(Sheet2!BE39<>"",1,"") -> 1 | W84: =COUNT(P84:V84) -> 2
B85: =IF(AND(B84="set1/ not set",C74="set1/ not set"),"Double",IF(AND(B84="set1/ set",C74="set1/ set"),"under",IF(AND(B84="set1/ set",C74="check"),"DOUBLE","Check"))) -> under | C85: =IF(D62="well",1,"") -> 1 | D85: =IF(OR(U47="align",U47="full"),1,"") | E85: =IF(E79="no, no",1,"") | F85: =IF(F79="low G",1,"") -> 1 | G85: =IF(G79="under",1,"") -> #N/A | H85: =IF(AND(G79="over",H79="over"),-1,IF(OR(H79="under1",H79="under2",H79="over3"),1,"")) -> #N/A | I85: =IF(OR(I79="low",I79="medium"),1,"") -> 1 | J85: =IF(L79="",1,-1) -> 1 | K85: =SUM(C85:I85)+J85 -> #N/A | L85: =COUNTA(C85:J85) -> 8 | M85: =IF(OR(M63="precised1",M63="precised2",Q63="precised1",Q63="precised2",AND(C46="settled",C47="high")),"+1","yes") -> yes | N85: =IF(AND(M85="+1",V100="D+",U100="under2"),"under2",IF(AND(M85="yes",U100="under2"),"under2","check2")) -> under2 | O85: =IF(M85="yes","Go2","") -> Go2
D86: =IF(D47="well",1,"") | E86: =IF(E75="no, no",1,"") | F86: =IF(OR(F75="High",F75="medium"),1,"") -> 1 | G86: =IF(OR(I75="high",I75="medium"),1,"") -> 1 | H86: =IF(L75="",1,-1) -> 1 | I86: =COUNT(D86:G86)+H86 -> 3 | J86: =COUNTA(D86:H86) -> 5 | K86: =IF(T99="",1,0) -> 1 | L86: =IF(V95="under1",2,0) -> 0 | M86: =IF(N84="under1",1,0) -> 1 | N86: =IF(O84="Go1",1,0) -> 1 | O86: =IF(O89="move1",1,0) -> 1 | P86: =SUM(K86:O86)/(COUNT(K86:O86)+1)*100 -> 66.666667 | Q86: =IF(P86<60,"check",IF(AND(P86<67,P86>50,V95="under1"),"Add",E48)) -> 4goals | R86: =IF(Sheet2!Y25="D'over","check",IF(Sheet2!Y25="Add",L96+1,IF(AND(Q86="Add",W94="ok"),$L$96+1,IF(AND(Q86<>"Add",W94="ok"),$L$96,"check")))) -> 4.5 | S86: =IF(AND(R86>1,W94="ok",AA92>74),R86,IF(AND(R86>1,W94="ok",AA92<74),R86+1,"check")) -> check
D87: =IF(D48="well",1,"") | E87: =IF(E76="no, no",1,"") | F87: =IF(OR(F76="High",F76="medium"),1,"") -> 1 | G87: =IF(OR(I76="high",I76="medium"),1,"") -> 1 | H87: =IF(L76="",1,-1) -> 1 | I87: =COUNT(D87:G87)+H87 -> 3 | J87: =COUNTA(D87:H87) -> 5 | K87: =IF(T100="",1,0) -> 1 | L87: =IF(V96="under2",2,0) -> 0 | M87: =IF(N85="under2",1,0) -> 1 | N87: =IF(O85="Go2",1,0) -> 1 | O87: =IF(O90="move2",1,0) -> 1 | P87: =SUM(K87:O87)/(COUNT(K87:O87)+1)*100 -> 66.666667 | Q87: =IF(P87<60,"check",IF(AND(P87<67,P87>50,V96="under2"),"Add",I48)) -> 4goals | R87: =IF(Sheet2!BW25="D'over","check",IF(Sheet2!BW25="Add",L96+1,IF(AND(Q87="Add",W95="ok"),$L$96+1,IF(AND(Q87<>"Add",W95="ok"),$L$96,"check")))) -> 4.5 | S87: =IF(AND(R87>1,W95="ok",AA93>74),R87,IF(AND(R87>1,W95="ok",AA93<74),R87+1,"check")) -> check
D88: =IF(D60="well",1,"") | E88: =IF(E77="no, no",1,"") | F88: =IF(OR(F77="High",F77="medium"),1,"") -> 1 | G88: =IF(OR(I77="high",I77="medium"),1,"") -> 1 | H88: =IF(L77="",1,-1) -> 1 | I88: =COUNT(D88:G88)+H88 -> 3 | J88: =COUNTA(D88:H88) -> 5 | K88: =ABS(G91-G92) -> 25 | L88: =IF(AND(N75>M75,Q75>55%),"winover") -> FALSE | M88: =IF(AND(L88="winover",L89="winover"),2,IF(OR(L88="winover",L89="winover"),1,0)) -> 0 | P88: =IF(AND(L88="winover",L89="winover"),"both",IF(OR(L88="winover",L89="winover"),"one","")) | Q88: =IF(AND(K75="under G+1",K76="under G+1"),"both",IF(OR(K75="under G+1",K76="under G+1"),"oneu","")) | R88: =IF(AND(S88="win",S89="win"),"ToT",IF(OR(S88="win",S89="win"),"ToT1","")) | S88: =Sheet2!N16 -> edge | T88: =IF(AND(E47="align",I47="align"),"","not") | U88: =IF(AND(M47="align",Q47="align"),"","not")
D89: =IF(D61="well",1,"") | E89: =IF(E78="no, no",1,"") | F89: =IF(OR(F78="High",F78="medium"),1,"") -> 1 | G89: =IF(OR(I78="high",I78="medium"),1,"") -> 1 | H89: =IF(L78="",1,-1) -> 1 | I89: =COUNT(D89:G89)+H89 -> 3 | J89: =COUNTA(D89:H89) -> 5 | K89: =ABS(G93-G94) -> 25 | L89: =IF(AND(N76>M76,Q76>55%),"winover") -> FALSE | M89: =IF(AND(M88=2,K88<1),"ok",IF(AND(M88=2,K88>1),"not ok",IF(AND(M88=1,K88<1),"ok",IF(AND(M88=1,K88>1),"not ok","ok1")))) -> ok1 | N89: =IF(M89="not ok",0,1) -> 1 | O89: =IF(OR(K90=0,K90=50,K90=25,K90=100),"hold1","move1") -> move1 | S89: =Sheet2!AM16 -> edge | T89: =IF(AND(OR(O89="hold1",O90="hold2"),OR(T99="over1",T100="over2")),"yes","no") -> no | U89: =Sheet2!Z27 -> no
D90: =IF(D62="well",1,"") -> 1 | E90: =IF(E79="no, no",1,"") | F90: =IF(OR(F79="High",F79="medium"),1,"") | G90: =IF(OR(I79="high",I79="medium"),1,"") -> 1 | H90: =IF(L79="",1,-1) -> 1 | I90: =COUNT(D90:G90)+H90 -> 3 | J90: =COUNTA(D90:H90) -> 5 | K90: =SUM(G91,G92) -> 175 | L90: =IF(AND(N77>M77,Q77>55%),"winover") -> FALSE | M90: =IF(AND(L90="winover",L91="winover"),2,IF(OR(L90="winover",L91="winover"),1,0)) -> 0 | O90: =IF(OR(K91=0,K91=50,K91=25,K91=100),"hold2","move2") -> move2 | P90: =IF(AND(L90="winover",L91="winover"),"both",IF(OR(L90="winover",L91="winover"),"one","")) | Q90: =IF(AND(K77="under G+1",K78="under G+1"),"both",IF(OR(K77="under G+1",K78="under G+1"),"oneu","")) | R90: =IF(AND(S90="win",S91="win"),"ToT",IF(OR(S90="win",S91="win"),"ToT1","")) | S90: =Sheet2!BL16 -> edge | T90: =IF(AND(T88="not",R93="full"),"never",IF(OR(R93="full",T88="not"),"careful",""))
C91: =IF(AND(G75="over",H75="over"),"",1) -> 1 | D91: =IF(OR(E47="align",E47="full",E47="partially"),1,"") -> 1 | E91: =IF(L75="swiped",-2,1) -> 1 | F91: =IF(AND(V75>0%,OR(U75="yes",U75="yes1")),1,"") -> 1 | G91: =(SUM(D91,E91,F91,C91)/4)*100 -> 100 | H91: =IF(AND(U75="no",OR(D47="not",E62="not")),"not set",IF(OR(E75="yes, yes",E75="yes, no"),"not set",IF(AND(U75="No",OR(G75="over",H75="over")),"not set",IF(AND(D47="not",E62="not",OR(G75="over",H75="over")),"not set","set")))) -> not set | I91: =IF(G46="check",0,IF(G46="u3.5",1,IF(G46="u2.5+",2,3))) -> 0 | J91: =IF(AND(I91>0,P97>50,I92>0),E48,"over") -> over | K91: =SUM(G93,G94) -> 175 | L91: =IF(AND(N78>M78,Q78>55%),"winover") -> FALSE | M91: =IF(AND(M90=2,K89<1),"ok",IF(AND(M90=2,K89>1),"not ok",IF(AND(M90=1,K89<1),"ok",IF(AND(M90=1,K89>1),"not ok","ok1")))) -> ok1 | N91: =IF(M91="not ok",0,1) -> 1 | P91: =SUM(G91:G92) -> 175 | Q91: =IF(OR(P91=125,OR(Sheet2!X24="o2.5",Sheet2!X24="don't choose",Sheet2!AW24="o2.5",Sheet2!AW24="don't choose")),"No","yes") -> No | S91: =Sheet2!CK16 -> edge | T91: =IF(AND(U88="not",R94="full"),"never",IF(OR(R94="full",U88="not"),"careful",""))
C92: =IF(AND(G76="over",H76="over"),"",1) | D92: =IF(OR(I47="align",I47="full",I47="partially"),1,"") -> 1 | E92: =IF(L76="swiped",-2,1) -> 1 | F92: =IF(AND(V76>0%,OR(U76="yes",U76="yes1")),1,"") -> 1 | G92: =(SUM(D92,E92,F92,C92)/4)*100 -> 75 | H92: =IF(AND(U76="no",OR(D48="not",I62="not")),"not set",IF(OR(E76="yes, yes",E76="yes, no"),"not set",IF(AND(U76="No",OR(G76="over",H76="over")),"not set",IF(AND(D48="not",I62="not",OR(G76="over",H76="over")),"not set","set")))) -> not set | I92: =IF(K46="check",0,IF(K46="u3.5",1,IF(K46="u2.5+",2,3))) -> 0 | K92: =IF(OR(B102=E48,P99=E48),1,0) -> 0 | L92: =IF(N97<>"over",1,-1) -> -1 | M92: =IF(M89<>"not ok",1,0) -> 1 | N92: =IF(H48="good",1,0) -> 0 | O92: =SUM(K92:N92)/COUNT(K92:N92)*100 -> 0 | S92: =IF(R88="TOT1",1,IF(R88="TOT",2,"")) | T92: =IF(Q88="both",2,IF(Q88="oneu",1,"")) | U92: =IF(Q86="add",1,"") | V92: =IF(P88="one",1,IF(P88="both",2,"")) | W92: =IF(R93="full",1,"") | X92: =IF(T88="not",1,"") | Y92: =IF(Sheet2!F40="coup",1,"") -> 1 | Z92: =SUM(S92:Y92,AB92,U97)/16*100 -> 6.25 | AA92: =100-Z92 -> 93.75 | AB92: =IF(AND(H54=H62,H54="under+1",H62="under+1"),3,"")
C93: =IF(AND(G77="over",H77="over"),"",1) | D93: =IF(OR(M47="align",M47="full",M47="partially"),1,"") -> 1 | E93: =IF(L77="swiped",-2,1) -> 1 | F93: =IF(AND(V77>0%,OR(U77="yes",U77="yes1")),1,"") -> 1 | G93: =(SUM(D93,E93,F93,C93)/4)*100 -> 75 | H93: =IF(AND(U77="no",OR(D54="not",M62="not")),"not set",IF(OR(E77="yes, yes",E77="yes, no"),"not set",IF(AND(U77="No",OR(G77="over",H77="over")),"not set",IF(AND(D54="not",M62="not",OR(G77="over",H77="over")),"not set","set")))) -> not set | I93: =IF(O46="check",0,IF(O46="u3.5",1,IF(O46="u2.5+",2,3))) -> 0 | J93: =IF(AND(I93>0,P98>50,I94>0),E48,"over") -> over | K93: =IF(OR(B103=E48,P100=E48),1,0) -> 0 | L93: =IF(N98<>"over",1,-1) -> -1 | M93: =IF(M91<>"not ok",1,0) -> 1 | N93: =IF(P48="good",1,0) -> 0 | O93: =SUM(K93:N93)/COUNT(K93:N93)*100 -> 0 | P93: =SUM(G93:G94) -> 175 | Q93: =IF(OR(P93=125,OR(Sheet2!BV24="o2.5",Sheet2!BV24="don't choose",Sheet2!CU24="o2.5",Sheet2!CU24="don't choose")),"No","yes") -> No | R93: =IF(S99>75,"full","") | S93: =IF(R90="TOT1",1,IF(R90="TOT",2,"")) | T93: =IF(Q90="both",2,IF(Q90="oneu",1,"")) | U93: =IF(Q87="add",1,"") | V93: =IF(P90="one",1,IF(P90="both",2,"")) | W93: =IF(R94="full",1,"") | X93: =IF(U88="not",1,"") | Y93: =IF(Sheet2!BE39="coup",1,"") -> 1 | Z93: =SUM(S93:Y93,AB93,U98)/16*100 -> 6.25 | AA93: =100-Z93 -> 93.75 | AB93: =IF(AND(P54=P62,P54="under+1",P62="under+1"),3,"")
C94: =IF(AND(G78="over",H78="over"),"",1) -> 1 | D94: =IF(OR(Q47="align",Q47="full",Q47="partially"),1,"") -> 1 | E94: =IF(L78="swiped",-2,1) -> 1 | F94: =IF(AND(V78>0%,OR(U78="yes",U78="yes1")),1,"") -> 1 | G94: =(SUM(D94,E94,F94,C94)/4)*100 -> 100 | H94: =IF(AND(U78="no",OR(D61="not",Q62="not")),"not set",IF(OR(E78="yes, yes",E78="yes, no"),"not set",IF(AND(U78="No",OR(G78="over",H78="over")),"not set",IF(AND(D61="not",Q62="not",OR(G78="over",H78="over")),"not set","set")))) -> not set | I94: =IF(S46="check",0,IF(S46="u3.5",1,IF(S46="u2.5+",2,3))) -> 0 | R94: =IF(S100>75,"full","") | W94: =IF(P97<40,"",IF(AND(P97<60,AA92>74),"Add",IF(AND(P97>50,AA92<74),"add2","ok"))) -> Add | X94: =
C95: =IF(AND(G79="over",H79="over"),"",1) -> #N/A | D95: =IF(OR(U47="align",U47="full",U47="partially"),1,"") -> 1 | E95: =IF(L79="swiped",-2,1) -> 1 | F95: =IF(AND(V79>0%,OR(U79="yes",U79="yes1")),1,"") -> #N/A | G95: =(SUM(D95,E95,F95,C95)/4)*100 -> #N/A | H95: =IF(AND(U79="no",OR(D62="not",U62="not")),"not set",IF(OR(E79="yes, yes",E79="yes, no"),"not set",IF(AND(D62="not",U62="not",OR(G79="over",H79="over")),"not set","set"))) -> #N/A | I95: =IF(W46="check",0,IF(W46="u3.5",1,IF(W46="u2.5+",2,3))) -> 2 | M95: =IF(M96="under",2,0) -> 0 | N95: =IF(N96="under",2,0) -> 0 | O95: =IF(H48="good",2,0) -> 0 | P95: =IF(H54="under",3,IF(H54="run",2,IF(H54="under +1",1,0))) -> 2 | Q95: =IF(H61<>"+1",1,0) -> 1 | R95: =IF(H62=H54,1,0) -> 0 | S95: =IF(H63<>"No",1,0) -> 0 | T95: =SUM(O95:S95)/8*100 -> 37.5 | U95: =IF(AND(T95>49,P97>60,H61<>N81,Q91="yes"),"valid","invalid") -> invalid | V95: =IF(AND(E47<>"the goal",I47<>"the goal",E47<>"partially",I47<>"partially",Sheet2!E40<>"yes1",Sheet2!E40<>"never"),"under1","check1") -> check1 | W95: =IF(P98<40,"",IF(AND(P98<60,AA93>74),"Add",IF(AND(P98>50,AA93<74),"add2","ok"))) -> Add
B96: =IF(H91="set",1,"") | D96: =IF(OR(E47="align",E47="full"),1,"") -> 1 | E96: =IF(G91>74,1,"") -> 1 | F96: =IF(E75="no, no",1,"") | G96: =IF(OR(U75="yes1",U75="yes"),1,"") -> 1 | H96: =IF(OR(W75="1, edge",W75="2, edge",W75="x, edge"),1,"") -> 1 | I96: =COUNT(B96:H96) -> 4 | J96: =COUNTBLANK(B96:H96)-1 -> 2 | K96: =I96/(I96+J96)*100 -> 66.666667 | L96: =IF(E48="3goals",2.5,IF(E48="4goals",3.5,IF(E48="5 goals",4.5,1.5))) -> 3.5 | M96: =IF(AND(OR(E47="align",E47="full"),E75="no, no",A101>55),"under","check") -> check | N96: =IF(AND(OR(M47="align",M47="full"),E77="no, no",B101>55),"under","check") -> check | O96: =IF(P48="good",2,0) -> 0 | P96: =IF(P54="under",3,IF(P54="run",2,IF(P54="under +1",1,0))) -> 2 | Q96: =IF(P61<>"+1",1,0) -> 1 | R96: =IF(P62=P54,1,0) -> 0 | S96: =IF(P63<>"No",1,0) -> 0 | T96: =SUM(O96:S96)/8*100 -> 37.5 | U96: =IF(AND(T96>49,P98>60,P61<>N83,Q93="yes"),"valid","invalid") -> invalid | V96: =IF(AND(M47<>"the goal",Q47<>"the goal",M47<>"partially",Q47<>"partially",Sheet2!BD39<>"yes1",Sheet2!BD39<>"never"),"under2","check2") -> check2
B97: =IF(H92="set",1,"") | D97: =IF(OR(I47="align",I47="full"),1,"") -> 1 | E97: =IF(G92>74,1,"") -> 1 | F97: =IF(E76="no, no",1,"") | G97: =IF(OR(U76="yes1",U76="yes"),1,"") -> 1 | H97: =IF(OR(W76="1, edge",W76="2, edge",W76="x, edge"),1,"") -> 1 | I97: =COUNT(B97:H97) -> 4 | J97: =COUNTBLANK(B97:H97)-1 -> 2 | K97: =I97/(I97+J97)*100 -> 66.666667 | L97: =IF(AND(X75=1,X76=1),2,IF(OR(X75=1,X76=1),1)) -> 1 | M97: =((L97+L99+M99)/5)*100 -> 60 | N97: =IF(AND(M96="under",M97>70),L96,IF(AND(M96="check",M97>70),L96+1,"over")) -> over | O97: =IF(N97="over",0,1) -> 0 | P97: =(SUM(M95,O97,N89,M81)/8)*100 -> 50 | Q97: =IF(B102="over",1,"") -> 1 | R97: =IF(AND(Q97="",H46=""),"pure","over") -> over | S97: =IF(H46=1,0,1)+IF(P97>60,1,0)+IF(R97="over",0,1) -> 1 | T97: =(S97/3)*100 -> 33.333333 | U97: =IF(AND(E47<>"align",E47<>"full",I47<>"align",I47<>"full"),3,"")
B98: =IF(H93="set",1,"") | D98: =IF(OR(M47="align",M47="full"),1,"") -> 1 | E98: =IF(G93>74,1,"") -> 1 | F98: =IF(E77="no, no",1,"") | G98: =IF(OR(U77="yes1",U77="yes"),1,"") -> 1 | H98: =IF(OR(W77="1, edge",W77="2, edge",W77="x, edge"),1,"") -> 1 | I98: =COUNT(B98:H98) -> 4 | J98: =COUNTBLANK(B98:H98)-1 -> 2 | K98: =I98/(I98+J98)*100 -> 66.666667 | L98: =IF(AND(X78=1,X77=1),2,IF(OR(X78=1,X77=1),1)) -> 1 | M98: =((L98+L100+M100)/5)*100 -> 60 | N98: =IF(AND(N96="under",M98>70),L96,IF(AND(N96="check",M98>70),L96+1,"over")) -> over | O98: =IF(N98="over",0,1) -> 0 | P98: =(SUM(N95,O98,N91,M83)/8)*100 -> 50 | Q98: =IF(B103="over",1,"") -> 1 | R98: =IF(AND(Q98="",P46=""),"pure","over") -> over | S98: =IF(P46=1,0,1)+IF(P98>60,1,0)+IF(R98="over",0,1) -> 1 | T98: =(S98/3)*100 -> 33.333333 | U98: =IF(AND(M47<>"align",M47<>"full",Q47<>"align",Q47<>"full"),3,"")
B99: =IF(H94="set",1,"") | D99: =IF(OR(Q47="align",Q47="full"),1,"") -> 1 | E99: =IF(G94>74,1,"") -> 1 | F99: =IF(E78="no, no",1,"") | G99: =IF(OR(U78="yes1",U78="yes"),1,"") -> 1 | H99: =IF(OR(W78="1, edge",W78="2, edge",W78="x, edge"),1,"") -> 1 | I99: =COUNT(B99:H99) -> 4 | J99: =COUNTBLANK(B99:H99)-1 -> 2 | K99: =I99/(I99+J99)*100 -> 66.666667 | L99: =IF(AND(Y75="yes",Y76="yes"),2,IF(OR(Y75="yes",Y76="yes"),1)) -> 2 | M99: =IF(M96="under",1,0) -> 0 | N99: =IF(AND(P97>60,T97>60,F62="under"),E48,IF(AND(R97="pure",N97>1),E48,IF(AND(P97>60,T97>60),"+1","over"))) -> over | O99: =IF(G91+G92>75,"yes","no") -> yes | P99: =IF(AND(N99="over",B102="over"),"run",IF(AND(B102="over",N99="+1"),"+2",IF(AND(N99="over",B102<>"over"),1,E48))) -> run | Q99: =IF(N97<>"over","yes","no") -> no | R99: =IF(AND(T95>50,Q99="yes",P97>50),"GO","out") -> out | S99: =(IF(R99="GO",1)+IF(T95>50,1)+IF(U95="valid",1)+IF(M84="yes",1))/4*100 -> 25 | T99: =IF(P99="+2","over1","") | U99: =IF(AND(S99<>50,S99<>0),"under1","check1") -> under1 | V99: =IF(AND($C$46="settled",$C$47="high"),"D+", ) -> 0
A100: =_xlfn.TEXTJOIN(" and ", ,P97,_xlfn.IFERROR(P98,"")) -> 50 and 50 | B100: =IF(H95="set",1,"") -> #N/A | D100: =IF(OR(U47="align",U47="full"),1,"") | E100: =IF(G95>74,1,"") -> #N/A | F100: =IF(E79="no, no",1,"") | G100: =IF(OR(U79="yes1",U79="yes"),1,"") -> #N/A | H100: =IF(OR(W79="1, edge",W79="2, edge",W79="x, edge"),1,"") -> #N/A | I100: =COUNT(B100:H100) -> 0 | J100: =COUNTBLANK(B100:H100)-1 -> 2 | K100: =I100/(I100+J100)*100 -> 0 | L100: =IF(AND(Y78="yes",Y77="yes"),2,IF(OR(Y78="yes",Y77="yes"),1)) -> 2 | M100: =IF(N96="under",1,0) -> 0 | N100: =IF(AND(P98>60,T98>60,N62="under"),E48,IF(AND(R98="pure",N98>1),E48,IF(AND(P98>60,T98>60),"+1","over"))) -> over | O100: =IF(G94+G93>75,"yes","no") -> yes | P100: =IF(AND(N100="over",B103="over"),"run",IF(AND(B103="over",N100="+1"),"+2",IF(AND(N100="over",B103<>"over"),1,E48))) -> run | Q100: =IF(N98<>"over","yes","no") -> no | R100: =IF(AND(T96>50,Q100="yes",P98>50),"GO","out") -> out | S100: =(IF(R100="GO",1)+IF(T96>50,1)+IF(U96="valid",1)+IF(M85="yes",1))/4*100 -> 25 | T100: =IF(P100="+2","over2","") | U100: =IF(AND(S100<>50,S100<>0),"under2","check2") -> under2 | V100: =IF(AND($C$46="settled",$C$47="high"),"D+") -> FALSE
A101: =AVERAGE(K96,K97,G91,G92) -> 77.083333 | B101: =AVERAGE(K98,K99,G93,G94) -> 77.083333 | I101: =AVERAGE(I6:I42) -> 1.6104 | J101: =AVERAGE(J6:J42) -> 1.1616 | M101: =AVERAGE(M6:M42) -> 1.156 | N101: =AVERAGE(N6:N42) -> 1.5944
A102: =_xlfn.TEXTJOIN(", ", ,IF(AND(OR(E47="align",E47="full"),E75="no, no",A101>55),"under","check"),X75,X76,Y75,Y76,N97,M89) -> check, 1, 0, YES, YES, over, ok1 | B102: =J91 -> over | C102: =IF(AND(A64="success",A69="success",B54=""),"GOOD","CHECK") -> CHECK | D102: =IF(D104>E104,"Down","up") -> up | H102: =H69+I102 -> -0.31778774 | I102: =CORREL($J6:$J42,$N6:$N42) -> -0.078664659 | J102: =1/3*100 -> 33.333333 | K102: =J102-100 -> -66.666667 | L102: =SUM(L103,K103) -> 1 | M102: =VLOOKUP(G48,$C$6:$O$42,11) -> 0.67 | N102: =VLOOKUP(G48,$C$6:$O$42,12) -> 2
...

Sheet Sheet2
Q1: =AVERAGE(N8:O11,N7,P9,P10,P11,Q10,Q11,R11) -> 0.032421813 | R1: =AVERAGE(N6,O7,P8,Q9,R10,S11) -> 0.04736083 | S1: =AVERAGE(R6:S9,S10,Q6,Q7,Q8,P7,P6,O6) -> 0.015126798 | U1: 0 | V1: =U1+1 -> 1 | W1: =V1+1 -> 2 | X1: =W1+1 -> 3 | Y1: =X1+1 -> 4 | AP1: =AVERAGE(AM8:AN11,AM7,AO9,AO10,AO11,AP10,AP11,AQ11) -> 0.024571383 | AQ1: =AVERAGE(AM6,AN7,AO8,AP9,AQ10,AR11) -> 0.032121981 | AR1: =AVERAGE(AQ6:AR9,AR10,AP6,AP7,AP8,AO7,AO6,AN6) -> 0.025501746 | AT1: 0 | AU1: =AT1+1 -> 1 | AV1: =AU1+1 -> 2 | AW1: =AV1+1 -> 3 | AX1: =AW1+1 -> 4 | BS1: 0 | BT1: =BS1+1 -> 1 | BU1: =BT1+1 -> 2 | BV1: =BU1+1 -> 3 | BW1: =BV1+1 -> 4 | CR1: 0 | CS1: =CR1+1 -> 1 | CT1: =CS1+1 -> 2 | CU1: =CT1+1 -> 3 | CV1: =CU1+1 -> 4 | DQ1: 0 | DR1: =DQ1+1 -> 1 | DS1: =DR1+1 -> 2 | DT1: =DS1+1 -> 3 | DU1: =DT1+1 -> 4
N2: =IF(AND(O3<>"bad",O16>67,Sheet1!H104<>"high",Y25<>"D'over",OR(Sheet1!B5="",Sheet1!B70="")),"good+1",IF(AND(O3<>"bad",O16>67,Sheet1!H104<>"high",Y25<>"D'over"),"good","bad")) -> bad | O2: =IF(AND(Sheet1!E114="yes",Sheet1!B115<14),"ok","no") -> ok | P2: 1 | Q2: =AVERAGE(C5,Q1) -> 0.67701573 | R2: =(Sheet1!N105/1000)+Q3 -> 0.06836053 | S2: =AVERAGE(S1,D5) -> 0.40896777 | T2: =AVERAGE(C5,D5) -> 1.0622092 | U2: =POISSON(U1,$T$2,FALSE)*100 -> 34.569127 | V2: =POISSON(V1,$T$2,FALSE)*100 -> 36.719644 | W2: =POISSON(W1,$T$2,FALSE)*100 -> 19.501972 | X2: =POISSON(X1,$T$2,FALSE)*100 -> 6.9050579 | Y2: =POISSON(Y1,$T$2,FALSE)*100 -> 1.833654 | Z2: =SUM(U2:Y2,U4:Y4) -> 99.999981 | AN2: 2 | AP2: =AVERAGE(AP1,C6) -> 1.1368937 | AR2: =AVERAGE(AR1,D6) -> 1.1597668 | AS2: =AVERAGE(C6,D6) -> 2.2716239 | AT2: =POISSON(AT1,$AS$2,FALSE)*100 -> 10.314454 | AU2: =POISSON(AU1,$AS$2,FALSE)*100 -> 23.430561 | AV2: =POISSON(AV1,$AS$2,FALSE)*100 -> 26.612712 | AW2: =POISSON(AW1,$AS$2,FALSE)*100 -> 20.151358 | AX2: =POISSON(AX1,$AS$2,FALSE)*100 -> 11.444077 | AY2: =SUM(AT2:AX2,AT4:AX4) -> 99.986961 | BM2: 3 | BR2: =AVERAGE(C7,D7) -> 2.2716239 | BS2: =POISSON(BS1,$BR$2,FALSE)*100 -> 10.314454 | BT2: =POISSON(BT1,$BR$2,FALSE)*100 -> 23.430561 | BU2: =POISSON(BU1,$BR$2,FALSE)*100 -> 26.612712 | BV2: =POISSON(BV1,$BR$2,FALSE)*100 -> 20.151358 | BW2: =POISSON(BW1,$BR$2,FALSE)*100 -> 11.444077 | BX2: =SUM(BS2:BW2,BS4:BW4) -> 99.986961 | CL2: 4 | CQ2: =AVERAGE(C8,D8) -> 1.0622092 | CR2: =POISSON(CR1,$CQ$2,FALSE)*100 -> 34.569127 | CS2: =POISSON(CS1,$CQ$2,FALSE)*100 -> 36.719644 | CT2: =POISSON(CT1,$CQ$2,FALSE)*100 -> 19.501972 | CU2: =POISSON(CU1,$CQ$2,FALSE)*100 -> 6.9050579 | CV2: =POISSON(CV1,$CQ$2,FALSE)*100 -> 1.833654 | CW2: =SUM(CR2:CV2,CR4:CV4) -> 99.999981 | DK2: 5 | DP2: =AVERAGE(C9,D9) -> #N/A | DQ2: =POISSON(DQ1,$DP$2,FALSE)*100 -> #N/A | DR2: =POISSON(DR1,$DP$2,FALSE)*100 -> #N/A | DS2: =POISSON(DS1,$DP$2,FALSE)*100 -> #N/A | DT2: =POISSON(DT1,$DP$2,FALSE)*100 -> #N/A | DU2: =POISSON(DU1,$DP$2,FALSE)*100 -> #N/A | DV2: =SUM(DQ2:DU2,DQ4:DU4) -> #N/A
F3: 1 | O3: =IF(AND(O2="ok",P3="yes1"),"wow",IF(AND(O2="ok",P3="yes"),"good","bad")) -> bad | P3: =IF(AND(Sheet1!M106<>"F",S3="F"),"yes1",IF(AND(S3<>"F",Sheet1!M106<>"F"),"yes","no")) -> no | Q3: =AR3-AP3 -> 0.14546053 | R3: =(ABS(R2))*100+(Sheet1!I106)*10 -> 24.650267 | S3: =IF(R3<30,"A",IF(R3<34,"B",IF(R3<40,"C","F"))) -> A | T3: =C5-D5 -> 0.51880091 | U3: 5 | V3: =U3+1 -> 6 | W3: =V3+1 -> 7 | X3: =W3+1 -> 8 | Y3: =X3+1 -> 9 | Z3: 0 | AA3: =U2 -> 34.569127 | AB3: =AA4-AA3 -> 36.719644 | AC3: 9.8187575 | AE3: 2 | AP3: =AVERAGE(AP2,S2) -> 0.77293074 | AR3: =AVERAGE(AR2,Q2) -> 0.91839127 | AS3: =C6-D6 -> -0.04481583 | AT3: 5 | AU3: =AT3+1 -> 6 | AV3: =AU3+1 -> 7 | AW3: =AV3+1 -> 8 | AX3: =AW3+1 -> 9 | AY3: 0 | AZ3: =AT2 -> 10.314454 | BA3: =AZ4-AZ3 -> 23.430561 | BB3: 9.8187575 | BD3: 3 | BR3: =C7-D7 -> -0.04481583 | BS3: 5 | BT3: =BS3+1 -> 6 | BU3: =BT3+1 -> 7 | BV3: =BU3+1 -> 8 | BW3: =BV3+1 -> 9 | BX3: 0 | BY3: =BS2 -> 10.314454 | BZ3: =BY4-BY3 -> 23.430561 | CA3: =BZ3-BZ4 -> -3.1821507 | CC3: 4 | CQ3: =C8-D8 -> 0.51880091 | CR3: 5 | CS3: =CR3+1 -> 6 | CT3: =CS3+1 -> 7 | CU3: =CT3+1 -> 8 | CV3: =CU3+1 -> 9 | CW3: 0 | CX3: =CR2 -> 34.569127 | CY3: =CX4-CX3 -> 36.719644 | CZ3: =CY3-CY4 -> 17.217672 | DB3: 5 | DP3: =C9-D9 -> #N/A | DQ3: 5 | DR3: =DQ3+1 -> 6 | DS3: =DR3+1 -> 7 | DT3: =DS3+1 -> 8 | DU3: =DT3+1 -> 9 | DV3: 0 | DW3: =DQ2 -> #N/A | DX3: =DW4-DW3 -> #N/A | DY3: =DX3-DX4 -> #N/A
C4: home | D4: away | E4: =Sheet1!F48 -> Monterey Bay | G4: =Sheet1!G48 -> Sporting JAX | H4: chances | L4: no. of goals | M4: =G4 -> Sporting JAX | N4: 0 | O4: =N4+1 -> 1 | P4: =O4+1 -> 2 | Q4: =P4+1 -> 3 | R4: =Q4+1 -> 4 | S4: =R4+1 -> 5 | U4: =POISSON(U3,$T$2,FALSE)*100 -> 0.38954483 | V4: =POISSON(V3,$T$2,FALSE)*100 -> 0.068963016 | W4: =POISSON(W3,$T$2,FALSE)*100 -> 0.010464736 | X4: =POISSON(X3,$T$2,FALSE)*100 -> 0.0013894673 | Y4: =POISSON(Y3,$T$2,FALSE)*100 -> 0.00016398944 | Z4: =Z3+1 -> 1 | AA4: =SUM(U2,V2) -> 71.288771 | AB4: =AA5-AA4 -> 19.501972 | AC4: 12.814904 | AD4: =Sheet1!J48 -> Sporting JAX | AF4: =Sheet1!K48 -> Monterey Bay | AG4: chances | AK4: no. of goals | AL4: =AF4 -> Monterey Bay | AM4: 0 | AN4: =AM4+1 -> 1 | AO4: =AN4+1 -> 2 | AP4: =AO4+1 -> 3 | AQ4: =AP4+1 -> 4 | AR4: =AQ4+1 -> 5 | AT4: =POISSON(AT3,$AS$2,FALSE)*100 -> 5.1993278 | AU4: =POISSON(AU3,$AS$2,FALSE)*100 -> 1.9684862 | AV4: =POISSON(AV3,$AS$2,FALSE)*100 -> 0.63880864 | AW4: =POISSON(AW3,$AS$2,FALSE)*100 -> 0.18139163 | AX4: =POISSON(AX3,$AS$2,FALSE)*100 -> 0.045783729 | AY4: =AY3+1 -> 1 | AZ4: =SUM(AT2,AU2) -> 33.745016 | BA4: =AZ5-AZ4 -> 26.612712 | BB4: 12.814904 | BC4: =Sheet1!N48 -> Sporting JAX | BE4: =Sheet1!O48 -> Monterey Bay | BF4: chances | BJ4: no. of goals | BK4: =BE4 -> Monterey Bay | BL4: 0 | BM4: =BL4+1 -> 1 | BN4: =BM4+1 -> 2 | BO4: =BN4+1 -> 3 | BP4: =BO4+1 -> 4 | BQ4: =BP4+1 -> 5 | BS4: =POISSON(BS3,$BR$2,FALSE)*100 -> 5.1993278 | BT4: =POISSON(BT3,$BR$2,FALSE)*100 -> 1.9684862 | BU4: =POISSON(BU3,$BR$2,FALSE)*100 -> 0.63880864 | BV4: =POISSON(BV3,$BR$2,FALSE)*100 -> 0.18139163 | BW4: =POISSON(BW3,$BR$2,FALSE)*100 -> 0.045783729 | BX4: =BX3+1 -> 1 | BY4: =SUM(BS2,BT2) -> 33.745016 | BZ4: =BY5-BY4 -> 26.612712 | CA4: =BZ4-BZ5 -> 6.4613541 | CB4: =Sheet1!R48 -> Monterey Bay | CD4: =Sheet1!S48 -> Sporting JAX | CE4: chances | CI4: no. of goals | CJ4: =CD4 -> Sporting JAX | CK4: 0 | CL4: =CK4+1 -> 1 | CM4: =CL4+1 -> 2 | CN4: =CM4+1 -> 3 | CO4: =CN4+1 -> 4 | CP4: =CO4+1 -> 5 | CR4: =POISSON(CR3,$CQ$2,FALSE)*100 -> 0.38954483 | CS4: =POISSON(CS3,$CQ$2,FALSE)*100 -> 0.068963016 | CT4: =POISSON(CT3,$CQ$2,FALSE)*100 -> 0.010464736 | CU4: =POISSON(CU3,$CQ$2,FALSE)*100 -> 0.0013894673 | CV4: =POISSON(CV3,$CQ$2,FALSE)*100 -> 0.00016398944 | CW4: =CW3+1 -> 1 | CX4: =SUM(CR2,CS2) -> 71.288771 | CY4: =CX5-CX4 -> 19.501972 | CZ4: =CY4-CY5 -> 12.596914 | DA4: =Sheet1!V48 -> Galway Utd | DC4: =Sheet1!W48 -> Cork City | DD4: chances | DH4: no. of goals | DI4: =DC4 -> Cork City | DJ4: 0 | DK4: =DJ4+1 -> 1 | DL4: =DK4+1 -> 2 | DM4: =DL4+1 -> 3 | DN4: =DM4+1 -> 4 | DO4: =DN4+1 -> 5 | DQ4: =POISSON(DQ3,$DP$2,FALSE)*100 -> #N/A | DR4: =POISSON(DR3,$DP$2,FALSE)*100 -> #N/A | DS4: =POISSON(DS3,$DP$2,FALSE)*100 -> #N/A | DT4: =POISSON(DT3,$DP$2,FALSE)*100 -> #N/A | DU4: =POISSON(DU3,$DP$2,FALSE)*100 -> #N/A | DV4: =DV3+1 -> 1 | DW4: =SUM(DQ2,DR2) -> #N/A | DX4: =DW5-DW4 -> #N/A | DY4: =DX4-DX5 -> #N/A
B5: 1 | C5: =Sheet1!F52 -> 1.3216097 | D5: =Sheet1!G52 -> 0.80280874 | E5: 0 | F5: : | G5: 0 | H5: =POISSON(E5,$C$5,FALSE)*POISSON(G5,$D$5,FALSE)*100 -> 11.950245 | I5: =RANK(H5,$H$5:$H$36,0) -> 3 | J5: =IF(J24="away",J19-(J23*3),IF(J24="home",J19-(J22*3),J19)) -> 8 | L5: =E4 -> Monterey Bay | M5: probablity | N5: =POISSON(N4,$D$5,FALSE) -> 0.44806869 | O5: =POISSON(O4,$D$5,FALSE) -> 0.35971346 | P5: =POISSON(P4,$D$5,FALSE) -> 0.14439055 | Q5: =POISSON(Q4,$D$5,FALSE) -> 0.038639333 | R5: =POISSON(R4,$D$5,FALSE) -> 0.0077549985 | S5: =POISSON(S4,$D$5,FALSE) -> 0.0012451561 | W5: under | X5: over | Z5: =Z4+1 -> 2 | AA5: =SUM(U2,V2,W2) -> 90.790743 | AB5: =AA6-AA5 -> 6.9050579 | AC5: 7.47612 | AD5: 0 | AE5: =AD5+AF5 -> 0 | AF5: 0 | AG5: =POISSON(AD5,$C$6,FALSE)*POISSON(AF5,$D$6,FALSE)*100 -> 1.0638797 | AH5: =RANK(AG5,$AG$5:$AG$36,0) -> 27 | AI5: =IF(AI24="away",AI19-(AI23*3),IF(AI24="home",AI19-(AI22*3),AI19)) -> 7 | AK5: =AD4 -> Sporting JAX | AL5: probablity | AM5: =POISSON(AM4,$D$6,FALSE) -> 0.10085899 | AN5: =POISSON(AN4,$D$6,FALSE) -> 0.23137374 | AO5: =POISSON(AO4,$D$6,FALSE) -> 0.26538937 | AP5: =POISSON(AP4,$D$6,FALSE) -> 0.20293722 | AQ5: =POISSON(AQ4,$D$6,FALSE) -> 0.11638611 | AR5: =POISSON(AR4,$D$6,FALSE) -> 0.05339869 | AV5: under | AW5: over | AY5: =AY4+1 -> 2 | AZ5: =SUM(AT2,AU2,AV2) -> 60.357728 | BA5: =AZ6-AZ5 -> 20.151358 | BB5: 7.47612 | BC5: 0 | BD5: : | BE5: 0 | BF5: =POISSON(BC5,$C$7,FALSE)*POISSON(BE5,$D$7,FALSE)*100 -> 1.0638797 | BG5: =RANK(BF5,$BF$5:$BF$36,0) -> 27 | BH5: =IF(BH24="away",BH19-(BH23*3),IF(BH24="home",BH19-(BH22*3),BH19)) -> 7 | BJ5: =BC4 -> Sporting JAX | BK5: probablity | BL5: =POISSON(BL4,$D$7,FALSE) -> 0.10085899 | BM5: =POISSON(BM4,$D$7,FALSE) -> 0.23137374 | BN5: =POISSON(BN4,$D$7,FALSE) -> 0.26538937 | BO5: =POISSON(BO4,$D$7,FALSE) -> 0.20293722 | BP5: =POISSON(BP4,$D$7,FALSE) -> 0.11638611 | BQ5: =POISSON(BQ4,$D$7,FALSE) -> 0.05339869 | BU5: under | BV5: over | BX5: =BX4+1 -> 2 | BY5: =SUM(BS2,BT2,BU2) -> 60.357728 | BZ5: =BY6-BY5 -> 20.151358 | CA5: =BZ5-BZ6 -> 8.7072812 | CB5: 0 | CC5: : | CD5: 0 | CE5: =POISSON(CB5,$C$8,FALSE)*POISSON(CD5,$D$8,FALSE)*100 -> 11.950245 | CF5: =RANK(CE5,$CE$5:$CE$36,0) -> 3 | CG5: =IF(CG24="away",CG19-(CG23*3),IF(CG24="home",CG19-(CG22*3),CG19)) -> 8 | CI5: =CB4 -> Monterey Bay | CJ5: probablity | CK5: =POISSON(CK4,$D$8,FALSE) -> 0.44806869 | CL5: =POISSON(CL4,$D$8,FALSE) -> 0.35971346 | CM5: =POISSON(CM4,$D$8,FALSE) -> 0.14439055 | CN5: =POISSON(CN4,$D$8,FALSE) -> 0.038639333 | CO5: =POISSON(CO4,$D$8,FALSE) -> 0.0077549985 | CP5: =POISSON(CP4,$D$8,FALSE) -> 0.0012451561 | CT5: under | CU5: over | CW5: =CW4+1 -> 2 | CX5: =SUM(CR2,CS2,CT2) -> 90.790743 | CY5: =CX6-CX5 -> 6.9050579 | CZ5: =CY5-CY6 -> 5.0714039 | DA5: 0 | DB5: : | DC5: 0 | DD5: =POISSON(DA5,$C$9,FALSE)*POISSON(DC5,$D$9,FALSE)*100 -> #N/A | DE5: =RANK(DD5,$DD$5:$DD$36,0) -> #N/A | DF5: =IF(DF24="away",DF19-(DF23*3),IF(DF24="home",DF19-(DF22*3),DF19)) -> #N/A | DH5: =DA4 -> Galway Utd | DI5: probablity | DJ5: =POISSON(DJ4,$D$9,FALSE) -> #N/A | DK5: =POISSON(DK4,$D$9,FALSE) -> #N/A | DL5: =POISSON(DL4,$D$9,FALSE) -> #N/A | DM5: =POISSON(DM4,$D$9,FALSE) -> #N/A | DN5: =POISSON(DN4,$D$9,FALSE) -> #N/A | DO5: =POISSON(DO4,$D$9,FALSE) -> #N/A | DS5: under | DT5: over | DV5: =DV4+1 -> 2 | DW5: =SUM(DQ2,DR2,DS2) -> #N/A | DX5: =DW6-DW5 -> #N/A | DY5: =DX5-DX6 -> #N/A
B6: =B5+1 -> 2 | C6: =Sheet1!J52 -> 2.249216 | D6: =Sheet1!K52 -> 2.2940319 | E6: 0 | F6: : | G6: 1 | H6: =POISSON(E6,$C$5,FALSE)*POISSON(G6,$D$5,FALSE)*100 -> 9.5937613 | I6: =RANK(H6,$H$5:$H$36,0) -> 4 | J6: =IF(I5=1,"draw",IF(I6=1,"away",IF(I7=1,"draw 1-1",IF(I8=1,"home",IF(I9=1,"away 0-2",IF(I10=1,"away 1-2",IF(I11=1,"home 2-1","rountime"))))))) -> home | K6: =IF(OR(J6="away",J6="home",J6="draw"),"small",IF(OR(J6="away",J6="home",J6="draw",J6="draw 1-1",J6="away 0-2"),"under",IF(J6="rountime","RT",0))) -> small | L6: 0 | M6: =POISSON(L6,$C$5,FALSE) -> 0.26670565 | N6: =$N$5*M6 -> 0.11950245 | O6: =$O$5*M6 -> 0.095937613 | P6: =$P$5*M6 -> 0.038509777 | Q6: =$Q$5*M6 -> 0.010305328 | R6: =$R$5*M6 -> 0.0020683019 | S6: =$S$5*M6 -> 0.00033209017 | T6: =SUM(R6:S9,S10,Q6,Q7,Q8,P7,P6,O6)*100 -> 22.690196 | V6: 0.5 | W6: =N6 -> 0.11950245 | X6: =(Y6-W6) -> 0.87789168 | Y6: =SUM(N6:S11) -> 0.99739414 | Z6: =Z5+1 -> 3 | AA6: =SUM(U2,V2,W2,X2) -> 97.695801 | AB6: =AA7-AA6 -> 1.833654 | AC6: =IF(AND(AC4>AC3,AC5),2.5,IF(AND(AC3>AC4,AC5),1.5,IF(AND(AC5>AC3,AC4),3.5))) -> 2.5 | AD6: 0 | AE6: =AD6+AF6 -> 1 | AF6: 1 | AG6: =POISSON(AD6,$C$6,FALSE)*POISSON(AF6,$D$6,FALSE)*100 -> 2.4405739 | AH6: =RANK(AG6,$AG$5:$AG$36,0) -> 15 | AI6: =IF(AH5=1,"draw",IF(AH6=1,"away",IF(AH7=1,"draw 1-1",IF(AH8=1,"home",IF(AH9=1,"away 0-2",IF(AH10=1,"away 1-2",IF(AH11=1,"home 2-1","rountime"))))))) -> rountime | AJ6: =IF(OR(AI6="away",AI6="home",AI6="draw"),"small",IF(OR(AI6="away",AI6="home",AI6="draw",AI6="draw 1-1",AI6="away 0-2"),"under",IF(AI6="rountime","RT",0))) -> RT | AK6: 0 | AL6: =POISSON(AK6,$C$6,FALSE) -> 0.10548189 | AM6: =$AM$5*AL6 -> 0.010638797 | AN6: =$AN$5*AL6 -> 0.024405739 | AO6: =$AO$5*AL6 -> 0.027993771 | AP6: =$AP$5*AL6 -> 0.021406201 | AQ6: =$AQ$5*AL6 -> 0.012276627 | AR6: =$AR$5*AL6 -> 0.0056325946 | AS6: =SUM(AQ6:AR9,AR10,AP6,AP7,AP8,AO7,AO6,AN6)*100 -> 38.252619 | AU6: 0.5 | AV6: =AM6 -> 0.010638797 | AW6: =(AX6-AV6) -> 0.93319002 | AX6: =SUM(AM6:AR11) -> 0.94382882 | AY6: =AY5+1 -> 3 | AZ6: =SUM(AT2,AU2,AV2,AW2) -> 80.509086 | BA6: =AZ7-AZ6 -> 11.444077 | BB6: =IF(AND(BB4>BB3,BB5),2.5,IF(AND(BB3>BB4,BB5),1.5,IF(AND(BB5>BB3,BB4),3.5))) -> 2.5 | BC6: 0 | BD6: : | BE6: 1 | BF6: =POISSON(BC6,$C$7,FALSE)*POISSON(BE6,$D$7,FALSE)*100 -> 2.4405739 | BG6: =RANK(BF6,$BF$5:$BF$36,0) -> 15 | BH6: =IF(BG5=1,"draw",IF(BG6=1,"away",IF(BG7=1,"draw 1-1",IF(BG8=1,"home",IF(BG9=1,"away 0-2",IF(BG10=1,"away 1-2",IF(BG11=1,"home 2-1","rountime"))))))) -> rountime | BI6: =IF(OR(BH6="away",BH6="home",BH6="draw"),"small",IF(OR(BH6="away",BH6="home",BH6="draw",BH6="draw 1-1",BH6="away 0-2"),"under",IF(BH6="rountime","RT",0))) -> RT | BJ6: 0 | BK6: =POISSON(BJ6,$C$7,FALSE) -> 0.10548189 | BL6: =$BL$5*BK6 -> 0.010638797 | BM6: =$BM$5*BK6 -> 0.024405739 | BN6: =$BN$5*BK6 -> 0.027993771 | BO6: =$BO$5*BK6 -> 0.021406201 | BP6: =$BP$5*BK6 -> 0.012276627 | BQ6: =$BQ$5*BK6 -> 0.0056325946 | BR6: =SUM(BP6:BQ9,BQ10,BO6,BO7,BO8,BN7,BN6,BM6)*100 -> 38.252619 | BT6: 0.5 | BU6: =BL6 -> 0.010638797 | BV6: =(BW6-BU6) -> 0.93319002 | BW6: =SUM(BL6:BQ11) -> 0.94382882 | BX6: =BX5+1 -> 3 | BY6: =SUM(BS2,BT2,BU2,BV2) -> 80.509086 | BZ6: =BY7-BY6 -> 11.444077 | CA6: =IF(AND(CA4>CA3,CA5),2.5,IF(AND(CA3>CA4,CA5),1.5,IF(AND(CA5>CA3,CA4),3.5))) -> 2.5 | CB6: 0 | CC6: : | CD6: 1 | CE6: =POISSON(CB6,$C$8,FALSE)*POISSON(CD6,$D$8,FALSE)*100 -> 9.5937613 | CF6: =RANK(CE6,$CE$5:$CE$36,0) -> 4 | CG6: =IF(CF5=1,"draw",IF(CF6=1,"away",IF(CF7=1,"draw 1-1",IF(CF8=1,"home",IF(CF9=1,"away 0-2",IF(CF10=1,"away 1-2",IF(CF11=1,"home 2-1","rountime"))))))) -> home | CH6: =IF(OR(CG6="away",CG6="home",CG6="draw"),"small",IF(OR(CG6="away",CG6="home",CG6="draw",CG6="draw 1-1",CG6="away 0-2"),"under",IF(CG6="rountime","RT",0))) -> small | CI6: 0 | CJ6: =POISSON(CI6,$C$8,FALSE) -> 0.26670565 | CK6: =$CK$5*CJ6 -> 0.11950245 | CL6: =$CL$5*CJ6 -> 0.095937613 | CM6: =$CM$5*CJ6 -> 0.038509777 | CN6: =$CN$5*CJ6 -> 0.010305328 | CO6: =$CO$5*CJ6 -> 0.0020683019 | CP6: =$CP$5*CJ6 -> 0.00033209017 | CQ6: =SUM(CO6:CP9,CP10,CN6,CN7,CN8,CM7,CM6,CL6)*100 -> 22.690196 | CS6: 0.5 | CT6: =CK6 -> 0.11950245 | CU6: =(CV6-CT6) -> 0.87789168 | CV6: =SUM(CK6:CP11) -> 0.99739414 | CW6: =CW5+1 -> 3 | CX6: =SUM(CR2,CS2,CT2,CU2) -> 97.695801 | CY6: =CX7-CX6 -> 1.833654 | CZ6: =IF(AND(CZ4>CZ3,CZ5),2.5,IF(AND(CZ3>CZ4,CZ5),1.5,IF(AND(CZ5>CZ3,CZ4),3.5))) -> 1.5 | DA6: 0 | DB6: : | DC6: 1 | DD6: =POISSON(DA6,$C$9,FALSE)*POISSON(DC6,$D$9,FALSE)*100 -> #N/A | DE6: =RANK(DD6,$DD$5:$DD$36,0) -> #N/A | DF6: =IF(DE5=1,"draw",IF(DE6=1,"away",IF(DE7=1,"draw 1-1",IF(DE8=1,"home",IF(DE9=1,"away 0-2",IF(DE10=1,"away 1-2",IF(DE11=1,"home 2-1","rountime"))))))) -> #N/A | DG6: =IF(OR(DF6="away",DF6="home",DF6="draw"),"small",IF(OR(DF6="away",DF6="home",DF6="draw",DF6="draw 1-1",DF6="away 0-2"),"under",IF(DF6="rountime","RT",0))) -> #N/A | DH6: 0 | DI6: =POISSON(DH6,$C$9,FALSE) -> #N/A | DJ6: =$DJ$5*DI6 -> #N/A | DK6: =$DK$5*DI6 -> #N/A | DL6: =$DL$5*DI6 -> #N/A | DM6: =$DM$5*DI6 -> #N/A | DN6: =$DN$5*DI6 -> #N/A | DO6: =$DO$5*DI6 -> #N/A | DP6: =SUM(DN6:DO9,DO10,DM6,DM7,DM8,DL7,DL6,DK6)*100 -> #N/A | DR6: 0.5 | DS6: =DJ6 -> #N/A | DT6: =(DU6-DS6) -> #N/A | DU6: =SUM(DJ6:DO11) -> #N/A | DV6: =DV5+1 -> 3 | DW6: =SUM(DQ2,DR2,DS2,DT2) -> #N/A | DX6: =DW7-DW6 -> #N/A | DY6: =IF(AND(DY4>DY3,DY5),2.5,IF(AND(DY3>DY4,DY5),1.5,IF(AND(DY5>DY3,DY4),3.5))) -> #N/A
B7: =B6+1 -> 3 | C7: =Sheet1!N52 -> 2.249216 | D7: =Sheet1!O52 -> 2.2940319 | E7: 1 | F7: : | G7: 1 | H7: =POISSON(E7,$C$5,FALSE)*POISSON(G7,$D$5,FALSE)*100 -> 12.679207 | I7: =RANK(H7,$H$5:$H$36,0) -> 2 | J7: =IF(I5=2,"draw",IF(I6=2,"away",IF(I7=2,"draw 1-1",IF(I8=2,"home",IF(I9=2,"away 0-2",IF(I10=2,"away 1-2",IF(I11=2,"home 2-1","rountime"))))))) -> draw 1-1 | K7: =IF(OR(J7="away",J7="home",J7="draw"),"small",IF(OR(J7="away",J7="home",J7="draw",J7="draw 1-1",J7="away 0-2"),"under",IF(J7="rountime","RT",0))) -> under | L7: =L6+1 -> 1 | M7: =POISSON(L7,$C$5,FALSE) -> 0.35248077 | N7: =$N$5*M7 -> 0.15793559 | O7: =$O$5*M7 -> 0.12679207 | P7: =$P$5*M7 -> 0.050894893 | Q7: =$Q$5*M7 -> 0.013619622 | R7: =$R$5*M7 -> 0.0027334878 | S7: =$S$5*M7 -> 0.00043889358 | V7: =V6+1 -> 1.5 | W7: =SUM(N6,O6,N7) -> 0.37337566 | X7: =(Y6-W7) -> 0.62401848 | Z7: =Z6+1 -> 4 | AA7: =SUM(U2,V2,W2,X2,Y2) -> 99.529455 | AC7: =IF(AC6=AC44,AC6+1,AC6+AC44+0.5) -> 4.5 | AD7: 1 | AE7: =AD7+AF7 -> 2 | AF7: 1 | AG7: =POISSON(AD7,$C$6,FALSE)*POISSON(AF7,$D$6,FALSE)*100 -> 5.4893779 | AH7: =RANK(AG7,$AG$5:$AG$36,0) -> 4 | AI7: =IF(AH5=2,"draw",IF(AH6=2,"away",IF(AH7=2,"draw 1-1",IF(AH8=2,"home",IF(AH9=2,"away 0-2",IF(AH10=2,"away 1-2",IF(AH11=2,"home 2-1","rountime"))))))) -> away 1-2 | AJ7: =IF(OR(AI7="away",AI7="home",AI7="draw"),"small",IF(OR(AI7="away",AI7="home",AI7="draw",AI7="draw 1-1",AI7="away 0-2"),"under",IF(AI7="rountime","RT",0))) -> 0 | AK7: =AK6+1 -> 1 | AL7: =POISSON(AK7,$C$6,FALSE) -> 0.23725155 | AM7: =$AM$5*AL7 -> 0.023928952 | AN7: =$AN$5*AL7 -> 0.054893779 | AO7: =$AO$5*AL7 -> 0.062964039 | AP7: =$AP$5*AL7 -> 0.04814717 | AQ7: =$AQ$5*AL7 -> 0.027612786 | AR7: =$AR$5*AL7 -> 0.012668922 | AU7: =AU6+1 -> 1.5 | AV7: =SUM(AM6,AN6,AM7) -> 0.058973488 | AW7: =(AX6-AV7) -> 0.88485533 | AY7: =AY6+1 -> 4 | AZ7: =SUM(AT2,AU2,AV2,AW2,AX2) -> 91.953163 | BB7: =IF(BB6=BB44,BB6+1,BB6+BB44+0.5) -> 4.5 | BC7: 1 | BD7: : | BE7: 1 | BF7: =POISSON(BC7,$C$7,FALSE)*POISSON(BE7,$D$7,FALSE)*100 -> 5.4893779 | BG7: =RANK(BF7,$BF$5:$BF$36,0) -> 4 | BH7: =IF(BG5=2,"draw",IF(BG6=2,"away",IF(BG7=2,"draw 1-1",IF(BG8=2,"home",IF(BG9=2,"away 0-2",IF(BG10=2,"away 1-2",IF(BG11=2,"home 2-1","rountime"))))))) -> away 1-2 | BI7: =IF(OR(BH7="away",BH7="home",BH7="draw"),"small",IF(OR(BH7="away",BH7="home",BH7="draw",BH7="draw 1-1",BH7="away 0-2"),"under",IF(BH7="rountime","RT",0))) -> 0 | BJ7: =BJ6+1 -> 1 | BK7: =POISSON(BJ7,$C$7,FALSE) -> 0.23725155 | BL7: =$BL$5*BK7 -> 0.023928952 | BM7: =$BM$5*BK7 -> 0.054893779 | BN7: =$BN$5*BK7 -> 0.062964039 | BO7: =$BO$5*BK7 -> 0.04814717 | BP7: =$BP$5*BK7 -> 0.027612786 | BQ7: =$BQ$5*BK7 -> 0.012668922 | BT7: =BT6+1 -> 1.5 | BU7: =SUM(BL6,BM6,BL7) -> 0.058973488 | BV7: =(BW6-BU7) -> 0.88485533 | BX7: =BX6+1 -> 4 | BY7: =SUM(BS2,BT2,BU2,BV2,BW2) -> 91.953163 | CA7: =IF(CA6=CA44,CA6+1,CA6+CA44+0.5) -> 4.5 | CB7: 1 | CC7: : | CD7: 1 | CE7: =POISSON(CB7,$C$8,FALSE)*POISSON(CD7,$D$8,FALSE)*100 -> 12.679207 | CF7: =RANK(CE7,$CE$5:$CE$36,0) -> 2 | CG7: =IF(CF5=2,"draw",IF(CF6=2,"away",IF(CF7=2,"draw 1-1",IF(CF8=2,"home",IF(CF9=2,"away 0-2",IF(CF10=2,"away 1-2",IF(CF11=2,"home 2-1","rountime"))))))) -> draw 1-1 | CH7: =IF(OR(CG7="away",CG7="home",CG7="draw"),"small",IF(OR(CG7="away",CG7="home",CG7="draw",CG7="draw 1-1",CG7="away 0-2"),"under",IF(CG7="rountime","RT",0))) -> under | CI7: =CI6+1 -> 1 | CJ7: =POISSON(CI7,$C$8,FALSE) -> 0.35248077 | CK7: =$CK$5*CJ7 -> 0.15793559 | CL7: =$CL$5*CJ7 -> 0.12679207 | CM7: =$CM$5*CJ7 -> 0.050894893 | CN7: =$CN$5*CJ7 -> 0.013619622 | CO7: =$CO$5*CJ7 -> 0.0027334878 | CP7: =$CP$5*CJ7 -> 0.00043889358 | CS7: =CS6+1 -> 1.5 | CT7: =SUM(CK6,CL6,CK7) -> 0.37337566 | CU7: =(CV6-CT7) -> 0.62401848 | CW7: =CW6+1 -> 4 | CX7: =SUM(CR2,CS2,CT2,CU2,CV2) -> 99.529455 | CZ7: =IF(CZ6=CZ44,CZ6+1,CZ6+CZ44+0.5) -> 4.5 | DA7: 1 | DB7: : | DC7: 1 | DD7: =POISSON(DA7,$C$9,FALSE)*POISSON(DC7,$D$9,FALSE)*100 -> #N/A | DE7: =RANK(DD7,$DD$5:$DD$36,0) -> #N/A | DF7: =IF(DE5=2,"draw",IF(DE6=2,"away",IF(DE7=2,"draw 1-1",IF(DE8=2,"home",IF(DE9=2,"away 0-2",IF(DE10=2,"away 1-2",IF(DE11=2,"home 2-1","rountime"))))))) -> #N/A | DG7: =IF(OR(DF7="away",DF7="home",DF7="draw"),"small",IF(OR(DF7="away",DF7="home",DF7="draw",DF7="draw 1-1",DF7="away 0-2"),"under",IF(DF7="rountime","RT",0))) -> #N/A | DH7: =DH6+1 -> 1 | DI7: =POISSON(DH7,$C$9,FALSE) -> #N/A | DJ7: =$DJ$5*DI7 -> #N/A | DK7: =$DK$5*DI7 -> #N/A | DL7: =$DL$5*DI7 -> #N/A | DM7: =$DM$5*DI7 -> #N/A | DN7: =$DN$5*DI7 -> #N/A | DO7: =$DO$5*DI7 -> #N/A | DR7: =DR6+1 -> 1.5 | DS7: =SUM(DJ6,DK6,DJ7) -> #N/A | DT7: =(DU6-DS7) -> #N/A | DV7: =DV6+1 -> 4 | DW7: =SUM(DQ2,DR2,DS2,DT2,DU2) -> #N/A | DY7: =IF(DY6=DY44,DY6+1,DY6+DY44+0.5) -> #N/A
B8: =B7+1 -> 4 | C8: =Sheet1!R52 -> 1.3216097 | D8: =Sheet1!S52 -> 0.80280874 | E8: 1 | F8: : | G8: 0 | H8: =POISSON(E8,$C$5,FALSE)*POISSON(G8,$D$5,FALSE)*100 -> 15.793559 | I8: =RANK(H8,$H$5:$H$36,0) -> 1 | J8: =IF(I5=3,"draw",IF(I6=3,"away",IF(I7=3,"draw 1-1",IF(I8=3,"home",IF(I9=3,"away 0-2",IF(I10=3,"away 1-2",IF(I11=3,"home 2-1","rountime"))))))) -> draw | K8: =IF(OR(J8="away",J8="home",J8="draw"),"small",IF(OR(J8="away",J8="home",J8="draw",J8="draw 1-1",J8="away 0-2"),"under",IF(J8="rountime","RT",0))) -> small | L8: =L7+1 -> 2 | M8: =POISSON(L8,$C$5,FALSE) -> 0.23292099 | N8: =$N$5*M8 -> 0.1043646 | O8: =$O$5*M8 -> 0.083784815 | P8: =$P$5*M8 -> 0.033631591 | Q8: =$Q$5*M8 -> 0.0089999116 | R8: =$R$5*M8 -> 0.0018063019 | S8: =$S$5*M8 -> 0.00029002299 | T8: =IF(T2<0.6,"low",IF(T2<1.38,"medium","high")) -> medium | V8: =V7+1 -> 2.5 | W8: =SUM(N6,O6,P6,N7,N8,O7) -> 0.64304211 | X8: =(Y6-W8) -> 0.35435202 | Y8: =(X6/$Y$16)*100 -> 35.207413 | Z8: remain | AA8: =Z2-AA7 -> 0.47052604 | AB8: =IF(AA9<0.6,"Under",IF(AA9<0.9,"under+",IF(AND(AA8<0.9,AA9>1,AA9<2.9),"under",IF(AND(AA8<1.5,AA9>0.9,AA9<1.75),"under+","over")))) -> Under | AC8: =AVERAGE(AC6,AC7,AC44)+0.666667 -> 3.5000003 | AD8: 1 | AE8: =AD8+AF8 -> 1 | AF8: 0 | AG8: =POISSON(AD8,$C$6,FALSE)*POISSON(AF8,$D$6,FALSE)*100 -> 2.3928952 | AH8: =RANK(AG8,$AG$5:$AG$36,0) -> 16 | AI8: =IF(AH5=3,"draw",IF(AH6=3,"away",IF(AH7=3,"draw 1-1",IF(AH8=3,"home",IF(AH9=3,"away 0-2",IF(AH10=3,"away 1-2",IF(AH11=3,"home 2-1","rountime"))))))) -> home 2-1 | AJ8: =IF(OR(AI8="away",AI8="home",AI8="draw"),"small",IF(OR(AI8="away",AI8="home",AI8="draw",AI8="draw 1-1",AI8="away 0-2"),"under",IF(AI8="rountime","RT",0))) -> 0 | AK8: =AK7+1 -> 2 | AL8: =POISSON(AK8,$C$6,FALSE) -> 0.266815 | AM8: =$AM$5*AL8 -> 0.026910691 | AN8: =$AN$5*AL8 -> 0.061733984 | AO8: =$AO$5*AL8 -> 0.070809862 | AP8: =$AP$5*AL8 -> 0.054146693 | AQ8: =$AQ$5*AL8 -> 0.03105356 | AR8: =$AR$5*AL8 -> 0.014247571 | AS8: =IF(AS2<0.6,"low",IF(AS2<1.38,"medium","high")) -> high | AU8: =AU7+1 -> 2.5 | AV8: =SUM(AM6,AN6,AO6,AM7,AM8,AN7) -> 0.16877173 | AW8: =(AX6-AV8) -> 0.77505709 | AX8: =(AW6/$AX$16)*100 -> 39.549122 | AY8: remain | AZ8: =AY2-AZ7 -> 8.033798 | BA8: =IF(AZ9<0.6,"Under",IF(AZ9<0.9,"under+",IF(AND(AZ8<0.9,AZ9>1,AZ9<2.9),"under",IF(AND(AZ8<1.5,AZ9>0.9,AZ9<1.75),"under+","over")))) -> over | BB8: =AVERAGE(BB6,BB7,BB44)+0.666667 -> 3.5000003 | BC8: 1 | BD8: : | BE8: 0 | BF8: =POISSON(BC8,$C$7,FALSE)*POISSON(BE8,$D$7,FALSE)*100 -> 2.3928952 | BG8: =RANK(BF8,$BF$5:$BF$36,0) -> 16 | BH8: =IF(BG5=3,"draw",IF(BG6=3,"away",IF(BG7=3,"draw 1-1",IF(BG8=3,"home",IF(BG9=3,"away 0-2",IF(BG10=3,"away 1-2",IF(BG11=3,"home 2-1","rountime"))))))) -> home 2-1 | BI8: =IF(OR(BH8="away",BH8="home",BH8="draw"),"small",IF(OR(BH8="away",BH8="home",BH8="draw",BH8="draw 1-1",BH8="away 0-2"),"under",IF(BH8="rountime","RT",0))) -> 0 | BJ8: =BJ7+1 -> 2 | BK8: =POISSON(BJ8,$C$7,FALSE) -> 0.266815 | BL8: =$BL$5*BK8 -> 0.026910691 | BM8: =$BM$5*BK8 -> 0.061733984 | BN8: =$BN$5*BK8 -> 0.070809862 | BO8: =$BO$5*BK8 -> 0.054146693 | BP8: =$BP$5*BK8 -> 0.03105356 | BQ8: =$BQ$5*BK8 -> 0.014247571 | BR8: =IF(BR2<0.6,"low",IF(BR2<1.38,"medium","high")) -> high | BT8: =BT7+1 -> 2.5 | BU8: =SUM(BL6,BM6,BN6,BL7,BL8,BM7) -> 0.16877173 | BV8: =(BW6-BU8) -> 0.77505709 | BX8: remain | BY8: =BX2-BY7 -> 8.033798 | BZ8: =IF(BY9<0.6,"Under",IF(BY9<0.9,"under+",IF(AND(BY8<0.9,BY9>1,BY9<2.9),"under",IF(AND(BY8<1.5,BY9>0.9,BY9<1.75),"under+","over")))) -> over | CA8: =AVERAGE(CA6,CA7,CA44)+0.666667 -> 3.5000003 | CB8: 1 | CC8: : | CD8: 0 | CE8: =POISSON(CB8,$C$8,FALSE)*POISSON(CD8,$D$8,FALSE)*100 -> 15.793559 | CF8: =RANK(CE8,$CE$5:$CE$36,0) -> 1 | CG8: =IF(CF5=3,"draw",IF(CF6=3,"away",IF(CF7=3,"draw 1-1",IF(CF8=3,"home",IF(CF9=3,"away 0-2",IF(CF10=3,"away 1-2",IF(CF11=3,"home 2-1","rountime"))))))) -> draw | CH8: =IF(OR(CG8="away",CG8="home",CG8="draw"),"small",IF(OR(CG8="away",CG8="home",CG8="draw",CG8="draw 1-1",CG8="away 0-2"),"under",IF(CG8="rountime","RT",0))) -> small | CI8: =CI7+1 -> 2 | CJ8: =POISSON(CI8,$C$8,FALSE) -> 0.23292099 | CK8: =$CK$5*CJ8 -> 0.1043646 | CL8: =$CL$5*CJ8 -> 0.083784815 | CM8: =$CM$5*CJ8 -> 0.033631591 | CN8: =$CN$5*CJ8 -> 0.0089999116 | CO8: =$CO$5*CJ8 -> 0.0018063019 | CP8: =$CP$5*CJ8 -> 0.00029002299 | CQ8: =IF(CQ2<0.6,"low",IF(CQ2<1.38,"medium","high")) -> medium | CS8: =CS7+1 -> 2.5 | CT8: =SUM(CK6,CL6,CM6,CK7,CK8,CL7) -> 0.64304211 | CU8: =(CV6-CT8) -> 0.35435202 | CW8: remain | CX8: =CW2-CX7 -> 0.47052604 | CY8: =IF(CX9<0.6,"Under",IF(CX9<0.9,"under+",IF(AND(CX8<0.9,CX9>1,CX9<2.9),"under",IF(AND(CX8<1.5,CX9>0.9,CX9<1.75),"under+","over")))) -> over | CZ8: =AVERAGE(CZ6,CZ7,CZ44)+0.666667 -> 3.5000003 | DA8: 1 | DB8: : | DC8: 0 | DD8: =POISSON(DA8,$C$9,FALSE)*POISSON(DC8,$D$9,FALSE)*100 -> #N/A | DE8: =RANK(DD8,$DD$5:$DD$36,0) -> #N/A | DF8: =IF(DE5=3,"draw",IF(DE6=3,"away",IF(DE7=3,"draw 1-1",IF(DE8=3,"home",IF(DE9=3,"away 0-2",IF(DE10=3,"away 1-2",IF(DE11=3,"home 2-1","rountime"))))))) -> #N/A | DG8: =IF(OR(DF8="away",DF8="home",DF8="draw"),"small",IF(OR(DF8="away",DF8="home",DF8="draw",DF8="draw 1-1",DF8="away 0-2"),"under",IF(DF8="rountime","RT",0))) -> #N/A | DH8: =DH7+1 -> 2 | DI8: =POISSON(DH8,$C$9,FALSE) -> #N/A | DJ8: =$DJ$5*DI8 -> #N/A | DK8: =$DK$5*DI8 -> #N/A | DL8: =$DL$5*DI8 -> #N/A | DM8: =$DM$5*DI8 -> #N/A | DN8: =$DN$5*DI8 -> #N/A | DO8: =$DO$5*DI8 -> #N/A | DP8: =IF(DP2<0.6,"low",IF(DP2<1.38,"medium","high")) -> #N/A | DR8: =DR7+1 -> 2.5 | DS8: =SUM(DJ6,DK6,DL6,DJ7,DJ8,DK7) -> #N/A | DT8: =(DU6-DS8) -> #N/A | DV8: remain | DW8: =DV2-DW7 -> #N/A | DX8: =IF(DW9<0.6,"Under",IF(DW9<0.9,"under+",IF(AND(DW8<0.9,DW9>1,DW9<2.9),"under",IF(AND(DW8<1.5,DW9>0.9,DW9<1.75),"under+","over")))) -> #N/A | DY8: =AVERAGE(DY6,DY7,DY44)+0.666667 -> #N/A
B9: =B8+1 -> 5 | C9: =Sheet1!V52 -> #N/A | D9: =Sheet1!W52 -> #N/A | E9: 0 | F9: : | G9: 2 | H9: =POISSON(E9,$C$5,FALSE)*POISSON(G9,$D$5,FALSE)*100 -> 3.8509777 | I9: =RANK(H9,$H$5:$H$36,0) -> 8 | J9: =IF(I5=4,"draw",IF(I6=4,"away",IF(I7=4,"draw 1-1",IF(I8=4,"home",IF(I9=4,"away 0-2",IF(I10=4,"away 1-2",IF(I11=4,"home 2-1","rountime"))))))) -> away | K9: =IF(OR(J9="away",J9="home",J9="draw"),"small",IF(OR(J9="away",J9="home",J9="draw",J9="draw 1-1",J9="away 0-2"),"under",IF(J9="rountime","RT",0))) -> small | L9: =L8+1 -> 3 | M9: =POISSON(L9,$C$5,FALSE) -> 0.10261021 | N9: =$N$5*M9 -> 0.045976422 | O9: =$O$5*M9 -> 0.036910273 | P9: =$P$5*M9 -> 0.014815945 | Q9: =$Q$5*M9 -> 0.00396479 | R9: =$R$5*M9 -> 0.00079574202 | S9: =$S$5*M9 -> 0.00012776573 | T9: =IF(W6>0.38,"u0.5",IF(W7>0.352,"U1.5",IF(W8>0.5885,"u2.5",IF(W9>0.6871,"U3.5",IF(W10>0.6993,"u4.5","Run"))))) -> U1.5 | U9: =IF(X10>0.34,"O4.5",IF(X9>0.6155,"O3.5",IF(X8>0.5063,"O2.5",IF(X7>0.74,"O1.5",IF(X6>0.95,"O0.5","Run"))))) -> Run | V9: =V8+1 -> 3.5 | W9: =SUM(N6,N7,O6,P6,O7,N8,N9,O8,P7,Q6) -> 0.83400357 | X9: =(Y6-W9) -> 0.16339057 | Y9: =(X7/$Y$16)*100 -> 25.025953 | AA9: =AA47 -> 0.39946182 | AD9: 0 | AE9: =AD9+AF9 -> 2 | AF9: 2 | AG9: =POISSON(AD9,$C$6,FALSE)*POISSON(AF9,$D$6,FALSE)*100 -> 2.7993771 | AH9: =RANK(AG9,$AG$5:$AG$36,0) -> 12 | AI9: =IF(AH5=4,"draw",IF(AH6=4,"away",IF(AH7=4,"draw 1-1",IF(AH8=4,"home",IF(AH9=4,"away 0-2",IF(AH10=4,"away 1-2",IF(AH11=4,"home 2-1","rountime"))))))) -> draw 1-1 | AJ9: =IF(OR(AI9="away",AI9="home",AI9="draw"),"small",IF(OR(AI9="away",AI9="home",AI9="draw",AI9="draw 1-1",AI9="away 0-2"),"under",IF(AI9="rountime","RT",0))) -> under | AK9: =AK8+1 -> 3 | AL9: =POISSON(AK9,$C$6,FALSE) -> 0.20004152 | AM9: =$AM$5*AL9 -> 0.020175986 | AN9: =$AN$5*AL9 -> 0.046284355 | AO9: =$AO$5*AL9 -> 0.053088893 | AP9: =$AP$5*AL9 -> 0.04059587 | AQ9: =$AQ$5*AL9 -> 0.023282055 | AR9: =$AR$5*AL9 -> 0.010681955 | AS9: =IF(AV6>0.38,"u0.5",IF(AV7>0.352,"U1.5",IF(AV8>0.5885,"u2.5",IF(AV9>0.6871,"U3.5",IF(AV10>0.6993,"u4.5","Run"))))) -> Run | AT9: =IF(AW10>0.34,"O4.5",IF(AW9>0.6155,"O3.5",IF(AW8>0.5063,"O2.5",IF(AW7>0.74,"O1.5",IF(AW6>0.95,"O0.5","Run"))))) -> O4.5 | AU9: =AU8+1 -> 3.5 | AV9: =SUM(AM6,AM7,AN6,AO6,AN7,AM8,AM9,AN8,AO7,AP6) -> 0.33505194 | AW9: =(AX6-AV9) -> 0.60877688 | AX9: =(AW7/$AX$16)*100 -> 37.50067 | AZ9: =AZ47 -> 4.2467056 | BC9: 0 | BD9: : | BE9: 2 | BF9: =POISSON(BC9,$C$7,FALSE)*POISSON(BE9,$D$7,FALSE)*100 -> 2.7993771 | BG9: =RANK(BF9,$BF$5:$BF$36,0) -> 12 | BH9: =IF(BG5=4,"draw",IF(BG6=4,"away",IF(BG7=4,"draw 1-1",IF(BG8=4,"home",IF(BG9=4,"away 0-2",IF(BG10=4,"away 1-2",IF(BG11=4,"home 2-1","rountime"))))))) -> draw 1-1 | BI9: =IF(OR(BH9="away",BH9="home",BH9="draw"),"small",IF(OR(BH9="away",BH9="home",BH9="draw",BH9="draw 1-1",BH9="away 0-2"),"under",IF(BH9="rountime","RT",0))) -> under | BJ9: =BJ8+1 -> 3 | BK9: =POISSON(BJ9,$C$7,FALSE) -> 0.20004152 | BL9: =$BL$5*BK9 -> 0.020175986 | BM9: =$BM$5*BK9 -> 0.046284355 | BN9: =$BN$5*BK9 -> 0.053088893 | BO9: =$BO$5*BK9 -> 0.04059587 | BP9: =$BP$5*BK9 -> 0.023282055 | BQ9: =$BQ$5*BK9 -> 0.010681955 | BR9: =IF(BU6>0.38,"u0.5",IF(BU7>0.352,"U1.5",IF(BU8>0.5885,"u2.5",IF(BU9>0.6871,"U3.5",IF(BU10>0.6993,"u4.5","Run"))))) -> Run | BS9: =IF(BV10>0.34,"O4.5",IF(BV9>0.6155,"O3.5",IF(BV8>0.5063,"O2.5",IF(BV7>0.74,"O1.5",IF(BV6>0.95,"O0.5","Run"))))) -> O4.5 | BT9: =BT8+1 -> 3.5 | BU9: =SUM(BL6,BL7,BM6,BN6,BM7,BL8,BL9,BM8,BN7,BO6) -> 0.33505194 | BV9: =(BW6-BU9) -> 0.60877688 | BY9: =BY47 -> 4.2467056 | CB9: 0 | CC9: : | CD9: 2 | CE9: =POISSON(CB9,$C$8,FALSE)*POISSON(CD9,$D$8,FALSE)*100 -> 3.8509777 | CF9: =RANK(CE9,$CE$5:$CE$36,0) -> 8 | CG9: =IF(CF5=4,"draw",IF(CF6=4,"away",IF(CF7=4,"draw 1-1",IF(CF8=4,"home",IF(CF9=4,"away 0-2",IF(CF10=4,"away 1-2",IF(CF11=4,"home 2-1","rountime"))))))) -> away | CH9: =IF(OR(CG9="away",CG9="home",CG9="draw"),"small",IF(OR(CG9="away",CG9="home",CG9="draw",CG9="draw 1-1",CG9="away 0-2"),"under",IF(CG9="rountime","RT",0))) -> small | CI9: =CI8+1 -> 3 | CJ9: =POISSON(CI9,$C$8,FALSE) -> 0.10261021 | CK9: =$CK$5*CJ9 -> 0.045976422 | CL9: =$CL$5*CJ9 -> 0.036910273 | CM9: =$CM$5*CJ9 -> 0.014815945 | CN9: =$CN$5*CJ9 -> 0.00396479 | CO9: =$CO$5*CJ9 -> 0.00079574202 | CP9: =$CP$5*CJ9 -> 0.00012776573 | CQ9: =IF(CT6>0.38,"u0.5",IF(CT7>0.352,"U1.5",IF(CT8>0.5885,"u2.5",IF(CT9>0.6871,"U3.5",IF(CT10>0.6993,"u4.5","Run"))))) -> U1.5 | CR9: =IF(CU10>0.34,"O4.5",IF(CU9>0.6155,"O3.5",IF(CU8>0.5063,"O2.5",IF(CU7>0.74,"O1.5",IF(CU6>0.95,"O0.5","Run"))))) -> Run | CS9: =CS8+1 -> 3.5 | CT9: =SUM(CK6,CK7,CL6,CM6,CL7,CK8,CK9,CL8,CM7,CN6) -> 0.83400357 | CU9: =(CV6-CT9) -> 0.16339057 | CX9: =CX47 -> 4.2148055 | DA9: 0 | DB9: : | DC9: 2 | DD9: =POISSON(DA9,$C$9,FALSE)*POISSON(DC9,$D$9,FALSE)*100 -> #N/A | DE9: =RANK(DD9,$DD$5:$DD$36,0) -> #N/A | DF9: =IF(DE5=4,"draw",IF(DE6=4,"away",IF(DE7=4,"draw 1-1",IF(DE8=4,"home",IF(DE9=4,"away 0-2",IF(DE10=4,"away 1-2",IF(DE11=4,"home 2-1","rountime"))))))) -> #N/A | DG9: =IF(OR(DF9="away",DF9="home",DF9="draw"),"small",IF(OR(DF9="away",DF9="home",DF9="draw",DF9="draw 1-1",DF9="away 0-2"),"under",IF(DF9="rountime","RT",0))) -> #N/A | DH9: =DH8+1 -> 3 | DI9: =POISSON(DH9,$C$9,FALSE) -> #N/A | DJ9: =$DJ$5*DI9 -> #N/A | DK9: =$DK$5*DI9 -> #N/A | DL9: =$DL$5*DI9 -> #N/A | DM9: =$DM$5*DI9 -> #N/A | DN9: =$DN$5*DI9 -> #N/A | DO9: =$DO$5*DI9 -> #N/A | DP9: =IF(DS6>0.38,"u0.5",IF(DS7>0.352,"U1.5",IF(DS8>0.5885,"u2.5",IF(DS9>0.6871,"U3.5",IF(DS10>0.6993,"u4.5","Run"))))) -> #N/A | DQ9: =IF(DT10>0.34,"O4.5",IF(DT9>0.6155,"O3.5",IF(DT8>0.5063,"O2.5",IF(DT7>0.74,"O1.5",IF(DT6>0.95,"O0.5","Run"))))) -> #N/A | DR9: =DR8+1 -> 3.5 | DS9: =SUM(DJ6,DJ7,DK6,DL6,DK7,DJ8,DJ9,DK8,DL7,DM6) -> #N/A | DT9: =(DU6-DS9) -> #N/A | DW9: =DW47 -> #N/A
C10: avrrage | D10: =Sheet1!E45 -> 1.3668 | E10: 1 | F10: : | G10: 2 | H10: =POISSON(E10,$C$5,FALSE)*POISSON(G10,$D$5,FALSE)*100 -> 5.0894893 | I10: =RANK(H10,$H$5:$H$36,0) -> 6 | J10: =IF(J6="draw",1,IF(J6="draw 1-1",1,IF(J6="home",2,IF(J6="home 2-1",2,IF(J6="away",3,IF(J6="away 1-2",3,IF(J6="away 0-2",3,0))))))) -> 2 | K10: =COUNTIF(K6:K9,"small") -> 3 | L10: =L9+1 -> 4 | M10: =POISSON(L10,$C$5,FALSE) -> 0.033902661 | N10: =$N$5*M10 -> 0.015190721 | O10: =$O$5*M10 -> 0.012195243 | P10: =$P$5*M10 -> 0.004895224 | Q10: =$Q$5*M10 -> 0.0013099762 | R10: =$R$5*M10 -> 0.00026291508 | S10: =$S$5*M10 -> 4.2214105e-05 | T10: =IF(W6>0.4,"u0.5",IF(W7>0.52,"U1.5",IF(W8>0.721,"u2.5",IF(W9>0.79775,"U3.5",IF(W10>0.8165,"u4.5","Run"))))) -> U3.5 | U10: =IF(X10>0.55,"O4.5",IF(X9>0.69775,"O3.5",IF(X8>0.7,"O2.5",IF(X7>0.79,"O1.5",IF(X6>0.92,"O0.5","Run"))))) -> Run | V10: =V9+1 -> 4.5 | W10: =SUM(N6,N7,O6,P6,O7,N8,N9,O8,P7,Q6,R6,Q7,P8,O9,N10) -> 0.93542408 | X10: =(Y6-W10) -> 0.061970057 | Y10: =(X8/$Y$16)*100 -> 14.211113 | Z10: =Y8-U13 -> 30.414826 | AA10: =IF(Z10<0,1,0) -> 0 | AD10: 1 | AE10: =AD10+AF10 -> 3 | AF10: 2 | AG10: =POISSON(AD10,$C$6,FALSE)*POISSON(AF10,$D$6,FALSE)*100 -> 6.2964039 | AH10: =RANK(AG10,$AG$5:$AG$36,0) -> 2 | AI10: =IF(AI6="draw",1,IF(AI6="draw 1-1",1,IF(AI6="home",2,IF(AI6="home 2-1",2,IF(AI6="away",3,IF(AI6="away 1-2",3,IF(AI6="away 0-2",3,0))))))) -> 0 | AJ10: =COUNTIF(AJ6:AJ9,"small") -> 0 | AK10: =AK9+1 -> 4 | AL10: =POISSON(AK10,$C$6,FALSE) -> 0.11248415 | AM10: =$AM$5*AL10 -> 0.011345038 | AN10: =$AN$5*AL10 -> 0.026025878 | AO10: =$AO$5*AL10 -> 0.029852097 | AP10: =$AP$5*AL10 -> 0.02282722 | AQ10: =$AQ$5*AL10 -> 0.013091593 | AR10: =$AR$5*AL10 -> 0.0060065062 | AS10: =IF(AV6>0.4,"u0.5",IF(AV7>0.52,"U1.5",IF(AV8>0.721,"u2.5",IF(AV9>0.79775,"U3.5",IF(AV10>0.8165,"u4.5","Run"))))) -> Run | AT10: =IF(AW10>0.55,"O4.5",IF(AW9>0.69775,"O3.5",IF(AW8>0.7,"O2.5",IF(AW7>0.79,"O1.5",IF(AW6>0.92,"O0.5","Run"))))) -> O2.5 | AU10: =AU9+1 -> 4.5 | AV10: =SUM(AM6,AM7,AN6,AO6,AN7,AM8,AM9,AN8,AO7,AP6,AQ6,AP7,AO8,AN9,AM10) -> 0.52391499 | AW10: =(AX6-AV10) -> 0.41991383 | AX10: =(AW8/$AX$16)*100 -> 32.847359 | AY10: =AX8-AT13 -> 39.098244 | AZ10: =IF(AY10<0,1,0) -> 0 | BC10: 1 | BD10: : | BE10: 2 | BF10: =POISSON(BC10,$C$7,FALSE)*POISSON(BE10,$D$7,FALSE)*100 -> 6.2964039 | BG10: =RANK(BF10,$BF$5:$BF$36,0) -> 2 | BH10: =IF(BH6="draw",1,IF(BH6="draw 1-1",1,IF(BH6="home",2,IF(BH6="home 2-1",2,IF(BH6="away",3,IF(BH6="away 1-2",3,IF(BH6="away 0-2",3,0))))))) -> 0 | BI10: =COUNTIF(BI6:BI9,"small") -> 0 | BJ10: =BJ9+1 -> 4 | BK10: =POISSON(BJ10,$C$7,FALSE) -> 0.11248415 | BL10: =$BL$5*BK10 -> 0.011345038 | BM10: =$BM$5*BK10 -> 0.026025878 | BN10: =$BN$5*BK10 -> 0.029852097 | BO10: =$BO$5*BK10 -> 0.02282722 | BP10: =$BP$5*BK10 -> 0.013091593 | BQ10: =$BQ$5*BK10 -> 0.0060065062 | BR10: =IF(BU6>0.4,"u0.5",IF(BU7>0.52,"U1.5",IF(BU8>0.721,"u2.5",IF(BU9>0.79775,"U3.5",IF(BU10>0.8165,"u4.5","Run"))))) -> Run | BS10: =IF(BV10>0.55,"O4.5",IF(BV9>0.69775,"O3.5",IF(BV8>0.7,"O2.5",IF(BV7>0.79,"O1.5",IF(BV6>0.92,"O0.5","Run"))))) -> O2.5 | BT10: =BT9+1 -> 4.5 | BU10: =SUM(BL6,BL7,BM6,BN6,BM7,BL8,BL9,BM8,BN7,BO6,BP6,BO7,BN8,BM9,BL10) -> 0.52391499 | BV10: =(BW6-BU10) -> 0.41991383 | CB10: 1 | CC10: : | CD10: 2 | CE10: =POISSON(CB10,$C$8,FALSE)*POISSON(CD10,$D$8,FALSE)*100 -> 5.0894893 | CF10: =RANK(CE10,$CE$5:$CE$36,0) -> 6 | CG10: =IF(CG6="draw",1,IF(CG6="draw 1-1",1,IF(CG6="home",2,IF(CG6="home 2-1",2,IF(CG6="away",3,IF(CG6="away 1-2",3,IF(CG6="away 0-2",3,0))))))) -> 2 | CH10: =COUNTIF(CH6:CH9,"small") -> 3 | CI10: =CI9+1 -> 4 | CJ10: =POISSON(CI10,$C$8,FALSE) -> 0.033902661 | CK10: =$CK$5*CJ10 -> 0.015190721 | CL10: =$CL$5*CJ10 -> 0.012195243 | CM10: =$CM$5*CJ10 -> 0.004895224 | CN10: =$CN$5*CJ10 -> 0.0013099762 | CO10: =$CO$5*CJ10 -> 0.00026291508 | CP10: =$CP$5*CJ10 -> 4.2214105e-05 | CQ10: =IF(CT6>0.4,"u0.5",IF(CT7>0.52,"U1.5",IF(CT8>0.721,"u2.5",IF(CT9>0.79775,"U3.5",IF(CT10>0.8165,"u4.5","Run"))))) -> U3.5 | CR10: =IF(CU10>0.55,"O4.5",IF(CU9>0.69775,"O3.5",IF(CU8>0.7,"O2.5",IF(CU7>0.79,"O1.5",IF(CU6>0.92,"O0.5","Run"))))) -> Run | CS10: =CS9+1 -> 4.5 | CT10: =SUM(CK6,CK7,CL6,CM6,CL7,CK8,CK9,CL8,CM7,CN6,CO6,CN7,CM8,CL9,CK10) -> 0.93542408 | CU10: =(CV6-CT10) -> 0.061970057 | DA10: 1 | DB10: : | DC10: 2 | DD10: =POISSON(DA10,$C$9,FALSE)*POISSON(DC10,$D$9,FALSE)*100 -> #N/A | DE10: =RANK(DD10,$DD$5:$DD$36,0) -> #N/A | DF10: =IF(DF6="draw",1,IF(DF6="draw 1-1",1,IF(DF6="home",2,IF(DF6="home 2-1",2,IF(DF6="away",3,IF(DF6="away 1-2",3,IF(DF6="away 0-2",3,0))))))) -> #N/A | DG10: =COUNTIF(DG6:DG9,"small") -> 0 | DH10: =DH9+1 -> 4 | DI10: =POISSON(DH10,$C$9,FALSE) -> #N/A | DJ10: =$DJ$5*DI10 -> #N/A | DK10: =$DK$5*DI10 -> #N/A | DL10: =$DL$5*DI10 -> #N/A | DM10: =$DM$5*DI10 -> #N/A | DN10: =$DN$5*DI10 -> #N/A | DO10: =$DO$5*DI10 -> #N/A | DP10: =IF(DS6>0.4,"u0.5",IF(DS7>0.52,"U1.5",IF(DS8>0.721,"u2.5",IF(DS9>0.79775,"U3.5",IF(DS10>0.8165,"u4.5","Run"))))) -> #N/A | DQ10: =IF(DT10>0.55,"O4.5",IF(DT9>0.69775,"O3.5",IF(DT8>0.7,"O2.5",IF(DT7>0.79,"O1.5",IF(DT6>0.92,"O0.5","Run"))))) -> #N/A | DR10: =DR9+1 -> 4.5 | DS10: =SUM(DJ6,DJ7,DK6,DL6,DK7,DJ8,DJ9,DK8,DL7,DM6,DN6,DM7,DL8,DK9,DJ10) -> #N/A | DT10: =(DU6-DS10) -> #N/A
D11: =IF(D10>1.28,"High scoring league",IF(D10<1.1,"low scoring","medium")) -> High scoring league | E11: 2 | F11: : | G11: 1 | H11: =POISSON(E11,$C$5,FALSE)*POISSON(G11,$D$5,FALSE)*100 -> 8.3784815 | I11: =RANK(H11,$H$5:$H$36,0) -> 5 | J11: =IF(J7="draw",1,IF(J7="draw 1-1",1,IF(J7="home",2,IF(J7="home 2-1",2,IF(J7="away",3,IF(J7="away 1-2",3,IF(J7="away 0-2",3,0))))))) -> 1 | K11: =COUNTIF(K6:K9,"under") -> 1 | L11: =L10+1 -> 5 | M11: =POISSON(L11,$C$5,FALSE) -> 0.0089612167 | N11: =$N$5*M11 -> 0.0040152406 | O11: =$O$5*M11 -> 0.0032234703 | P11: =$P$5*M11 -> 0.001293915 | Q11: =$Q$5*M11 -> 0.00034625543 | R11: =$R$5*M11 -> 6.9494222e-05 | S11: =$S$5*M11 -> 1.1158114e-05 | V11: decision | W11: =IF(W6>0.46,"u0.5",IF(W7>0.688,"U1.5",IF(W8>0.855,"u2.5",IF(W9>0.908,"U3.5",IF(W10>0.93,"u4.5","Run"))))) -> u4.5 | X11: =IF(X10>0.77,"O4.5",IF(X9>0.79,"O3.5",IF(X8>0.84,"O2.5",IF(X7>0.855,"O1.5",IF(X6>0.88,"O0.5","Run"))))) -> Run | Y11: =(X9/$Y$16)*100 -> 6.5526981 | Z11: =Y9-U14 -> 10.051907 | AA11: =IF(Z11<0,1,0) -> 0 | AD11: 2 | AE11: =AD11+AF11 -> 3 | AF11: 1 | AG11: =POISSON(AD11,$C$6,FALSE)*POISSON(AF11,$D$6,FALSE)*100 -> 6.1733984 | AH11: =RANK(AG11,$AG$5:$AG$36,0) -> 3 | AI11: =IF(AI7="draw",1,IF(AI7="draw 1-1",1,IF(AI7="home",2,IF(AI7="home 2-1",2,IF(AI7="away",3,IF(AI7="away 1-2",3,IF(AI7="away 0-2",3,0))))))) -> 3 | AJ11: =COUNTIF(AJ6:AJ9,"under") -> 1 | AK11: =AK10+1 -> 5 | AL11: =POISSON(AK11,$C$6,FALSE) -> 0.05060023 | AM11: =$AM$5*AL11 -> 0.0051034882 | AN11: =$AN$5*AL11 -> 0.011707565 | AO11: =$AO$5*AL11 -> 0.013428763 | AP11: =$AP$5*AL11 -> 0.01026867 | AQ11: =$AQ$5*AL11 -> 0.005889164 | AR11: =$AR$5*AL11 -> 0.002701986 | AU11: decision | AV11: =IF(AV6>0.46,"u0.5",IF(AV7>0.688,"U1.5",IF(AV8>0.855,"u2.5",IF(AV9>0.908,"U3.5",IF(AV10>0.93,"u4.5","Run"))))) -> Run | AW11: =IF(AW10>0.77,"O4.5",IF(AW9>0.79,"O3.5",IF(AW8>0.84,"O2.5",IF(AW7>0.855,"O1.5",IF(AW6>0.88,"O0.5","Run"))))) -> O1.5 | AX11: =(AW9/$AX$16)*100 -> 25.800309 | AY11: =AX9-AT14 -> 35.00134 | AZ11: =IF(AY11<0,1,0) -> 0 | BC11: 2 | BD11: : | BE11: 1 | BF11: =POISSON(BC11,$C$7,FALSE)*POISSON(BE11,$D$7,FALSE)*100 -> 6.1733984 | BG11: =RANK(BF11,$BF$5:$BF$36,0) -> 3 | BH11: =IF(BH7="draw",1,IF(BH7="draw 1-1",1,IF(BH7="home",2,IF(BH7="home 2-1",2,IF(BH7="away",3,IF(BH7="away 1-2",3,IF(BH7="away 0-2",3,0))))))) -> 3 | BI11: =COUNTIF(BI6:BI9,"under") -> 1 | BJ11: =BJ10+1 -> 5 | BK11: =POISSON(BJ11,$C$7,FALSE) -> 0.05060023 | BL11: =$BL$5*BK11 -> 0.0051034882 | BM11: =$BM$5*BK11 -> 0.011707565 | BN11: =$BN$5*BK11 -> 0.013428763 | BO11: =$BO$5*BK11 -> 0.01026867 | BP11: =$BP$5*BK11 -> 0.005889164 | BQ11: =$BQ$5*BK11 -> 0.002701986 | BT11: decision | BU11: =IF(BU6>0.46,"u0.5",IF(BU7>0.688,"U1.5",IF(BU8>0.855,"u2.5",IF(BU9>0.908,"U3.5",IF(BU10>0.93,"u4.5","Run"))))) -> Run | BV11: =IF(BV10>0.77,"O4.5",IF(BV9>0.79,"O3.5",IF(BV8>0.84,"O2.5",IF(BV7>0.855,"O1.5",IF(BV6>0.88,"O0.5","Run"))))) -> O1.5 | CB11: 2 | CC11: : | CD11: 1 | CE11: =POISSON(CB11,$C$8,FALSE)*POISSON(CD11,$D$8,FALSE)*100 -> 8.3784815 | CF11: =RANK(CE11,$CE$5:$CE$36,0) -> 5 | CG11: =IF(CG7="draw",1,IF(CG7="draw 1-1",1,IF(CG7="home",2,IF(CG7="home 2-1",2,IF(CG7="away",3,IF(CG7="away 1-2",3,IF(CG7="away 0-2",3,0))))))) -> 1 | CH11: =COUNTIF(CH6:CH9,"under") -> 1 | CI11: =CI10+1 -> 5 | CJ11: =POISSON(CI11,$C$8,FALSE) -> 0.0089612167 | CK11: =$CK$5*CJ11 -> 0.0040152406 | CL11: =$CL$5*CJ11 -> 0.0032234703 | CM11: =$CM$5*CJ11 -> 0.001293915 | CN11: =$CN$5*CJ11 -> 0.00034625543 | CO11: =$CO$5*CJ11 -> 6.9494222e-05 | CP11: =$CP$5*CJ11 -> 1.1158114e-05 | CS11: decision | CT11: =IF(CT6>0.46,"u0.5",IF(CT7>0.688,"U1.5",IF(CT8>0.855,"u2.5",IF(CT9>0.908,"U3.5",IF(CT10>0.93,"u4.5","Run"))))) -> u4.5 | CU11: =IF(CU10>0.77,"O4.5",IF(CU9>0.79,"O3.5",IF(CU8>0.84,"O2.5",IF(CU7>0.855,"O1.5",IF(CU6>0.88,"O0.5","Run"))))) -> Run | DA11: 2 | DB11: : | DC11: 1 | DD11: =POISSON(DA11,$C$9,FALSE)*POISSON(DC11,$D$9,FALSE)*100 -> #N/A | DE11: =RANK(DD11,$DD$5:$DD$36,0) -> #N/A | DF11: =IF(DF7="draw",1,IF(DF7="draw 1-1",1,IF(DF7="home",2,IF(DF7="home 2-1",2,IF(DF7="away",3,IF(DF7="away 1-2",3,IF(DF7="away 0-2",3,0))))))) -> #N/A | DG11: =COUNTIF(DG6:DG9,"under") -> 0 | DH11: =DH10+1 -> 5 | DI11: =POISSON(DH11,$C$9,FALSE) -> #N/A | DJ11: =$DJ$5*DI11 -> #N/A | DK11: =$DK$5*DI11 -> #N/A | DL11: =$DL$5*DI11 -> #N/A | DM11: =$DM$5*DI11 -> #N/A | DN11: =$DN$5*DI11 -> #N/A | DO11: =$DO$5*DI11 -> #N/A | DR11: decision | DS11: =IF(DS6>0.46,"u0.5",IF(DS7>0.688,"U1.5",IF(DS8>0.855,"u2.5",IF(DS9>0.908,"U3.5",IF(DS10>0.93,"u4.5","Run"))))) -> #N/A | DT11: =IF(DT10>0.77,"O4.5",IF(DT9>0.79,"O3.5",IF(DT8>0.84,"O2.5",IF(DT7>0.855,"O1.5",IF(DT6>0.88,"O0.5","Run"))))) -> #N/A
E12: 1 | F12: : | G12: 3 | H12: =POISSON(E12,$C$5,FALSE)*POISSON(G12,$D$5,FALSE)*100 -> 1.3619622 | I12: =RANK(H12,$H$5:$H$36,0) -> 13 | J12: =IF(J8="draw",1,IF(J8="draw 1-1",1,IF(J8="home",2,IF(J8="home 2-1",2,IF(J8="away",3,IF(J8="away 1-2",3,IF(J8="away 0-2",3,0))))))) -> 1 | K12: =COUNTIF(K6:K9,"0") -> 0 | M12: =IF(N12>0.9,"waw1",IF(N12>0.85,"waw",IF(N12>0.74,"high",IF(N12>0.64,"medium",IF(N12>0.54,"low",IF(N12<0,"win","off")))))) -> off | N12: =CORREL(N6:S11,N44:S49) -> 0.30856062 | O12: =IF(AND(M12="waw1",M13>0.8,OR(H39="high1",H39="high"),N13>0.489),"all met",IF(AND(M12="high",M13>0.8,N13>0.49,OR(H39="high",H39="high1")),"met","check")) -> check | P12: =SUM(N6:S11) -> 0.99739414 | Q12: =SUM(N8:O11,N7,P9,P10,P11,Q10,Q11,R11)*100 -> 48.632719 | T12: =SUM(N6,O7,P8,Q9,R10,S11)*100 -> 28.416498 | W12: YES | X12: NO | Y12: =(X10/$Y$16)*100 -> 2.4852786 | Z12: =Y10-U15 -> -11.577774 | AA12: =IF(Z12<0,1,0) -> 1 | AD12: 1 | AE12: =AD12+AF12 -> 4 | AF12: 3 | AG12: =POISSON(AD12,$C$6,FALSE)*POISSON(AF12,$D$6,FALSE)*100 -> 4.814717 | AH12: =RANK(AG12,$AG$5:$AG$36,0) -> 7 | AI12: =IF(AI8="draw",1,IF(AI8="draw 1-1",1,IF(AI8="home",2,IF(AI8="home 2-1",2,IF(AI8="away",3,IF(AI8="away 1-2",3,IF(AI8="away 0-2",3,0))))))) -> 2 | AJ12: =COUNTIF(AJ6:AJ9,"0") -> 2 | AL12: =IF(AM12>0.9,"waw1",IF(AM12>0.85,"waw",IF(AM12>0.74,"high",IF(AM12>0.64,"medium",IF(AM12>0.54,"low",IF(AM12<0,"win","off")))))) -> off | AM12: =CORREL(AM6:AR11,AM44:AR49) -> 0.3080349 | AN12: =IF(AND(AL12="waw1",AL13>0.8,OR(AG39="high1",AG39="high"),AM13>0.489),"all met",IF(AND(AL12="high",AL13>0.8,AM13>0.49,OR(AG39="high",AG39="high1")),"met","check")) -> check | AP12: =SUM(AM8:AN11,AM7,AO9,AO10,AO11,AP10,AP11,AQ11)*100 -> 36.857074 | AS12: =SUM(AM6,AN7,AO8,AP9,AQ10,AR11)*100 -> 19.273189 | AV12: YES | AW12: NO | AX12: =(AW10/$AX$16)*100 -> 17.796186 | AY12: =AX10-AT15 -> 25.694717 | AZ12: =IF(AY12<0,1,0) -> 0 | BC12: 1 | BD12: : | BE12: 3 | BF12: =POISSON(BC12,$C$7,FALSE)*POISSON(BE12,$D$7,FALSE)*100 -> 4.814717 | BG12: =RANK(BF12,$BF$5:$BF$36,0) -> 7 | BH12: =IF(BH8="draw",1,IF(BH8="draw 1-1",1,IF(BH8="home",2,IF(BH8="home 2-1",2,IF(BH8="away",3,IF(BH8="away 1-2",3,IF(BH8="away 0-2",3,0))))))) -> 2 | BI12: =COUNTIF(BI6:BI9,"0") -> 2 | BK12: =IF(BL12>0.9,"waw1",IF(BL12>0.85,"waw",IF(BL12>0.74,"high",IF(BL12>0.64,"medium",IF(BL12>0.54,"low",IF(BL12<0,"win","off")))))) -> off | BL12: =CORREL(BL6:BQ11,BL44:BQ49) -> 0.3080349 | BM12: =IF(AND(BK12="waw1",BK13>0.8,OR(BF39="high1",BF39="high"),BL13>0.489),"all met",IF(AND(BK12="high",BK13>0.8,BL13>0.49,OR(BF39="high",BF39="high1")),"met","check")) -> check | BO12: =SUM(BL8:BM11,BL7,BN9,BN10,BN11,BO10,BO11,BP11)*100 -> 36.857074 | BR12: =SUM(BL6,BM7,BN8,BO9,BP10,BQ11)*100 -> 19.273189 | BU12: YES | BV12: NO | CB12: 1 | CC12: : | CD12: 3 | CE12: =POISSON(CB12,$C$8,FALSE)*POISSON(CD12,$D$8,FALSE)*100 -> 1.3619622 | CF12: =RANK(CE12,$CE$5:$CE$36,0) -> 13 | CG12: =IF(CG8="draw",1,IF(CG8="draw 1-1",1,IF(CG8="home",2,IF(CG8="home 2-1",2,IF(CG8="away",3,IF(CG8="away 1-2",3,IF(CG8="away 0-2",3,0))))))) -> 1 | CH12: =COUNTIF(CH6:CH9,"0") -> 0 | CJ12: =IF(CK12>0.9,"waw1",IF(CK12>0.85,"waw",IF(CK12>0.74,"high",IF(CK12>0.64,"medium",IF(CK12>0.54,"low",IF(CK12<0,"win","off")))))) -> off | CK12: =CORREL(CK6:CP11,CK44:CP49) -> 0.30856062 | CL12: =IF(AND(CJ12="waw1",CJ13>0.8,OR(CE39="high1",CE39="high"),CK13>0.489),"all met",IF(AND(CJ12="high",CJ13>0.8,CK13>0.49,OR(CE39="high",CE39="high1")),"met","check")) -> check | CN12: =SUM(CK8:CL11,CK7,CM9,CM10,CM11,CN10,CN11,CO11)*100 -> 48.632719 | CQ12: =SUM(CK6,CL7,CM8,CN9,CO10,CP11)*100 -> 28.416498 | CT12: YES | CU12: NO | DA12: 1 | DB12: : | DC12: 3 | DD12: =POISSON(DA12,$C$9,FALSE)*POISSON(DC12,$D$9,FALSE)*100 -> #N/A | DE12: =RANK(DD12,$DD$5:$DD$36,0) -> #N/A | DF12: =IF(DF8="draw",1,IF(DF8="draw 1-1",1,IF(DF8="home",2,IF(DF8="home 2-1",2,IF(DF8="away",3,IF(DF8="away 1-2",3,IF(DF8="away 0-2",3,0))))))) -> #N/A | DG12: =COUNTIF(DG6:DG9,"0") -> 0 | DI12: =IF(DJ12>0.9,"waw1",IF(DJ12>0.85,"waw",IF(DJ12>0.74,"high",IF(DJ12>0.64,"medium",IF(DJ12>0.54,"low",IF(DJ12<0,"win","off")))))) -> #N/A | DJ12: =CORREL(DJ6:DO11,DJ44:DO49) -> #N/A | DK12: =IF(AND(DI12="waw1",DI13>0.8,OR(DD39="high1",DD39="high"),DJ13>0.489),"all met",IF(AND(DI12="high",DI13>0.8,DJ13>0.49,OR(DD39="high",DD39="high1")),"met","check")) -> #N/A | DM12: =SUM(DJ8:DK11,DJ7,DL9,DL10,DL11,DM10,DM11,DN11)*100 -> #N/A | DP12: =SUM(DJ6,DK7,DL8,DM9,DN10,DO11)*100 -> #N/A | DS12: YES | DT12: NO
C13: home | D13: away | E13: 2 | F13: : | G13: 2 | H13: =POISSON(E13,$C$5,FALSE)*POISSON(G13,$D$5,FALSE)*100 -> 3.3631591 | I13: =RANK(H13,$H$5:$H$36,0) -> 10 | J13: =IF(J9="draw",1,IF(J9="draw 1-1",1,IF(J9="home",2,IF(J9="home 2-1",2,IF(J9="away",3,IF(J9="away 1-2",3,IF(J9="away 0-2",3,0))))))) -> 3 | K13: =COUNTIF(K6:K9,"rt") -> 0 | M13: =CORREL(M6:M11,N5:S5) -> 0.88485057 | N13: =TTEST(N6:S11,N44:S49,1,2) -> 0.42558307 | O13: =ABS(M13-N12) -> 0.57628995 | P13: decision | Q13: =IF(Q12>75,"1",IF(Q12>54,"1X",IF(Q12>49,"Hadicap 2H",IF(T6>75,"2",IF(T6>54,"X2",IF(T6>49,"Handiap 2A",IF(T12>75,"X",IF(T12>60,"likely X",IF(T12<13,"12","don’t choose"))))))))) -> don’t choose | R13: =IF(AND(Q13="don’t choose",Q51="don’t choose"),"+1","") -> +1 | U13: =(W6/$Y$16)*100 -> 4.7925869 | V13: BTS | W13: =SUM(O7:S11) -> 0.40325599 | X13: =SUM(N6:S6,N7:N11) -> 0.59413814 | Z13: =Y11-U16 -> -26.894604 | AA13: =IF(Z13<0,1,0) -> 1 | AD13: 2 | AE13: =AD13+AF13 -> 4 | AF13: 2 | AG13: =POISSON(AD13,$C$6,FALSE)*POISSON(AF13,$D$6,FALSE)*100 -> 7.0809862 | AH13: =RANK(AG13,$AG$5:$AG$36,0) -> 1 | AI13: =IF(AI9="draw",1,IF(AI9="draw 1-1",1,IF(AI9="home",2,IF(AI9="home 2-1",2,IF(AI9="away",3,IF(AI9="away 1-2",3,IF(AI9="away 0-2",3,0))))))) -> 1 | AJ13: =COUNTIF(AJ6:AJ9,"rt") -> 1 | AL13: =CORREL(AL6:AL11,AM5:AR5) -> 0.99893665 | AM13: =TTEST(AM6:AR11,AM44:AR49,1,2) -> 0.4247042 | AN13: =ABS(AL13-AM12) -> 0.69090175 | AO13: decision | AP13: =IF(AP12>75,"1",IF(AP12>54,"1X",IF(AP12>49,"Hadicap 2H",IF(AS6>75,"2",IF(AS6>54,"X2",IF(AS6>49,"Handiap 2A",IF(AS12>75,"X",IF(AS12>60,"likely X",IF(AS12<13,"12","don’t choose"))))))))) -> don’t choose | AT13: =(AV6/$AX$16)*100 -> 0.45087823 | AU13: BTS | AV13: =SUM(AN7:AR11) -> 0.75401094 | AW13: =SUM(AM6:AR6,AM7:AM11) -> 0.18981789 | AY13: =AX11-AT16 -> 11.600618 | AZ13: =IF(AY13<0,1,0) -> 0 | BC13: 2 | BD13: : | BE13: 2 | BF13: =POISSON(BC13,$C$7,FALSE)*POISSON(BE13,$D$7,FALSE)*100 -> 7.0809862 | BG13: =RANK(BF13,$BF$5:$BF$36,0) -> 1 | BH13: =IF(BH9="draw",1,IF(BH9="draw 1-1",1,IF(BH9="home",2,IF(BH9="home 2-1",2,IF(BH9="away",3,IF(BH9="away 1-2",3,IF(BH9="away 0-2",3,0))))))) -> 1 | BI13: =COUNTIF(BI6:BI9,"rt") -> 1 | BK13: =CORREL(BK6:BK11,BL5:BQ5) -> 0.99893665 | BL13: =TTEST(BL6:BQ11,BL44:BQ49,1,2) -> 0.4247042 | BM13: =ABS(BK13-BL12) -> 0.69090175 | BN13: decision | BO13: =IF(BO12>75,"1",IF(BO12>54,"1X",IF(BO12>49,"Hadicap 2H",IF(BR6>75,"2",IF(BR6>54,"X2",IF(BR6>49,"Handiap 2A",IF(BR12>75,"X",IF(BR12>60,"likely X",IF(BR12<13,"12","don’t choose"))))))))) -> don’t choose | BT13: BTS | BU13: =SUM(BM7:BQ11) -> 0.75401094 | BV13: =SUM(BL6:BQ6,BL7:BL11) -> 0.18981789 | CB13: 2 | CC13: : | CD13: 2 | CE13: =POISSON(CB13,$C$8,FALSE)*POISSON(CD13,$D$8,FALSE)*100 -> 3.3631591 | CF13: =RANK(CE13,$CE$5:$CE$36,0) -> 10 | CG13: =IF(CG9="draw",1,IF(CG9="draw 1-1",1,IF(CG9="home",2,IF(CG9="home 2-1",2,IF(CG9="away",3,IF(CG9="away 1-2",3,IF(CG9="away 0-2",3,0))))))) -> 3 | CH13: =COUNTIF(CH6:CH9,"rt") -> 0 | CJ13: 0.85794109 | CK13: =TTEST(CK6:CP11,CK44:CP49,1,2) -> 0.42558307 | CL13: =ABS(CJ13-CK12) -> 0.54938047 | CM13: decision | CN13: =IF(CN12>75,"1",IF(CN12>54,"1X",IF(CN12>49,"Hadicap 2H",IF(CQ6>75,"2",IF(CQ6>54,"X2",IF(CQ6>49,"Handiap 2A",IF(CQ12>75,"X",IF(CQ12>60,"likely X",IF(CQ12<13,"12","don’t choose"))))))))) -> don’t choose | CS13: BTS | CT13: =SUM(CL7:CP11) -> 0.40325599 | CU13: =SUM(CK6:CP6,CK7:CK11) -> 0.59413814 | DA13: 2 | DB13: : | DC13: 2 | DD13: =POISSON(DA13,$C$9,FALSE)*POISSON(DC13,$D$9,FALSE)*100 -> #N/A | DE13: =RANK(DD13,$DD$5:$DD$36,0) -> #N/A | DF13: =IF(DF9="draw",1,IF(DF9="draw 1-1",1,IF(DF9="home",2,IF(DF9="home 2-1",2,IF(DF9="away",3,IF(DF9="away 1-2",3,IF(DF9="away 0-2",3,0))))))) -> #N/A | DG13: =COUNTIF(DG6:DG9,"rt") -> 0 | DJ13: =TTEST(DJ6:DO11,DJ44:DO49,1,2) -> #N/A | DK13: =ABS(DI13-DJ12) -> #N/A | DL13: decision | DM13: =IF(DM12>75,"1",IF(DM12>54,"1X",IF(DM12>49,"Hadicap 2H",IF(DP6>75,"2",IF(DP6>54,"X2",IF(DP6>49,"Handiap 2A",IF(DP12>75,"X",IF(DP12>60,"likely X",IF(DP12<13,"12","don’t choose"))))))))) -> #N/A | DR13: BTS | DS13: =SUM(DK7:DO11) -> #N/A | DT13: =SUM(DJ6:DO6,DJ7:DJ11) -> #N/A
C14: =Sheet1!G59 -> 2.2180581 | D14: =Sheet1!F59 -> 2.3120478 | E14: 3 | F14: : | G14: 1 | H14: =POISSON(E14,$C$5,FALSE)*POISSON(G14,$D$5,FALSE)*100 -> 3.6910273 | I14: =RANK(H14,$H$5:$H$36,0) -> 9 | J14: =SUM(J10:J13) -> 7 | K14: =IF(K13>0,"Rt",IF(K10>3,"u2.5",IF(AND(K10>2,K11>0),"u2.5",IF(AND(K11>K10,K11>K12),"u3.5",IF(AND(K12>K11,K12>K10),"o2.5","u4.5"))))) -> u2.5 | L14: =Q12/M15 -> 48.75978 | M14: =T12/M15 -> 28.490741 | N14: =T6/M15 -> 22.749478 | O14: =IF(AND(O12="all met",O13<0.7),"all met","not met") -> not met | Q14: =SUM(N6:N11,O7:O11,P8:P11,Q9:Q11,R10:R11,S11) -> 0.77049217 | R14: =SUM(S6:S11,R6:R10,Q6:Q9,P6:P8,O6:O7,N6) -> 0.51106695 | S14: =SUM(Q14,R14) -> 1.2815591 | U14: =(W7/$Y$16)*100 -> 14.974047 | V14: decision | W14: =IF(X13>0.8,"NO GG",IF(W13>0.81,"GG","run")) -> run | Z14: =Y12-U17 -> -35.029443 | AA14: =IF(Z14<0,1,0) -> 1 | AD14: 3 | AE14: =AD14+AF14 -> 4 | AF14: 1 | AG14: =POISSON(AD14,$C$6,FALSE)*POISSON(AF14,$D$6,FALSE)*100 -> 4.6284355 | AH14: =RANK(AG14,$AG$5:$AG$36,0) -> 8 | AI14: =SUM(AI10:AI13) -> 6 | AJ14: =IF(AJ13>0,"Rt",IF(AJ10>3,"u2.5",IF(AND(AJ10>2,AJ11>0),"u2.5",IF(AND(AJ11>AJ10,AJ11>AJ12),"u3.5",IF(AND(AJ12>AJ11,AJ12>AJ10),"o2.5","u4.5"))))) -> Rt | AK14: =AP12/AL15 -> 39.050592 | AL14: =AS12/AL15 -> 20.420216 | AM14: =AS6/AL15 -> 40.529191 | AN14: =IF(AND(AN12="all met",AN13<0.7),"all met","not met") -> not met | AP14: =SUM(AM6:AM11,AN7:AN11,AO8:AO11,AP9:AP11,AQ10:AQ11,AR11) -> 0.56130263 | AQ14: =SUM(AR6:AR11,AQ6:AQ10,AP6:AP9,AO6:AO8,AN6:AN7,AM6) -> 0.57525808 | AR14: =SUM(AP14,AQ14) -> 1.1365607 | AT14: =(AV7/$AX$16)*100 -> 2.4993298 | AU14: decision | AV14: =IF(AW13>0.8,"NO GG",IF(AV13>0.81,"GG","run")) -> run | AY14: =AX12-AT17 -> -4.4076281 | AZ14: =IF(AY14<0,1,0) -> 1 | BC14: 3 | BD14: : | BE14: 1 | BF14: =POISSON(BC14,$C$7,FALSE)*POISSON(BE14,$D$7,FALSE)*100 -> 4.6284355 | BG14: =RANK(BF14,$BF$5:$BF$36,0) -> 8 | BH14: =SUM(BH10:BH13) -> 6 | BI14: =IF(BI13>0,"Rt",IF(BI10>3,"u2.5",IF(AND(BI10>2,BI11>0),"u2.5",IF(AND(BI11>BI10,BI11>BI12),"u3.5",IF(AND(BI12>BI11,BI12>BI10),"o2.5","u4.5"))))) -> Rt | BJ14: =BO12/BK15 -> 39.050592 | BK14: =BR12/BK15 -> 20.420216 | BL14: =BR6/BK15 -> 40.529191 | BM14: =IF(AND(BM12="all met",BM13<0.7),"all met","not met") -> not met | BO14: =SUM(BL6:BL11,BM7:BM11,BN8:BN11,BO9:BO11,BP10:BP11,BQ11) -> 0.56130263 | BP14: =SUM(BQ6:BQ11,BP6:BP10,BO6:BO9,BN6:BN8,BM6:BM7,BL6) -> 0.57525808 | BQ14: =SUM(BO14,BP14) -> 1.1365607 | BT14: decision | BU14: =IF(BV13>0.8,"NO GG",IF(BU13>0.81,"GG","run")) -> run | CB14: 3 | CC14: : | CD14: 1 | CE14: =POISSON(CB14,$C$8,FALSE)*POISSON(CD14,$D$8,FALSE)*100 -> 3.6910273 | CF14: =RANK(CE14,$CE$5:$CE$36,0) -> 9 | CG14: =SUM(CG10:CG13) -> 7 | CH14: =IF(CH13>0,"Rt",IF(CH10>3,"u2.5",IF(AND(CH10>2,CH11>0),"u2.5",IF(AND(CH11>CH10,CH11>CH12),"u3.5",IF(AND(CH12>CH11,CH12>CH10),"o2.5","u4.5"))))) -> u2.5 | CI14: =CN12/CJ15 -> 48.75978 | CJ14: =CQ12/CJ15 -> 28.490741 | CK14: =CQ6/CJ15 -> 22.749478 | CL14: =IF(AND(CL12="all met",CL13<0.7),"all met","not met") -> not met | CN14: =SUM(CK6:CK11,CL7:CL11,CM8:CM11,CN9:CN11,CO10:CO11,CP11) -> 0.77049217 | CO14: =SUM(CP6:CP11,CO6:CO10,CN6:CN9,CM6:CM8,CL6:CL7,CK6) -> 0.51106695 | CP14: =SUM(CN14,CO14) -> 1.2815591 | CS14: decision | CT14: =IF(CU13>0.8,"NO GG",IF(CT13>0.81,"GG","run")) -> run | DA14: 3 | DB14: : | DC14: 1 | DD14: =POISSON(DA14,$C$9,FALSE)*POISSON(DC14,$D$9,FALSE)*100 -> #N/A | DE14: =RANK(DD14,$DD$5:$DD$36,0) -> #N/A | DF14: =SUM(DF10:DF13) -> #N/A | DG14: =IF(DG13>0,"Rt",IF(DG10>3,"u2.5",IF(AND(DG10>2,DG11>0),"u2.5",IF(AND(DG11>DG10,DG11>DG12),"u3.5",IF(AND(DG12>DG11,DG12>DG10),"o2.5","u4.5"))))) -> u4.5 | DH14: =DM12/DI15 -> #N/A | DI14: =DP12/DI15 -> #N/A | DJ14: =DP6/DI15 -> #N/A | DK14: =IF(AND(DK12="all met",DK13<0.7),"all met","not met") -> #N/A | DM14: =SUM(DJ6:DJ11,DK7:DK11,DL8:DL11,DM9:DM11,DN10:DN11,DO11) -> #N/A | DN14: =SUM(DO6:DO11,DN6:DN10,DM6:DM9,DL6:DL8,DK6:DK7,DJ6) -> #N/A | DO14: =SUM(DM14,DN14) -> #N/A | DR14: decision | DS14: =IF(DT13>0.8,"NO GG",IF(DS13>0.81,"GG","run")) -> #N/A
C15: =Sheet1!K59 -> 1.3033016 | D15: =Sheet1!J59 -> 0.80911352 | E15: 3 | F15: : | G15: 0 | H15: =POISSON(E15,$C$5,FALSE)*POISSON(G15,$D$5,FALSE)*100 -> 4.5976422 | I15: =RANK(H15,$H$5:$H$36,0) -> 7 | J15: =IF(J10=2,3,J10) -> 3 | K15: =IF((K10+K11)>3,"firm",IF((K10+K11+K12)>3,"in line","check")) -> firm | L15: =M15-(L14/100) -> 0.50979633 | M15: =SUM(N6:S11) -> 0.99739414 | N15: =M15-(N14/100) -> 0.76989935 | P15: calc | Q15: =Q14-R14 -> 0.25942523 | R15: =S15/(S15+S15)*100 -> 50 | S15: =IF(Q15<0,-Q15,Q15) -> 0.25942523 | U15: =(W8/$Y$16)*100 -> 25.788887 | V15: odd | W15: even | X15: =SUM(X6:X10) -> 2.0816228 | Y15: =(W9/X16)*100 -> 28.705808 | Z15: =Z10-ABS(Z14) -> -4.6146167 | AA15: =IF(AND(Z15<0,AY15<0),"both",IF(Z15<0,"Yes1",IF(OR(Z15<0,AY15<0),"yes","no"))) -> Yes1 | AC15: =IF(AC16="no, no",1,IF(AC16="no, yes",2,3)) -> 3 | AD15: 3 | AE15: =AD15+AF15 -> 3 | AF15: 0 | AG15: =POISSON(AD15,$C$6,FALSE)*POISSON(AF15,$D$6,FALSE)*100 -> 2.0175986 | AH15: =RANK(AG15,$AG$5:$AG$36,0) -> 20 | AI15: =IF(AI10=2,3,AI10) -> 0 | AJ15: =IF((AJ10+AJ11)>3,"firm",IF((AJ10+AJ11+AJ12)>3,"in line","check")) -> check | AK15: =AL15-(AK14/100) -> 0.5533229 | AL15: =SUM(AM6:AR11) -> 0.94382882 | AM15: =AL15-(AM14/100) -> 0.53853691 | AO15: calc | AP15: =AP14-AQ14 -> -0.013955445 | AQ15: =AR15/(AR15+AR15)*100 -> 50 | AR15: =IF(AP15<0,-AP15,AP15) -> 0.013955445 | AT15: =(AV8/$AX$16)*100 -> 7.1526415 | AU15: odd | AV15: even | AW15: =SUM(AW6:AW10) -> 3.6217932 | AX15: =(AV7/AW16)*100 -> 5.3741684 | AY15: =AY10-ABS(AY14) -> 34.690615 | BB15: =IF(BB16="no, no",1,IF(BB16="no, yes",2,3)) -> 3 | BC15: 3 | BD15: : | BE15: 0 | BF15: =POISSON(BC15,$C$7,FALSE)*POISSON(BE15,$D$7,FALSE)*100 -> 2.0175986 | BG15: =RANK(BF15,$BF$5:$BF$36,0) -> 20 | BH15: =IF(BH10=2,3,BH10) -> 0 | BI15: =IF((BI10+BI11)>3,"firm",IF((BI10+BI11+BI12)>3,"in line","check")) -> check | BJ15: =BK15-(BJ14/100) -> 0.5533229 | BK15: =SUM(BL6:BQ11) -> 0.94382882 | BL15: =BK15-(BL14/100) -> 0.53853691 | BN15: calc | BO15: =BO14-BP14 -> -0.013955445 | BP15: =BQ15/(BQ15+BQ15)*100 -> 50 | BQ15: =IF(BO15<0,-BO15,BO15) -> 0.013955445 | BT15: odd | BU15: even | CA15: =IF(CA16="no, no",1,IF(CA16="no, yes",2,3)) -> 2 | CB15: 3 | CC15: : | CD15: 0 | CE15: =POISSON(CB15,$C$8,FALSE)*POISSON(CD15,$D$8,FALSE)*100 -> 4.5976422 | CF15: =RANK(CE15,$CE$5:$CE$36,0) -> 7 | CG15: =IF(CG10=2,3,CG10) -> 3 | CH15: =IF((CH10+CH11)>3,"firm",IF((CH10+CH11+CH12)>3,"in line","check")) -> firm | CI15: =CJ15-(CI14/100) -> 0.50979633 | CJ15: =SUM(CK6:CP11) -> 0.99739414 | CK15: =CJ15-(CK14/100) -> 0.76989935 | CM15: calc | CN15: =CN14-CO14 -> 0.25942523 | CO15: =CP15/(CP15+CP15)*100 -> 50 | CP15: =IF(CN15<0,-CN15,CN15) -> 0.25942523 | CS15: odd | CT15: even | CZ15: =IF(CZ16="no, no",1,IF(CZ16="no, yes",2,3)) -> 3 | DA15: 3 | DB15: : | DC15: 0 | DD15: =POISSON(DA15,$C$9,FALSE)*POISSON(DC15,$D$9,FALSE)*100 -> #N/A | DE15: =RANK(DD15,$DD$5:$DD$36,0) -> #N/A | DF15: =IF(DF10=2,3,DF10) -> #N/A | DG15: =IF((DG10+DG11)>3,"firm",IF((DG10+DG11+DG12)>3,"in line","check")) -> check | DH15: =DI15-(DH14/100) -> #N/A | DI15: =SUM(DJ6:DO11) -> #N/A | DJ15: =DI15-(DJ14/100) -> #N/A | DL15: calc | DM15: =DM14-DN14 -> #N/A | DN15: =DO15/(DO15+DO15)*100 -> #N/A | DO15: =IF(DM15<0,-DM15,DM15) -> #N/A | DR15: odd | DS15: even
C16: =Sheet1!O59 -> 1.3033016 | D16: =Sheet1!N59 -> 0.80911352 | E16: 2 | F16: : | G16: 3 | H16: =POISSON(E16,$C$5,FALSE)*POISSON(G16,$D$5,FALSE)*100 -> 0.89999116 | I16: =RANK(H16,$H$5:$H$36,0) -> 16 | J16: =IF(J11=2,3,J11) -> 1 | K16: =_xlfn.TEXTJOIN(", ", ,K15,K53) -> firm, check | L16: =IF(N15=MIN(L15,M16,N15),2,IF(M16=MIN(L15,M16,N15),"x",1)) -> 1 | M16: =M15-(M14/100) -> 0.71248673 | N16: =IF(AND(OR(L16=1,L16=2),OR(L15<0.3,N15<0.3)),"win","edge") -> edge | O16: =AVERAGE(Sheet1!A74,(Sheet1!A114*100)) -> 62.5 | P16: Ave.GE | Q16: =AVERAGE(Q14,R14) -> 0.64077956 | U16: =(W9/$Y$16)*100 -> 33.447302 | V16: =SUM(O6,N7,P7,Q8,R9,S10,O8,P9,Q10,R11,P11,O10,N9,N11,Q6,R7,S8,S6) -> 0.49172795 | W16: =SUM(N6,O7,P8,Q9,R10,S11,P6,Q7,R8,S9,R6,S7,N8,O9,P10,Q11,O11,N10) -> 0.50566619 | X16: =SUM(W6:W10) -> 2.9053479 | Y16: =AVERAGEA(X15,X16) -> 2.4934853 | Z16: =IF(Z10>0,Z10)+IF(Z11>0,Z11)+IF(Z12>0,Z12)+IF(Z13>0,Z13)+IF(Z14>0,Z14) -> 40.466733 | AA16: =IF(AND(Z18=3,AY18=3),"ok","not upto") -> not upto | AC16: =_xlfn.TEXTJOIN(", ", ,AC17,AC55) -> yes, no | AD16: 2 | AE16: =AD16+AF16 -> 5 | AF16: 3 | AG16: =POISSON(AD16,$C$6,FALSE)*POISSON(AF16,$D$6,FALSE)*100 -> 5.4146693 | AH16: =RANK(AG16,$AG$5:$AG$36,0) -> 5 | AI16: =IF(AI11=2,3,AI11) -> 3 | AJ16: =_xlfn.TEXTJOIN(", ", ,AJ15,AJ53) -> check, firm | AK16: =IF(AM15=MIN(AK15,AL16,AM15),2,IF(AL16=MIN(AK15,AL16,AM15),"x",1)) -> 2 | AL16: =AL15-(AL14/100) -> 0.73962666 | AM16: =IF(AND(OR(AK16=1,AK16=2),OR(AK15<0.3,AM15<0.3)),"win","edge") -> edge | AN16: =IF(AND(OR(AK16=1,AK16=2),OR(AK15<0.3,AM15<0.3)),"yes","no") -> no | AO16: Ave.GE | AP16: =AVERAGE(AP14,AQ14) -> 0.56828035 | AT16: =(AV9/$AX$16)*100 -> 14.199691 | AU16: =SUM(AN6,AM7,AO7,AP8,AQ9,AR10,AN8,AO9,AP10,AQ11,AO11,AN10,AM9,AM11,AP6,AQ7,AR8,AR6) -> 0.47190651 | AV16: =SUM(AM6,AN7,AO8,AP9,AQ10,AR11,AO6,AP7,AQ8,AR9,AQ6,AR7,AM8,AN9,AO10,AP11,AN11,AM10) -> 0.47192231 | AW16: =SUM(AV6:AV10) -> 1.0973509 | AX16: =AVERAGEA(AW15,AW16) -> 2.3595721 | AY16: =IF(AY10>0,AY10)+IF(AY11>0,AY11)+IF(AY12>0,AY12)+IF(AY13>0,AY13)+IF(AY14>0,AY14) -> 111.39492 | BB16: =_xlfn.TEXTJOIN(", ", ,BB17,BB55) -> yes, no | BC16: 2 | BD16: : | BE16: 3 | BF16: =POISSON(BC16,$C$7,FALSE)*POISSON(BE16,$D$7,FALSE)*100 -> 5.4146693 | BG16: =RANK(BF16,$BF$5:$BF$36,0) -> 5 | BH16: =IF(BH11=2,3,BH11) -> 3 | BI16: =_xlfn.TEXTJOIN(", ", ,BI15,BI53) -> check, firm | BJ16: =IF(BL15=MIN(BJ15,BK16,BL15),2,IF(BK16=MIN(BJ15,BK16,BL15),"x",1)) -> 2 | BK16: =BK15-(BK14/100) -> 0.73962666 | BL16: =IF(AND(OR(BJ16=1,BJ16=2),OR(BJ15<0.3,BL15<0.3)),"win","edge") -> edge | BN16: Ave.GE | BO16: =AVERAGE(BO14,BP14) -> 0.56828035 | BT16: =SUM(BM6,BL7,BN7,BO8,BP9,BQ10,BM8,BN9,BO10,BP11,BN11,BM10,BL9,BL11,BO6,BP7,BQ8,BQ6) -> 0.47190651 | BU16: =SUM(BL6,BM7,BN8,BO9,BP10,BQ11,BN6,BO7,BP8,BQ9,BP6,BQ7,BL8,BM9,BN10,BO11,BM11,BL10) -> 0.47192231 | CA16: =_xlfn.TEXTJOIN(", ", ,CA17,CA55) -> no, yes | CB16: 2 | CC16: : | CD16: 3 | CE16: =POISSON(CB16,$C$8,FALSE)*POISSON(CD16,$D$8,FALSE)*100 -> 0.89999116 | CF16: =RANK(CE16,$CE$5:$CE$36,0) -> 16 | CG16: =IF(CG11=2,3,CG11) -> 1 | CH16: =_xlfn.TEXTJOIN(", ", ,CH15,CH53) -> firm, check | CI16: =IF(CK15=MIN(CI15,CJ16,CK15),2,IF(CJ16=MIN(CI15,CJ16,CK15),"x",1)) -> 1 | CJ16: =CJ15-(CJ14/100) -> 0.71248673 | CK16: =IF(AND(OR(CI16=1,CI16=2),OR(CI15<0.3,CK15<0.3)),"win","edge") -> edge | CM16: Ave.GE | CN16: =AVERAGE(CN14,CO14) -> 0.64077956 | CS16: =SUM(CL6,CK7,CM7,CN8,CO9,CP10,CL8,CM9,CN10,CO11,CM11,CL10,CK9,CK11,CN6,CO7,CP8,CP6) -> 0.49172795 | CT16: =SUM(CK6,CL7,CM8,CN9,CO10,CP11,CM6,CN7,CO8,CP9,CO6,CP7,CK8,CL9,CM10,CN11,CL11,CK10) -> 0.50566619 | CZ16: =_xlfn.TEXTJOIN(", ", ,CZ17,CZ55) -> yes, yes | DA16: 2 | DB16: : | DC16: 3 | DD16: =POISSON(DA16,$C$9,FALSE)*POISSON(DC16,$D$9,FALSE)*100 -> #N/A | DE16: =RANK(DD16,$DD$5:$DD$36,0) -> #N/A | DF16: =IF(DF11=2,3,DF11) -> #N/A | DG16: =_xlfn.TEXTJOIN(", ", ,DG15,DG53) -> check, check | DH16: =IF(DJ15=MIN(DH15,DI16,DJ15),2,IF(DI16=MIN(DH15,DI16,DJ15),"x",1)) -> #N/A | DI16: =DI15-(DI14/100) -> #N/A | DJ16: =IF(AND(OR(DH16=1,DH16=2),OR(DH15<0.3,DJ15<0.3)),"win","edge") -> #N/A | DL16: Ave.GE | DM16: =AVERAGE(DM14,DN14) -> #N/A | DR16: =SUM(DK6,DJ7,DL7,DM8,DN9,DO10,DK8,DL9,DM10,DN11,DL11,DK10,DJ9,DJ11,DM6,DN7,DO8,DO6) -> #N/A | DS16: =SUM(DJ6,DK7,DL8,DM9,DN10,DO11,DL6,DM7,DN8,DO9,DN6,DO7,DJ8,DK9,DL10,DM11,DK11,DJ10) -> #N/A
C17: =Sheet1!S59 -> 2.2180581 | D17: =Sheet1!R59 -> 2.3120478 | E17: 1 | F17: : | G17: 4 | H17: =POISSON(E17,$C$5,FALSE)*POISSON(G17,$D$5,FALSE)*100 -> 0.27334878 | I17: =RANK(H17,$H$5:$H$36,0) -> 20 | J17: =IF(J12=2,3,J12) -> 1 | K17: =IF(K16="firm, firm","All1",IF(K16="firm, in line",1,IF(K16="in line, firm",1,IF(K16="in line, in line","All",IF(K16="in line, check","1st half",IF(K16="check, in line","2nd half","out")))))) -> out | L17: =AVERAGE(L15,M16,N15) -> 0.6640608 | M17: =_xlfn.TEXTJOIN(", ", ,L16,N16) -> 1, edge | U17: =(W10/$Y$16)*100 -> 37.514721 | V17: decision | W17: =IF(W16>0.525,"EVEN",IF(V16>0.53,"ODD","RUN")) -> RUN | Z17: =IF(Z10<0,Z10)+IF(Z11<0,Z11)+IF(Z12<0,Z12)+IF(Z13<0,Z13)+IF(Z14<0,Z14) -> -73.50182 | AC17: =IF(OR(AB19>AC18,AB19=AC18),"yes","no") -> yes | AD17: 1 | AE17: =AD17+AF17 -> 5 | AF17: 4 | AG17: =POISSON(AD17,$C$6,FALSE)*POISSON(AF17,$D$6,FALSE)*100 -> 2.7612786 | AH17: =RANK(AG17,$AG$5:$AG$36,0) -> 13 | AI17: =IF(AI12=2,3,AI12) -> 3 | AJ17: =IF(AJ16="firm, firm","All1",IF(AJ16="firm, in line",1,IF(AJ16="in line, firm",1,IF(AJ16="in line, in line","All",IF(AJ16="in line, check","1st half",IF(AJ16="check, in line","2nd half","out")))))) -> out | AK17: =AVERAGE(AK15,AL16,AM15) -> 0.61049549 | AL17: =_xlfn.TEXTJOIN(", ", ,AK16,AM16) -> 2, edge | AT17: =(AV10/$AX$16)*100 -> 22.203814 | AU17: decision | AV17: =IF(AV16>0.525,"EVEN",IF(AU16>0.53,"ODD","RUN")) -> RUN | AY17: =IF(AY10<0,AY10)+IF(AY11<0,AY11)+IF(AY12<0,AY12)+IF(AY13<0,AY13)+IF(AY14<0,AY14) -> -4.4076281 | BB17: =IF(OR(BA19>BB18,BA19=BB18),"yes","no") -> yes | BC17: 1 | BD17: : | BE17: 4 | BF17: =POISSON(BC17,$C$7,FALSE)*POISSON(BE17,$D$7,FALSE)*100 -> 2.7612786 | BG17: =RANK(BF17,$BF$5:$BF$36,0) -> 13 | BH17: =IF(BH12=2,3,BH12) -> 3 | BI17: =IF(BI16="firm, firm","All1",IF(BI16="firm, in line",1,IF(BI16="in line, firm",1,IF(BI16="in line, in line","All",IF(BI16="in line, check","1st half",IF(BI16="check, in line","2nd half","out")))))) -> out | BJ17: =AVERAGE(BJ15,BK16,BL15) -> 0.61049549 | BK17: =_xlfn.TEXTJOIN(", ", ,BJ16,BL16) -> 2, edge | BT17: decision | BU17: =IF(BU16>0.525,"EVEN",IF(BT16>0.53,"ODD","RUN")) -> RUN | CA17: =IF(OR(BZ19>CA18,BZ19=CA18),"yes","no") -> no | CB17: 1 | CC17: : | CD17: 4 | CE17: =POISSON(CB17,$C$8,FALSE)*POISSON(CD17,$D$8,FALSE)*100 -> 0.27334878 | CF17: =RANK(CE17,$CE$5:$CE$36,0) -> 20 | CG17: =IF(CG12=2,3,CG12) -> 1 | CH17: =IF(CH16="firm, firm","All1",IF(CH16="firm, in line",1,IF(CH16="in line, firm",1,IF(CH16="in line, in line","All",IF(CH16="in line, check","1st half",IF(CH16="check, in line","2nd half","out")))))) -> out | CI17: =AVERAGE(CI15,CJ16,CK15) -> 0.6640608 | CJ17: =_xlfn.TEXTJOIN(", ", ,CI16,CK16) -> 1, edge | CS17: decision | CT17: =IF(CT16>0.525,"EVEN",IF(CS16>0.53,"ODD","RUN")) -> RUN | CZ17: =IF(OR(CY19>CZ18,CY19=CZ18),"yes","no") -> yes | DA17: 1 | DB17: : | DC17: 4 | DD17: =POISSON(DA17,$C$9,FALSE)*POISSON(DC17,$D$9,FALSE)*100 -> #N/A | DE17: =RANK(DD17,$DD$5:$DD$36,0) -> #N/A | DF17: =IF(DF12=2,3,DF12) -> #N/A | DG17: =IF(DG16="firm, firm","All1",IF(DG16="firm, in line",1,IF(DG16="in line, firm",1,IF(DG16="in line, in line","All",IF(DG16="in line, check","1st half",IF(DG16="check, in line","2nd half","out")))))) -> out | DH17: =AVERAGE(DH15,DI16,DJ15) -> #N/A | DI17: =_xlfn.TEXTJOIN(", ", ,DH16,DJ16) -> #N/A | DR17: decision | DS17: =IF(DS16>0.525,"EVEN",IF(DR16>0.53,"ODD","RUN")) -> #N/A
C18: =Sheet1!W59 -> #N/A | D18: =Sheet1!V59 -> #N/A | E18: 2 | F18: : | G18: 4 | H18: =POISSON(E18,$C$5,FALSE)*POISSON(G18,$D$5,FALSE)*100 -> 0.18063019 | I18: =RANK(H18,$H$5:$H$36,0) -> 22 | J18: =IF(J13=2,3,J13) -> 3 | L18: home | M18: away | V18: =AVERAGE(W18,X18) -> 0.49869707 | W18: =AVERAGE(W6:W10) -> 0.58106957 | X18: =AVERAGE(X6:X10) -> 0.41632456 | Y18: =SUM(W18,X18) -> 0.99739414 | Z18: =COUNTIF(AA10:AA14,1) -> 3 | AA18: =Z18+AY18 -> 4 | AB18: =IF(AND(AA18>4,Sheet1!X83<7),"yes","no") -> no | AC18: =MAX(AB20:AB22) -> 2 | AD18: 2 | AE18: =AD18+AF18 -> 6 | AF18: 4 | AG18: =POISSON(AD18,$C$6,FALSE)*POISSON(AF18,$D$6,FALSE)*100 -> 3.105356 | AH18: =RANK(AG18,$AG$5:$AG$36,0) -> 10 | AI18: =IF(AI13=2,3,AI13) -> 1 | AK18: Away | AL18: home | AU18: =AVERAGE(AV18,AW18) -> 0.47191441 | AV18: =AVERAGE(AV6:AV10) -> 0.21947019 | AW18: =AVERAGE(AW6:AW10) -> 0.72435863 | AX18: =SUM(AV18,AW18) -> 0.94382882 | AY18: =COUNTIF(AZ10:AZ14,1) -> 1 | BB18: =MAX(BA20:BA22) -> 2 | BC18: 2 | BD18: : | BE18: 4 | BF18: =POISSON(BC18,$C$7,FALSE)*POISSON(BE18,$D$7,FALSE)*100 -> 3.105356 | BG18: =RANK(BF18,$BF$5:$BF$36,0) -> 10 | BH18: =IF(BH13=2,3,BH13) -> 1 | BT18: =AVERAGE(BU18,BV18) -> 0.47191441 | BU18: =AVERAGE(BU6:BU10) -> 0.21947019 | BV18: =AVERAGE(BV6:BV10) -> 0.72435863 | BW18: =SUM(BU18,BV18) -> 0.94382882 | CA18: =MAX(BZ20:BZ22) -> 3 | CB18: 2 | CC18: : | CD18: 4 | CE18: =POISSON(CB18,$C$8,FALSE)*POISSON(CD18,$D$8,FALSE)*100 -> 0.18063019 | CF18: =RANK(CE18,$CE$5:$CE$36,0) -> 22 | CG18: =IF(CG13=2,3,CG13) -> 3 | CS18: =AVERAGE(CT18,CU18) -> 0.49869707 | CT18: =AVERAGE(CT6:CT10) -> 0.58106957 | CU18: =AVERAGE(CU6:CU10) -> 0.41632456 | CV18: =SUM(CT18,CU18) -> 0.99739414 | CZ18: =MAX(CY20:CY22) -> 0 | DA18: 2 | DB18: : | DC18: 4 | DD18: =POISSON(DA18,$C$9,FALSE)*POISSON(DC18,$D$9,FALSE)*100 -> #N/A | DE18: =RANK(DD18,$DD$5:$DD$36,0) -> #N/A | DF18: =IF(DF13=2,3,DF13) -> #N/A | DR18: =AVERAGE(DS18,DT18) -> #N/A | DS18: =AVERAGE(DS6:DS10) -> #N/A | DT18: =AVERAGE(DT6:DT10) -> #N/A | DU18: =SUM(DS18,DT18) -> #N/A
C19: =COUNTIF(D19:D28,"rountime") -> 1 | D19: =IF(I5=1,"draw",IF(I6=1,"away",IF(I7=1,"draw",IF(I8=1,"home",IF(I9=1,"away",IF(I10=1,"away",IF(I11=1,"home",IF(I12=1,"away",IF(I13=1,"draw",IF(I14=1,"home","rountime")))))))))) -> home | E19: 3 | F19: : | G19: 3 | H19: =POISSON(E19,$C$5,FALSE)*POISSON(G19,$D$5,FALSE)*100 -> 0.396479 | I19: =RANK(H19,$H$5:$H$36,0) -> 19 | J19: =SUM(J15:J18) -> 8 | L19: =N7 -> 0.15793559 | M19: =O6 -> 0.095937613 | P19: Home doing | Q19: =S15/(S15+S53)*100 -> 89.837729 | S19: =IF(AND(Q22>32.9,Q25>21.9,Q19>60),"home wind or draw",IF(AND(Q22>32.9,Q25>21.9,Q21>60),"Away win or draw","next predict")) -> next predict | U19: =MAX(W19:X23) -> 0.43672701 | V19: =ABS(W18-X18) -> 0.16474501 | W19: =ABS(W6-$V$18) -> 0.37919462 | X19: =ABS(X6-$V$18) -> 0.37919462 | Y19: =X19/(X19+$V$19)*100 -> 69.712629 | Z19: =ABS(Y19-$Y$24) -> 9.8564097 | AB19: =COUNTIF(AC19:AC28,"rountime") -> 4 | AC19: =IF(AH5=1,"draw",IF(AH6=1,"away",IF(AH7=1,"draw",IF(AH8=1,"home",IF(AH9=1,"away",IF(AH10=1,"away",IF(AH11=1,"home",IF(AH12=1,"away",IF(AH13=1,"draw",IF(AH14=1,"home","rountime")))))))))) -> draw | AD19: 3 | AE19: =AD19+AF19 -> 6 | AF19: 3 | AG19: =POISSON(AD19,$C$6,FALSE)*POISSON(AF19,$D$6,FALSE)*100 -> 4.059587 | AH19: =RANK(AG19,$AG$5:$AG$36,0) -> 9 | AI19: =SUM(AI15:AI18) -> 7 | AK19: =AM7 -> 0.023928952 | AL19: =AN6 -> 0.024405739 | AO19: Home doing | AP19: =AR15/(AR15+AR53)*100 -> 5.3262488 | AR19: =IF(AND(AP22>32.9,AP25>21.9,AP19>60),"home wind or draw",IF(AND(AP22>32.9,AP25>21.9,AP21>60),"Away win or draw","next predict")) -> next predict | AT19: =MAX(AV19:AW23) -> 0.46127561 | AU19: =ABS(AV18-AW18) -> 0.50488844 | AV19: =ABS(AV6-$AU$18) -> 0.46127561 | AW19: =ABS(AW6-$AU$18) -> 0.46127561 | AX19: =AW19/(AW19+$AU$19)*100 -> 47.74299 | AY19: =ABS(AX19-$AX$24) -> 15.560121 | BA19: =COUNTIF(BB19:BB28,"rountime") -> 4 | BB19: =IF(BG5=1,"draw",IF(BG6=1,"away",IF(BG7=1,"draw",IF(BG8=1,"home",IF(BG9=1,"away",IF(BG10=1,"away",IF(BG11=1,"home",IF(BG12=1,"away",IF(BG13=1,"draw",IF(BG14=1,"home","rountime")))))))))) -> draw | BC19: 3 | BD19: : | BE19: 3 | BF19: =POISSON(BC19,$C$7,FALSE)*POISSON(BE19,$D$7,FALSE)*100 -> 4.059587 | BG19: =RANK(BF19,$BF$5:$BF$36,0) -> 9 | BH19: =SUM(BH15:BH18) -> 7 | BJ19: =BL7 -> 0.023928952 | BK19: =BM6 -> 0.024405739 | BN19: Home doing | BO19: =BQ15/(BQ15+BQ53)*100 -> 5.3262488 | BQ19: =IF(AND(BO22>32.9,BO25>21.9,BO19>60),"home wind or draw",IF(AND(BO22>32.9,BO25>21.9,BO21>60),"Away win or draw","next predict")) -> next predict | BS19: =MAX(BU19:BV23) -> 0.46127561 | BT19: =ABS(BU18-BV18) -> 0.50488844 | BU19: =ABS(BU6-$BT$18) -> 0.46127561 | BV19: =ABS(BV6-$BT$18) -> 0.46127561 | BW19: =BV19/(BV19+$BT$19)*100 -> 47.74299 | BX19: =ABS(BW19-$BW$24) -> 15.560121 | BZ19: =COUNTIF(CA19:CA28,"rountime") -> 1 | CA19: =IF(CF5=1,"draw",IF(CF6=1,"away",IF(CF7=1,"draw",IF(CF8=1,"home",IF(CF9=1,"away",IF(CF10=1,"away",IF(CF11=1,"home",IF(CF12=1,"away",IF(CF13=1,"draw",IF(CF14=1,"home","rountime")))))))))) -> home | CB19: 3 | CC19: : | CD19: 3 | CE19: =POISSON(CB19,$C$8,FALSE)*POISSON(CD19,$D$8,FALSE)*100 -> 0.396479 | CF19: =RANK(CE19,$CE$5:$CE$36,0) -> 19 | CG19: =SUM(CG15:CG18) -> 8 | CM19: Home doing | CN19: =CP15/(CP15+CP53)*100 -> 89.837729 | CP19: =IF(AND(CN22>32.9,CN25>21.9,CN19>60),"home wind or draw",IF(AND(CN22>32.9,CN25>21.9,CN21>60),"Away win or draw","next predict")) -> next predict | CR19: =MAX(CT19:CU23) -> 0.43672701 | CS19: =ABS(CT18-CU18) -> 0.16474501 | CT19: =ABS(CT6-$CS$18) -> 0.37919462 | CU19: =ABS(CU6-$CS$18) -> 0.37919462 | CV19: =CU19/(CU19+$CS$19)*100 -> 69.712629 | CW19: =ABS(CV19-$CV$24) -> 9.8564097 | CY19: =COUNTIF(CZ19:CZ28,"rountime") -> 0 | CZ19: =IF(DE5=1,"draw",IF(DE6=1,"away",IF(DE7=1,"draw",IF(DE8=1,"home",IF(DE9=1,"away",IF(DE10=1,"away",IF(DE11=1,"home",IF(DE12=1,"away",IF(DE13=1,"draw",IF(DE14=1,"home","rountime")))))))))) -> #N/A | DA19: 3 | DB19: : | DC19: 3 | DD19: =POISSON(DA19,$C$9,FALSE)*POISSON(DC19,$D$9,FALSE)*100 -> #N/A | DE19: =RANK(DD19,$DD$5:$DD$36,0) -> #N/A | DF19: =SUM(DF15:DF18) -> #N/A | DL19: Home doing | DM19: =DO15/(DO15+DO53)*100 -> #N/A | DO19: =IF(AND(DM22>32.9,DM25>21.9,DM19>60),"home wind or draw",IF(AND(DM22>32.9,DM25>21.9,DM21>60),"Away win or draw","next predict")) -> #N/A | DQ19: =MAX(DS19:DT23) -> #N/A | DR19: =ABS(DS18-DT18) -> #N/A | DS19: =ABS(DS6-$DR$18) -> #N/A | DT19: =ABS(DT6-$DR$18) -> #N/A | DU19: =DT19/(DT19+$DR$19)*100 -> #N/A | DV19: =ABS(DU19-$CV$24) -> #N/A
B20: =AVERAGE(C20:C22,B58:C60) -> 2.5 | C20: =COUNTIF(D19:D28,"home") -> 3 | D20: =IF(I5=2,"draw",IF(I6=2,"away",IF(I7=2,"draw",IF(I8=2,"home",IF(I9=2,"away",IF(I10=2,"away",IF(I11=2,"home",IF(I12=2,"away",IF(I13=2,"draw",IF(I14=2,"home","rountime")))))))))) -> draw | E20: 4 | F20: : | G20: 1 | H20: =POISSON(E20,$C$5,FALSE)*POISSON(G20,$D$5,FALSE)*100 -> 1.2195243 | I20: =RANK(H20,$H$5:$H$36,0) -> 14 | J20: =IF(J5>J43,"yes",IF(J5=J43,"equal","no")) -> yes | L20: =N8 -> 0.1043646 | M20: =P6 -> 0.038509777 | P20: truner | Q20: =IF(S15<S53,S15/(S15+S53)*100,S53/(S53+S15)*100) -> 10.162271 | U20: =W21 -> 0.14434504 | V20: =MIN(W19:X23) -> 0.12532141 | W20: =ABS(W7-$V$18) -> 0.12532141 | X20: =ABS(X7-$V$18) -> 0.12532141 | Y20: =X20/(X20+$V$19)*100 -> 43.204383 | Z20: =ABS(Y20-$Y$24) -> 16.651836 | AA20: =AVERAGE(AB20:AB22,AA58:AB60) -> 2.5 | AB20: =COUNTIF(AC19:AC28,"home") -> 2 | AC20: =IF(AH5=2,"draw",IF(AH6=2,"away",IF(AH7=2,"draw",IF(AH8=2,"home",IF(AH9=2,"away",IF(AH10=2,"away",IF(AH11=2,"home",IF(AH12=2,"away",IF(AH13=2,"draw",IF(AH14=2,"home","rountime")))))))))) -> away | AD20: 4 | AE20: =AD20+AF20 -> 5 | AF20: 1 | AG20: =POISSON(AD20,$C$6,FALSE)*POISSON(AF20,$D$6,FALSE)*100 -> 2.6025878 | AH20: =RANK(AG20,$AG$5:$AG$36,0) -> 14 | AI20: =IF(AI5>AI43,"yes",IF(AI5=AI43,"equal","no")) -> no | AK20: =AM8 -> 0.026910691 | AL20: =AO6 -> 0.027993771 | AO20: truner | AP20: =IF(AR15<AR53,AR15/(AR15+AR53)*100,AR53/(AR53+AR15)*100) -> 5.3262488 | AT20: =AV21 -> 0.30314268 | AU20: =MIN(AV19:AW23) -> 0.052000581 | AV20: =ABS(AV7-$AU$18) -> 0.41294092 | AW20: =ABS(AW7-$AU$18) -> 0.41294092 | AX20: =AW20/(AW20+$AU$19)*100 -> 44.991034 | AY20: =ABS(AX20-$AX$24) -> 12.808165 | AZ20: =AVERAGE(BA20:BA22,AZ58:BA60) -> 2.5 | BA20: =COUNTIF(BB19:BB28,"home") -> 2 | BB20: =IF(BG5=2,"draw",IF(BG6=2,"away",IF(BG7=2,"draw",IF(BG8=2,"home",IF(BG9=2,"away",IF(BG10=2,"away",IF(BG11=2,"home",IF(BG12=2,"away",IF(BG13=2,"draw",IF(BG14=2,"home","rountime")))))))))) -> away | BC20: 4 | BD20: : | BE20: 1 | BF20: =POISSON(BC20,$C$7,FALSE)*POISSON(BE20,$D$7,FALSE)*100 -> 2.6025878 | BG20: =RANK(BF20,$BF$5:$BF$36,0) -> 14 | BH20: =IF(BH5>BH43,"yes",IF(BH5=BH43,"equal","no")) -> no | BJ20: =BL8 -> 0.026910691 | BK20: =BN6 -> 0.027993771 | BN20: truner | BO20: =IF(BQ15<BQ53,BQ15/(BQ15+BQ53)*100,BQ53/(BQ53+BQ15)*100) -> 5.3262488 | BS20: =BU21 -> 0.30314268 | BT20: =MIN(BU19:BV23) -> 0.052000581 | BU20: =ABS(BU7-$BT$18) -> 0.41294092 | BV20: =ABS(BV7-$BT$18) -> 0.41294092 | BW20: =BV20/(BV20+$BT$19)*100 -> 44.991034 | BX20: =ABS(BW20-$BW$24) -> 12.808165 | BZ20: =COUNTIF(CA19:CA28,"home") -> 3 | CA20: =IF(CF5=2,"draw",IF(CF6=2,"away",IF(CF7=2,"draw",IF(CF8=2,"home",IF(CF9=2,"away",IF(CF10=2,"away",IF(CF11=2,"home",IF(CF12=2,"away",IF(CF13=2,"draw",IF(CF14=2,"home","rountime")))))))))) -> draw | CB20: 4 | CC20: : | CD20: 1 | CE20: =POISSON(CB20,$C$8,FALSE)*POISSON(CD20,$D$8,FALSE)*100 -> 1.2195243 | CF20: =RANK(CE20,$CE$5:$CE$36,0) -> 14 | CG20: =IF(CG5>CG43,"yes",IF(CG5=CG43,"equal","no")) -> yes | CM20: truner | CN20: =IF(CP15<CP53,CP15/(CP15+CP53)*100,CP53/(CP53+CP15)*100) -> 10.162271 | CR20: =CT21 -> 0.14434504 | CS20: =MIN(CT19:CU23) -> 0.12532141 | CT20: =ABS(CT7-$CS$18) -> 0.12532141 | CU20: =ABS(CU7-$CS$18) -> 0.12532141 | CV20: =CU20/(CU20+$CS$19)*100 -> 43.204383 | CW20: =ABS(CV20-$CV$24) -> 16.651836 | CY20: =COUNTIF(CZ19:CZ28,"home") -> 0 | CZ20: =IF(DE5=2,"draw",IF(DE6=2,"away",IF(DE7=2,"draw",IF(DE8=2,"home",IF(DE9=2,"away",IF(DE10=2,"away",IF(DE11=2,"home",IF(DE12=2,"away",IF(DE13=2,"draw",IF(DE14=2,"home","rountime")))))))))) -> #N/A | DA20: 4 | DB20: : | DC20: 1 | DD20: =POISSON(DA20,$C$9,FALSE)*POISSON(DC20,$D$9,FALSE)*100 -> #N/A | DE20: =RANK(DD20,$DD$5:$DD$36,0) -> #N/A | DF20: =IF(DF5>DF43,"yes",IF(DF5=DF43,"equal","no")) -> #N/A | DL20: truner | DM20: =IF(DO15<DO53,DO15/(DO15+DO53)*100,DO53/(DO53+DO15)*100) -> #N/A | DQ20: =DS21 -> #N/A | DR20: =MIN(DS19:DT23) -> #N/A | DS20: =ABS(DS7-$DR$18) -> #N/A | DT20: =ABS(DT7-$DR$18) -> #N/A | DU20: =DT20/(DT20+$DR$19)*100 -> #N/A | DV20: =ABS(DU20-$BW$24) -> #N/A
C21: =COUNTIF(D19:D28,"draw") -> 3 | D21: =IF(I5=3,"draw",IF(I6=3,"away",IF(I7=3,"draw",IF(I8=3,"home",IF(I9=3,"away",IF(I10=3,"away",IF(I11=3,"home",IF(I12=3,"away",IF(I13=3,"draw",IF(I14=3,"home","rountime")))))))))) -> draw | E21: 4 | F21: : | G21: 0 | H21: =POISSON(E21,$C$5,FALSE)*POISSON(G21,$D$5,FALSE)*100 -> 1.5190721 | I21: =RANK(H21,$H$5:$H$36,0) -> 11 | J21: =COUNTIF(J15:J18,MIN(1)) -> 2 | L21: =N9 -> 0.045976422 | M21: =P7 -> 0.050894893 | P21: Away doing | Q21: =S53/(S53+S15)*100 -> 10.162271 | U21: =U20/(V19+U20)*100 -> 46.699996 | V21: =V20/(V20+V19)*100 -> 43.204383 | W21: =ABS(W8-$V$18) -> 0.14434504 | X21: =ABS(X8-$V$18) -> 0.14434504 | Y21: =X21/(X21+$V$19)*100 -> 46.699996 | Z21: =ABS(Y21-$Y$24) -> 13.156223 | AB21: =COUNTIF(AC19:AC28,"draw") -> 2 | AC21: =IF(AH5=3,"draw",IF(AH6=3,"away",IF(AH7=3,"draw",IF(AH8=3,"home",IF(AH9=3,"away",IF(AH10=3,"away",IF(AH11=3,"home",IF(AH12=3,"away",IF(AH13=3,"draw",IF(AH14=3,"home","rountime")))))))))) -> home | AD21: 4 | AE21: =AD21+AF21 -> 4 | AF21: 0 | AG21: =POISSON(AD21,$C$6,FALSE)*POISSON(AF21,$D$6,FALSE)*100 -> 1.1345038 | AH21: =RANK(AG21,$AG$5:$AG$36,0) -> 25 | AI21: =COUNTIF(AI15:AI18,MIN(1)) -> 1 | AK21: =AM9 -> 0.020175986 | AL21: =AO7 -> 0.062964039 | AO21: Away doing | AP21: =AR53/(AR53+AR15)*100 -> 94.673751 | AT21: =AT20/(AU19+AT20)*100 -> 37.516213 | AU21: =AU20/(AU20+AU19)*100 -> 9.3376918 | AV21: =ABS(AV8-$AU$18) -> 0.30314268 | AW21: =ABS(AW8-$AU$18) -> 0.30314268 | AX21: =AW21/(AW21+$AU$19)*100 -> 37.516213 | AY21: =ABS(AX21-$AX$24) -> 5.3333442 | BA21: =COUNTIF(BB19:BB28,"draw") -> 2 | BB21: =IF(BG5=3,"draw",IF(BG6=3,"away",IF(BG7=3,"draw",IF(BG8=3,"home",IF(BG9=3,"away",IF(BG10=3,"away",IF(BG11=3,"home",IF(BG12=3,"away",IF(BG13=3,"draw",IF(BG14=3,"home","rountime")))))))))) -> home | BC21: 4 | BD21: : | BE21: 0 | BF21: =POISSON(BC21,$C$7,FALSE)*POISSON(BE21,$D$7,FALSE)*100 -> 1.1345038 | BG21: =RANK(BF21,$BF$5:$BF$36,0) -> 25 | BH21: =COUNTIF(BH15:BH18,MIN(1)) -> 1 | BJ21: =BL9 -> 0.020175986 | BK21: =BN7 -> 0.062964039 | BN21: Away doing | BO21: =BQ53/(BQ53+BQ15)*100 -> 94.673751 | BS21: =BS20/(BT19+BS20)*100 -> 37.516213 | BT21: =BT20/(BT20+BT19)*100 -> 9.3376918 | BU21: =ABS(BU8-$BT$18) -> 0.30314268 | BV21: =ABS(BV8-$BT$18) -> 0.30314268 | BW21: =BV21/(BV21+$BT$19)*100 -> 37.516213 | BX21: =ABS(BW21-$BW$24) -> 5.3333442 | BZ21: =COUNTIF(CA19:CA28,"draw") -> 3 | CA21: =IF(CF5=3,"draw",IF(CF6=3,"away",IF(CF7=3,"draw",IF(CF8=3,"home",IF(CF9=3,"away",IF(CF10=3,"away",IF(CF11=3,"home",IF(CF12=3,"away",IF(CF13=3,"draw",IF(CF14=3,"home","rountime")))))))))) -> draw | CB21: 4 | CC21: : | CD21: 0 | CE21: =POISSON(CB21,$C$8,FALSE)*POISSON(CD21,$D$8,FALSE)*100 -> 1.5190721 | CF21: =RANK(CE21,$CE$5:$CE$36,0) -> 11 | CG21: =COUNTIF(CG15:CG18,MIN(1)) -> 2 | CM21: Away doing | CN21: =CP53/(CP53+CP15)*100 -> 10.162271 | CR21: =CR20/(CS19+CR20)*100 -> 46.699996 | CS21: =CS20/(CS20+CS19)*100 -> 43.204383 | CT21: =ABS(CT8-$CS$18) -> 0.14434504 | CU21: =ABS(CU8-$CS$18) -> 0.14434504 | CV21: =CU21/(CU21+$CS$19)*100 -> 46.699996 | CW21: =ABS(CV21-$CV$24) -> 13.156223 | CY21: =COUNTIF(CZ19:CZ28,"draw") -> 0 | CZ21: =IF(DE5=3,"draw",IF(DE6=3,"away",IF(DE7=3,"draw",IF(DE8=3,"home",IF(DE9=3,"away",IF(DE10=3,"away",IF(DE11=3,"home",IF(DE12=3,"away",IF(DE13=3,"draw",IF(DE14=3,"home","rountime")))))))))) -> #N/A | DA21: 4 | DB21: : | DC21: 0 | DD21: =POISSON(DA21,$C$9,FALSE)*POISSON(DC21,$D$9,FALSE)*100 -> #N/A | DE21: =RANK(DD21,$DD$5:$DD$36,0) -> #N/A | DF21: =COUNTIF(DF15:DF18,MIN(1)) -> 0 | DL21: Away doing | DM21: =DO53/(DO53+DO15)*100 -> #N/A | DQ21: =DQ20/(DR19+DQ20)*100 -> #N/A | DR21: =DR20/(DR20+DR19)*100 -> #N/A | DS21: =ABS(DS8-$DR$18) -> #N/A | DT21: =ABS(DT8-$DR$18) -> #N/A | DU21: =DT21/(DT21+$DR$19)*100 -> #N/A | DV21: =ABS(DU21-$BW$24) -> #N/A
C22: =COUNTIF(D19:D28,"away") -> 3 | D22: =IF(I5=4,"draw",IF(I6=4,"away",IF(I7=4,"draw",IF(I8=4,"home",IF(I9=4,"away",IF(I10=4,"away",IF(I11=4,"home",IF(I12=4,"away",IF(I13=4,"draw",IF(I14=4,"home","rountime")))))))))) -> away | E22: 4 | F22: : | G22: 2 | H22: =POISSON(E22,$C$5,FALSE)*POISSON(G22,$D$5,FALSE)*100 -> 0.4895224 | I22: =RANK(H22,$H$5:$H$36,0) -> 17 | J22: =COUNTIF(J10:J13,3) -> 1 | L22: =N10 -> 0.015190721 | M22: =Q6 -> 0.010305328 | P22: averagPE | Q22: =AVERAGE(S15,S53)*100 -> 14.438546 | U22: =IF(Z24=Z19,0.5,IF(Z24=Z20,1.5,IF(Z24=Z21,2.5,IF(Z24=Z22,3.5,IF(Z24=Z23,3.5))))) -> 3.5 | V22: =(V20/V19)*100 -> 76.069926 | W22: =ABS(W9-$V$18) -> 0.3353065 | X22: =ABS(X9-$V$18) -> 0.3353065 | Y22: =X22/(X22+$V$19)*100 -> 67.054392 | Z22: =ABS(Y22-$Y$24) -> 7.1981725 | AB22: =COUNTIF(AC19:AC28,"away") -> 2 | AC22: =IF(AH5=4,"draw",IF(AH6=4,"away",IF(AH7=4,"draw",IF(AH8=4,"home",IF(AH9=4,"away",IF(AH10=4,"away",IF(AH11=4,"home",IF(AH12=4,"away",IF(AH13=4,"draw",IF(AH14=4,"home","rountime")))))))))) -> draw | AD22: 4 | AE22: =AD22+AF22 -> 6 | AF22: 2 | AG22: =POISSON(AD22,$C$6,FALSE)*POISSON(AF22,$D$6,FALSE)*100 -> 2.9852097 | AH22: =RANK(AG22,$AG$5:$AG$36,0) -> 11 | AI22: =COUNTIF(AI10:AI13,3) -> 1 | AK22: =AM10 -> 0.011345038 | AL22: =AP6 -> 0.021406201 | AO22: averagPE | AP22: =AVERAGE(AR15,AR53)*100 -> 13.100632 | AT22: =IF(AY24=AY19,0.5,IF(AY24=AY20,1.5,IF(AY24=AY21,2.5,IF(AY24=AY22,3.5,IF(AY24=AY23,3.5))))) -> 2.5 | AU22: =(AU20/AU19)*100 -> 10.29942 | AV22: =ABS(AV9-$AU$18) -> 0.13686247 | AW22: =ABS(AW9-$AU$18) -> 0.13686247 | AX22: =AW22/(AW22+$AU$19)*100 -> 21.326416 | AY22: =ABS(AX22-$AX$24) -> 10.856453 | BA22: =COUNTIF(BB19:BB28,"away") -> 2 | BB22: =IF(BG5=4,"draw",IF(BG6=4,"away",IF(BG7=4,"draw",IF(BG8=4,"home",IF(BG9=4,"away",IF(BG10=4,"away",IF(BG11=4,"home",IF(BG12=4,"away",IF(BG13=4,"draw",IF(BG14=4,"home","rountime")))))))))) -> draw | BC22: 4 | BD22: : | BE22: 2 | BF22: =POISSON(BC22,$C$7,FALSE)*POISSON(BE22,$D$7,FALSE)*100 -> 2.9852097 | BG22: =RANK(BF22,$BF$5:$BF$36,0) -> 11 | BH22: =COUNTIF(BH10:BH13,3) -> 1 | BJ22: =BL10 -> 0.011345038 | BK22: =BO6 -> 0.021406201 | BN22: averagPE | BO22: =AVERAGE(BQ15,BQ53)*100 -> 13.100632 | BS22: =IF(BX24=BX19,0.5,IF(BX24=BX20,1.5,IF(BX24=BX21,2.5,IF(BX24=BX22,3.5,IF(BX24=BX23,3.5))))) -> 2.5 | BT22: =(BT20/BT19)*100 -> 10.29942 | BU22: =ABS(BU9-$BT$18) -> 0.13686247 | BV22: =ABS(BV9-$BT$18) -> 0.13686247 | BW22: =BV22/(BV22+$BT$19)*100 -> 21.326416 | BX22: =ABS(BW22-$BW$24) -> 10.856453 | BZ22: =COUNTIF(CA19:CA28,"away") -> 3 | CA22: =IF(CF5=4,"draw",IF(CF6=4,"away",IF(CF7=4,"draw",IF(CF8=4,"home",IF(CF9=4,"away",IF(CF10=4,"away",IF(CF11=4,"home",IF(CF12=4,"away",IF(CF13=4,"draw",IF(CF14=4,"home","rountime")))))))))) -> away | CB22: 4 | CC22: : | CD22: 2 | CE22: =POISSON(CB22,$C$8,FALSE)*POISSON(CD22,$D$8,FALSE)*100 -> 0.4895224 | CF22: =RANK(CE22,$CE$5:$CE$36,0) -> 17 | CG22: =COUNTIF(CG10:CG13,3) -> 1 | CM22: averagPE | CN22: =AVERAGE(CP15,CP53)*100 -> 14.438546 | CR22: =IF(CW24=CW19,0.5,IF(CW24=CW20,1.5,IF(CW24=CW21,2.5,IF(CW24=CW22,3.5,IF(CW24=CW23,3.5))))) -> 3.5 | CS22: =(CS20/CS19)*100 -> 76.069926 | CT22: =ABS(CT9-$CS$18) -> 0.3353065 | CU22: =ABS(CU9-$CS$18) -> 0.3353065 | CV22: =CU22/(CU22+$CS$19)*100 -> 67.054392 | CW22: =ABS(CV22-$CV$24) -> 7.1981725 | CY22: =COUNTIF(CZ19:CZ28,"away") -> 0 | CZ22: =IF(DE5=4,"draw",IF(DE6=4,"away",IF(DE7=4,"draw",IF(DE8=4,"home",IF(DE9=4,"away",IF(DE10=4,"away",IF(DE11=4,"home",IF(DE12=4,"away",IF(DE13=4,"draw",IF(DE14=4,"home","rountime")))))))))) -> #N/A | DA22: 4 | DB22: : | DC22: 2 | DD22: =POISSON(DA22,$C$9,FALSE)*POISSON(DC22,$D$9,FALSE)*100 -> #N/A | DE22: =RANK(DD22,$DD$5:$DD$36,0) -> #N/A | DF22: =COUNTIF(DF10:DF13,3) -> 0 | DL22: averagPE | DM22: =AVERAGE(DO15,DO53)*100 -> #N/A | DQ22: =IF(DV24=DV19,0.5,IF(DV24=DV20,1.5,IF(DV24=DV21,2.5,IF(DV24=DV22,3.5,IF(DV24=DV23,3.5))))) -> #N/A | DR22: =(DR20/DR19)*100 -> #N/A | DS22: =ABS(DS9-$DR$18) -> #N/A | DT22: =ABS(DT9-$DR$18) -> #N/A | DU22: =DT22/(DT22+$DR$19)*100 -> #N/A | DV22: =ABS(DU22-$BW$24) -> #N/A
C23: =(C20+C60)/2 -> 2.5 | D23: =IF(I5=5,"draw",IF(I6=5,"away",IF(I7=5,"draw",IF(I8=5,"home",IF(I9=5,"away",IF(I10=5,"away",IF(I11=5,"home",IF(I12=5,"away",IF(I13=5,"draw",IF(I14=5,"home","rountime")))))))))) -> home | E23: 3 | F23: : | G23: 4 | H23: =POISSON(E23,$C$5,FALSE)*POISSON(G23,$D$5,FALSE)*100 -> 0.079574202 | I23: =RANK(H23,$H$5:$H$36,0) -> 25 | J23: =COUNTIF(J10:J13,2) -> 1 | L23: =N11 -> 0.0040152406 | M23: =Q7 -> 0.013619622 | P23: selector | Q23: =S15-S53 -> 0.23007954 | R23: =IF(Q23<0,"best Tab 2","Best Tab 1") -> Best Tab 1 | S23: =(Q23/Q16)*100 -> 35.906193 | U23: =IF(ABS(V22-R38)<15,"goals",IF(V22=MIN(V22,R38),"Goals","wins")) -> wins | V23: =IF(V24=W18,"under","over") -> under | W23: =ABS(W10-$V$18) -> 0.43672701 | X23: =ABS(X10-$V$18) -> 0.43672701 | Y23: =X23/(X23+$V$19)*100 -> 72.609696 | Z23: =ABS(Y23-$Y$24) -> 12.753477 | AB23: =(AB20+AB60)/2 -> 2.5 | AC23: =IF(AH5=5,"draw",IF(AH6=5,"away",IF(AH7=5,"draw",IF(AH8=5,"home",IF(AH9=5,"away",IF(AH10=5,"away",IF(AH11=5,"home",IF(AH12=5,"away",IF(AH13=5,"draw",IF(AH14=5,"home","rountime")))))))))) -> rountime | AD23: 3 | AE23: =AD23+AF23 -> 7 | AF23: 4 | AG23: =POISSON(AD23,$C$6,FALSE)*POISSON(AF23,$D$6,FALSE)*100 -> 2.3282055 | AH23: =RANK(AG23,$AG$5:$AG$36,0) -> 17 | AI23: =COUNTIF(AI10:AI13,2) -> 1 | AK23: =AM11 -> 0.0051034882 | AL23: =AP7 -> 0.04814717 | AO23: selector | AP23: =AR15-AR53 -> -0.23410175 | AQ23: =IF(AP23<0,"best Tab 2","Best Tab 1") -> best Tab 2 | AR23: =(AP23/AP16)*100 -> -41.194763 | AT23: =IF(ABS(AU22-AQ38)<15,"goals",IF(AU22=MIN(AU22,AQ38),"Goals","wins")) -> Goals | AU23: =IF(AU24=AV18,"under","over") -> over | AV23: =ABS(AV10-$AU$18) -> 0.052000581 | AW23: =ABS(AW10-$AU$18) -> 0.052000581 | AX23: =AW23/(AW23+$AU$19)*100 -> 9.3376918 | AY23: =ABS(AX23-$AX$24) -> 22.845177 | BA23: =(BA20+BA60)/2 -> 2.5 | BB23: =IF(BG5=5,"draw",IF(BG6=5,"away",IF(BG7=5,"draw",IF(BG8=5,"home",IF(BG9=5,"away",IF(BG10=5,"away",IF(BG11=5,"home",IF(BG12=5,"away",IF(BG13=5,"draw",IF(BG14=5,"home","rountime")))))))))) -> rountime | BC23: 3 | BD23: : | BE23: 4 | BF23: =POISSON(BC23,$C$7,FALSE)*POISSON(BE23,$D$7,FALSE)*100 -> 2.3282055 | BG23: =RANK(BF23,$BF$5:$BF$36,0) -> 17 | BH23: =COUNTIF(BH10:BH13,2) -> 1 | BJ23: =BL11 -> 0.0051034882 | BK23: =BO7 -> 0.04814717 | BN23: selector | BO23: =BQ15-BQ53 -> -0.23410175 | BP23: =IF(BO23<0,"best Tab 2","Best Tab 1") -> best Tab 2 | BQ23: =(BO23/BO16)*100 -> -41.194763 | BS23: =IF(ABS(BT22-BP38)<15,"goals",IF(BT22=MIN(BT22,BP38),"Goals","wins")) -> Goals | BT23: =IF(BT24=BU18,"under","over") -> over | BU23: =ABS(BU10-$BT$18) -> 0.052000581 | BV23: =ABS(BV10-$BT$18) -> 0.052000581 | BW23: =BV23/(BV23+$BT$19)*100 -> 9.3376918 | BX23: =ABS(BW23-$BW$24) -> 22.845177 | BZ23: =(BZ20+BZ60)/2 -> 2.5 | CA23: =IF(CF5=5,"draw",IF(CF6=5,"away",IF(CF7=5,"draw",IF(CF8=5,"home",IF(CF9=5,"away",IF(CF10=5,"away",IF(CF11=5,"home",IF(CF12=5,"away",IF(CF13=5,"draw",IF(CF14=5,"home","rountime")))))))))) -> home | CB23: 3 | CC23: : | CD23: 4 | CE23: =POISSON(CB23,$C$8,FALSE)*POISSON(CD23,$D$8,FALSE)*100 -> 0.079574202 | CF23: =RANK(CE23,$CE$5:$CE$36,0) -> 25 | CG23: =COUNTIF(CG10:CG13,2) -> 1 | CM23: selector | CN23: =CP15-CP53 -> 0.23007954 | CO23: =IF(CN23<0,"best Tab 2","Best Tab 1") -> Best Tab 1 | CP23: =(CN23/CN16)*100 -> 35.906193 | CR23: =IF(ABS(CS22-CO38)<15,"goals",IF(CS22=MIN(CS22,CO38),"Goals","wins")) -> wins | CS23: =IF(CS24=CT18,"under","over") -> under | CT23: =ABS(CT10-$CS$18) -> 0.43672701 | CU23: =ABS(CU10-$CS$18) -> 0.43672701 | CV23: =CU23/(CU23+$CS$19)*100 -> 72.609696 | CW23: =ABS(CV23-$CV$24) -> 12.753477 | CY23: =(CY20+CY60)/2 -> 0 | CZ23: =IF(DE5=5,"draw",IF(DE6=5,"away",IF(DE7=5,"draw",IF(DE8=5,"home",IF(DE9=5,"away",IF(DE10=5,"away",IF(DE11=5,"home",IF(DE12=5,"away",IF(DE13=5,"draw",IF(DE14=5,"home","rountime")))))))))) -> #N/A | DA23: 3 | DB23: : | DC23: 4 | DD23: =POISSON(DA23,$C$9,FALSE)*POISSON(DC23,$D$9,FALSE)*100 -> #N/A | DE23: =RANK(DD23,$DD$5:$DD$36,0) -> #N/A | DF23: =COUNTIF(DF10:DF13,2) -> 0 | DL23: selector | DM23: =DO15-DO53 -> #N/A | DN23: =IF(DM23<0,"best Tab 2","Best Tab 1") -> #N/A | DO23: =(DM23/DM16)*100 -> #N/A | DQ23: =IF(ABS(DR22-DN38)<5,"goals",IF(DR22=MIN(DR22,DN38),"Goals","wins")) -> #N/A | DR23: =IF(DR24=DS18,"under","over") -> #N/A | DS23: =ABS(DS10-$DR$18) -> #N/A | DT23: =ABS(DT10-$DR$18) -> #N/A | DU23: =DT23/(DT23+$DR$19)*100 -> #N/A | DV23: =ABS(DU23-$BW$24) -> #N/A
C24: =(C21+C59)/2 -> 2.5 | D24: =IF(I5=6,"draw",IF(I6=6,"away",IF(I7=6,"draw",IF(I8=6,"home",IF(I9=6,"away",IF(I10=6,"away",IF(I11=6,"home",IF(I12=6,"away",IF(I13=6,"draw",IF(I14=6,"home","rountime")))))))))) -> away | E24: 2 | F24: : | G24: 5 | H24: =POISSON(E24,$C$5,FALSE)*POISSON(G24,$D$5,FALSE)*100 -> 0.029002299 | I24: =RANK(H24,$H$5:$H$36,0) -> 27 | J24: =IF(AND(J27>0,J27=J21,OR(J27=J22,J27=J23)),"overD",IF(AND(J27>J21,J27>J22,J27>J23),"over",IF(AND(J21>1,OR(J21=J22,J21=J23)),"Draw",IF(AND(J21>J22,J22>J23),"x2",IF(AND(J21>J23,J23>J22),"1x",IF(J23>J22,"home",IF(J22>J23,"away","draw"))))))) -> draw | L24: =O8 -> 0.083784815 | M24: =Q8 -> 0.0089999116 | N24: =Sheet3!E38 -> home | O24: =Sheet3!F38 -> Both Tabs | P24: difference | Q24: =Q19-Q21 -> 79.675457 | V24: =MAX(W18,X18) -> 0.58106957 | W24: =IF(AND(V23="under",V22<5),"u1.5",IF(AND(V23="under",V22<28),"u2.5",IF(AND(V23="under",V22<65),"u3.5",IF(AND(V23="under",V22<95),"u4.5",IF(AND(V23="over",V22>95),"o1.5",IF(AND(V23="over",V22>65),"o1.5",IF(AND(V23="over",V22>35),"o2.5",IF(AND(V23="over",V22<28,V22>15),"u.3.5+",IF(AND(V23="under",V22>105),"o1.5","don't choose"))))))))) -> u4.5 | X24: =IF(AND(T8="high",W24="u2.5"),"u3.5",IF(AND(V23="under",P35="mega",W24="u2.5"),"u3.5",IF(AND(P35="mega",W24="u.3.5+"),"u4.5+",IF(AND(P35="mega",W24="u1.5"),"u3.5",W24)))) -> u4.5 | Y24: =AVERAGE(Y19:Y23) -> 59.856219 | Z24: =MIN(Z19:Z23) -> 7.1981725 | AB24: =(AB21+AB59)/2 -> 2.5 | AC24: =IF(AH5=6,"draw",IF(AH6=6,"away",IF(AH7=6,"draw",IF(AH8=6,"home",IF(AH9=6,"away",IF(AH10=6,"away",IF(AH11=6,"home",IF(AH12=6,"away",IF(AH13=6,"draw",IF(AH14=6,"home","rountime")))))))))) -> rountime | AD24: 2 | AE24: =AD24+AF24 -> 7 | AF24: 5 | AG24: =POISSON(AD24,$C$6,FALSE)*POISSON(AF24,$D$6,FALSE)*100 -> 1.4247571 | AH24: =RANK(AG24,$AG$5:$AG$36,0) -> 21 | AI24: =IF(AND(AI27>0,AI27=AI21,OR(AI27=AI22,AI27=AI23)),"overD",IF(AND(AI27>AI21,AI27>AI22,AI27>AI23),"over",IF(AND(AI21>1,OR(AI21=AI22,AI21=AI23)),"Draw",IF(AND(AI21>AI22,AI22>AI23),"x2",IF(AND(AI21>AI23,AI23>AI22),"1x",IF(AI23>AI22,"home",IF(AI22>AI23,"away","draw"))))))) -> overD | AK24: =AN8 -> 0.061733984 | AL24: =AP8 -> 0.054146693 | AM24: =Sheet3!M38 -> away | AN24: =Sheet3!N38 -> Both Tabs | AO24: difference | AP24: =AP19-AP21 -> -89.347502 | AU24: =MAX(AV18,AW18) -> 0.72435863 | AV24: =IF(AND(AU23="under",AU22<5),"u1.5",IF(AND(AU23="under",AU22<28),"u2.5",IF(AND(AU23="under",AU22<65),"u3.5",IF(AND(AU23="under",AU22<95),"u4.5",IF(AND(AU23="over",AU22>95),"o1.5",IF(AND(AU23="over",AU22>65),"o1.5",IF(AND(AU23="over",AU22>35),"o2.5",IF(AND(AU23="over",AU22<28,AU22>15),"u.3.5+",IF(AND(AU23="under",AU22>105),"o1.5","don't choose"))))))))) -> don't choose | AW24: =IF(AND(AS8="high",AV24="u2.5"),"u3.5",IF(AND(AU23="under",AO35="mega",AV24="u2.5"),"u3.5",IF(AND(AO35="mega",AV24="u.3.5+"),"u4.5+",IF(AND(AO35="mega",AV24="u1.5"),"u3.5",AV24)))) -> don't choose | AX24: =AVERAGE(AX19:AX23) -> 32.182869 | AY24: =MIN(AY19:AY23) -> 5.3333442 | BA24: =(BA21+BA59)/2 -> 2.5 | BB24: =IF(BG5=6,"draw",IF(BG6=6,"away",IF(BG7=6,"draw",IF(BG8=6,"home",IF(BG9=6,"away",IF(BG10=6,"away",IF(BG11=6,"home",IF(BG12=6,"away",IF(BG13=6,"draw",IF(BG14=6,"home","rountime")))))))))) -> rountime | BC24: 2 | BD24: : | BE24: 5 | BF24: =POISSON(BC24,$C$7,FALSE)*POISSON(BE24,$D$7,FALSE)*100 -> 1.4247571 | BG24: =RANK(BF24,$BF$5:$BF$36,0) -> 21 | BH24: =IF(AND(BH27>0,BH27=BH21,OR(BH27=BH22,BH27=BH23)),"overD",IF(AND(BH27>BH21,BH27>BH22,BH27>BH23),"over",IF(AND(BH21>1,OR(BH21=BH22,BH21=BH23)),"Draw",IF(AND(BH21>BH22,BH22>BH23),"x2",IF(AND(BH21>BH23,BH23>BH22),"1x",IF(BH23>BH22,"home",IF(BH22>BH23,"away","draw"))))))) -> overD | BJ24: =BM8 -> 0.061733984 | BK24: =BO8 -> 0.054146693 | BL24: =Sheet3!U38 -> away | BM24: =Sheet3!V38 -> Both Tabs | BN24: difference | BO24: =BO19-BO21 -> -89.347502 | BT24: =MAX(BU18,BV18) -> 0.72435863 | BU24: =IF(AND(BT23="under",BT22<5),"u1.5",IF(AND(BT23="under",BT22<28),"u2.5",IF(AND(BT23="under",BT22<65),"u3.5",IF(AND(BT23="under",BT22<95),"u4.5",IF(AND(BT23="over",BT22>95),"o1.5",IF(AND(BT23="over",BT22>65),"o1.5",IF(AND(BT23="over",BT22>35),"o2.5",IF(AND(BT23="over",BT22<28,BT22>15),"u.3.5+",IF(AND(BT23="under",BT22>105),"o1.5","don't choose"))))))))) -> don't choose | BV24: =IF(AND(BR8="high",BU24="u2.5"),"u3.5",IF(AND(BT23="under",BN35="mega",BU24="u2.5"),"u3.5",IF(AND(BN35="mega",BU24="u.3.5+"),"u4.5+",IF(AND(BN35="mega",BU24="u1.5"),"u3.5",BU24)))) -> don't choose | BW24: =AVERAGE(BW19:BW23) -> 32.182869 | BX24: =MIN(BX19:BX23) -> 5.3333442 | BZ24: =(BZ21+BZ59)/2 -> 2.5 | CA24: =IF(CF5=6,"draw",IF(CF6=6,"away",IF(CF7=6,"draw",IF(CF8=6,"home",IF(CF9=6,"away",IF(CF10=6,"away",IF(CF11=6,"home",IF(CF12=6,"away",IF(CF13=6,"draw",IF(CF14=6,"home","rountime")))))))))) -> away | CB24: 2 | CC24: : | CD24: 5 | CE24: =POISSON(CB24,$C$8,FALSE)*POISSON(CD24,$D$8,FALSE)*100 -> 0.029002299 | CF24: =RANK(CE24,$CE$5:$CE$36,0) -> 27 | CG24: =IF(AND(CG27>0,CG27=CG21,OR(CG27=CG22,CG27=CG23)),"overD",IF(AND(CG27>CG21,CG27>CG22,CG27>CG23),"over",IF(AND(CG21>1,OR(CG21=CG22,CG21=CG23)),"Draw",IF(AND(CG21>CG22,CG22>CG23),"x2",IF(AND(CG21>CG23,CG23>CG22),"1x",IF(CG23>CG22,"home",IF(CG22>CG23,"away","draw"))))))) -> draw | CK24: =Sheet3!AC38 -> home | CL24: =Sheet3!AD38 -> Both Tabs | CM24: difference | CN24: =CN19-CN21 -> 79.675457 | CS24: =MAX(CT18,CU18) -> 0.58106957 | CT24: =IF(AND(CS23="under",CS22<5),"u1.5",IF(AND(CS23="under",CS22<28),"u2.5",IF(AND(CS23="under",CS22<65),"u3.5",IF(AND(CS23="under",CS22<95),"u4.5",IF(AND(CS23="over",CS22>95),"o1.5",IF(AND(CS23="over",CS22>65),"o1.5",IF(AND(CS23="over",CS22>35),"o2.5",IF(AND(CS23="over",CS22<28,CS22>15),"u.3.5+",IF(AND(CS23="under",CS22>105),"o1.5","don't choose"))))))))) -> u4.5 | CU24: =IF(AND(CQ8="high",CT24="u2.5"),"u3.5",IF(AND(CS23="under",CM35="mega",CT24="u2.5"),"u3.5",IF(AND(CM35="mega",CT24="u.3.5+"),"u4.5+",IF(AND(CM35="mega",CT24="u1.5"),"u3.5",CT24)))) -> u4.5 | CV24: =AVERAGE(CV19:CV23) -> 59.856219 | CW24: =MIN(CW19:CW23) -> 7.1981725 | CY24: =(CY21+CY59)/2 -> 0 | CZ24: =IF(DE5=6,"draw",IF(DE6=6,"away",IF(DE7=6,"draw",IF(DE8=6,"home",IF(DE9=6,"away",IF(DE10=6,"away",IF(DE11=6,"home",IF(DE12=6,"away",IF(DE13=6,"draw",IF(DE14=6,"home","rountime")))))))))) -> #N/A | DA24: 2 | DB24: : | DC24: 5 | DD24: =POISSON(DA24,$C$9,FALSE)*POISSON(DC24,$D$9,FALSE)*100 -> #N/A | DE24: =RANK(DD24,$DD$5:$DD$36,0) -> #N/A | DF24: =IF(AND(DF27>0,DF27=DF21,OR(DF27=DF22,DF27=DF23)),"overD",IF(AND(DF27>DF21,DF27>DF22,DF27>DF23),"over",IF(AND(DF21>1,OR(DF21=DF22,DF21=DF23)),"Draw",IF(AND(DF21>DF22,DF22>DF23),"x2",IF(AND(DF21>DF23,DF23>DF22),"1x",IF(DF23>DF22,"home",IF(DF22>DF23,"away","draw"))))))) -> draw | DJ24: =Sheet3!AK38 -> #N/A | DK24: =Sheet3!AL38 -> #N/A | DL24: difference | DM24: =DM19-DM21 -> #N/A | DR24: =MAX(DS18,DT18) -> #N/A | DS24: =IF(AND(DR23="under",DR22<5),"u1.5",IF(AND(DR23="under",DR22<28),"u2.5",IF(AND(DR23="under",DR22<65),"u3.5",IF(AND(DR23="under",DR22<95),"u4.5",IF(AND(DR23="over",DR22>95),"o1.5",IF(AND(DR23="over",DR22>65),"o1.5",IF(AND(DR23="over",DR22>35),"o2.5",IF(AND(DR23="over",DR22<28,DR22>15),"u.3.5+",IF(AND(DR23="under",DR22>105),"o1.5","don't choose"))))))))) -> #N/A | DT24: =IF(AND(DP8="high",DS24="u2.5"),"u3.5",IF(AND(DR23="under",DL35="mega",DS24="u2.5"),"u3.5",IF(AND(DL35="mega",DS24="u.3.5+"),"u4.5+",IF(AND(DL35="mega",DS24="u1.5"),"u3.5",DS24)))) -> #N/A | DU24: =AVERAGE(DU19:DU23) -> #N/A | DV24: =MIN(DV19:DV23) -> #N/A
C25: =(C22+C58)/2 -> 2.5 | D25: =IF(I5=7,"draw",IF(I6=7,"away",IF(I7=7,"draw",IF(I8=7,"home",IF(I9=7,"away",IF(I10=7,"away",IF(I11=7,"home",IF(I12=7,"away",IF(I13=7,"draw",IF(I14=7,"home","rountime")))))))))) -> rountime | E25: 4 | F25: : | G25: 3 | H25: =POISSON(E25,$C$5,FALSE)*POISSON(G25,$D$5,FALSE)*100 -> 0.13099762 | I25: =RANK(H25,$H$5:$H$36,0) -> 23 | J25: =IF(AND(J22>J23,J23=0),"cleared away",IF(AND(J23>J22,J22=0),"cleared Home","doubled")) -> doubled | L25: =O9 -> 0.036910273 | M25: =R6 -> 0.0020683019 | Q25: =IF(Q24<0,-Q24,Q24) -> 79.675457 | V25: =IF(AND(W26<1,Y25="D'over"),"ok",IF(AND(W26<1,Y25="go"),"ok","check")) -> check | W25: =IF(X24="o2.5",1,IF(X24="O1.5",0,"")) | X25: =IF(X24="o2.5",1,IF(X24="o1.5",1,IF(X24="don't choose",1,0))) -> 0 | Y25: =IF(AND(X25=AW25,X25=1),"D'over",IF(OR(X25=1,AW25=1),"Add","go")) -> Add | Z25: =ABS(Z13)/Z11 -> 2.6755724 | AB25: =(AB22+AB58)/2 -> 2.5 | AC25: =IF(AH5=7,"draw",IF(AH6=7,"away",IF(AH7=7,"draw",IF(AH8=7,"home",IF(AH9=7,"away",IF(AH10=7,"away",IF(AH11=7,"home",IF(AH12=7,"away",IF(AH13=7,"draw",IF(AH14=7,"home","rountime")))))))))) -> away | AD25: 4 | AE25: =AD25+AF25 -> 7 | AF25: 3 | AG25: =POISSON(AD25,$C$6,FALSE)*POISSON(AF25,$D$6,FALSE)*100 -> 2.282722 | AH25: =RANK(AG25,$AG$5:$AG$36,0) -> 18 | AI25: =IF(AND(AI22>AI23,AI23=0),"cleared away",IF(AND(AI23>AI22,AI22=0),"cleared Home","doubled")) -> doubled | AK25: =AN9 -> 0.046284355 | AL25: =AQ6 -> 0.012276627 | AP25: =IF(AP24<0,-AP24,AP24) -> 89.347502 | AV25: =IF(OR(AW24="o2.5",AW24="O1.5"),"1","") | AW25: =IF(AW24="o2.5",1,IF(AW24="o1.5",1,IF(AW24="don't choose",1,0))) -> 1 | BA25: =(BA22+BA58)/2 -> 2.5 | BB25: =IF(BG5=7,"draw",IF(BG6=7,"away",IF(BG7=7,"draw",IF(BG8=7,"home",IF(BG9=7,"away",IF(BG10=7,"away",IF(BG11=7,"home",IF(BG12=7,"away",IF(BG13=7,"draw",IF(BG14=7,"home","rountime")))))))))) -> away | BC25: 4 | BD25: : | BE25: 3 | BF25: =POISSON(BC25,$C$7,FALSE)*POISSON(BE25,$D$7,FALSE)*100 -> 2.282722 | BG25: =RANK(BF25,$BF$5:$BF$36,0) -> 18 | BH25: =IF(AND(BH22>BH23,BH23=0),"cleared away",IF(AND(BH23>BH22,BH22=0),"cleared Home","doubled")) -> doubled | BJ25: =BM9 -> 0.046284355 | BK25: =BP6 -> 0.012276627 | BO25: =IF(BO24<0,-BO24,BO24) -> 89.347502 | BU25: =IF(OR(BV24="o2.5",BV24="O1.5"),"1","") | BV25: =IF(BV24="o2.5",1,IF(BV24="o1.5",1,IF(BV24="don't choose",1,0))) -> 1 | BW25: =IF(AND(BV25=CU25,BV25=1),"D'over",IF(OR(BV25=1,CU25=1),"Add","go")) -> Add | BZ25: =(BZ22+BZ58)/2 -> 2.5 | CA25: =IF(CF5=7,"draw",IF(CF6=7,"away",IF(CF7=7,"draw",IF(CF8=7,"home",IF(CF9=7,"away",IF(CF10=7,"away",IF(CF11=7,"home",IF(CF12=7,"away",IF(CF13=7,"draw",IF(CF14=7,"home","rountime")))))))))) -> rountime | CB25: 4 | CC25: : | CD25: 3 | CE25: =POISSON(CB25,$C$8,FALSE)*POISSON(CD25,$D$8,FALSE)*100 -> 0.13099762 | CF25: =RANK(CE25,$CE$5:$CE$36,0) -> 23 | CG25: =IF(AND(CG22>CG23,CG23=0),"cleared away",IF(AND(CG23>CG22,CG22=0),"cleared Home","doubled")) -> doubled | CN25: =IF(CN24<0,-CN24,CN24) -> 79.675457 | CT25: =IF(CU24="o2.5",1,IF(CU24="O1.5",0,"")) | CU25: =IF(CU24="o2.5",1,IF(CU24="o1.5",1,IF(CU24="don't choose",1,0))) -> 0 | CY25: =(CY22+CY58)/2 -> 0 | CZ25: =IF(DE5=7,"draw",IF(DE6=7,"away",IF(DE7=7,"draw",IF(DE8=7,"home",IF(DE9=7,"away",IF(DE10=7,"away",IF(DE11=7,"home",IF(DE12=7,"away",IF(DE13=7,"draw",IF(DE14=7,"home","rountime")))))))))) -> #N/A | DA25: 4 | DB25: : | DC25: 3 | DD25: =POISSON(DA25,$C$9,FALSE)*POISSON(DC25,$D$9,FALSE)*100 -> #N/A | DE25: =RANK(DD25,$DD$5:$DD$36,0) -> #N/A | DF25: =IF(AND(DF22>DF23,DF23=0),"cleared away",IF(AND(DF23>DF22,DF22=0),"cleared Home","doubled")) -> doubled | DM25: =IF(DM24<0,-DM24,DM24) -> #N/A
C26: =IF(AND(C23=C24,C24=C25),"equal",IF(C23=C25,"both equal",IF(C23=MAX(C23:C25),"home",IF(C24=MAX(C23:C25),"draw",IF(C25=MAX(C23:C25),"away",IF(OR(C23=C24,C25=C24),"either side","check")))))) -> equal | D26: =IF(I5=8,"draw",IF(I6=8,"away",IF(I7=8,"draw",IF(I8=8,"home",IF(I9=8,"away",IF(I10=8,"away",IF(I11=8,"home",IF(I12=8,"away",IF(I13=8,"draw",IF(I14=8,"home","rountime")))))))))) -> away | E26: 5 | F26: : | G26: 0 | H26: =POISSON(E26,$C$5,FALSE)*POISSON(G26,$D$5,FALSE)*100 -> 0.40152406 | I26: =RANK(H26,$H$5:$H$36,0) -> 18 | J26: =IF(J20="yes",_xlfn.TEXTJOIN(", ",TRUE,J24,J25),IF(J20="no",_xlfn.TEXTJOIN(", ",TRUE,J62,J63),IF(J20="equal",_xlfn.TEXTJOIN(", ",TRUE,J24:J25,J62:J63)))) -> draw, doubled | L26: =O10 -> 0.012195243 | M26: =R7 -> 0.0027334878 | P26: =Sheet3!G40 -> home | W26: =COUNTIF(X26:AA26,1) -> 0 | X26: =W25 | Y26: =AV25 | Z26: =BU25 | AA26: =CT25 | AB26: =IF(AND(AB23=AB24,AB24=AB25),"equal",IF(AB23=AB25,"both equal",IF(AB23=MAX(AB23:AB25),"home",IF(AB24=MAX(AB23:AB25),"draw",IF(AB25=MAX(AB23:AB25),"away",IF(OR(AB23=AB24,AB25=AB24),"either side","check")))))) -> equal | AC26: =IF(AH5=8,"draw",IF(AH6=8,"away",IF(AH7=8,"draw",IF(AH8=8,"home",IF(AH9=8,"away",IF(AH10=8,"away",IF(AH11=8,"home",IF(AH12=8,"away",IF(AH13=8,"draw",IF(AH14=8,"home","rountime")))))))))) -> home | AD26: 5 | AE26: =AD26+AF26 -> 5 | AF26: 0 | AG26: =POISSON(AD26,$C$6,FALSE)*POISSON(AF26,$D$6,FALSE)*100 -> 0.51034882 | AH26: =RANK(AG26,$AG$5:$AG$36,0) -> 31 | AI26: =IF(AI20="yes",_xlfn.TEXTJOIN(", ",TRUE,AI24,AI25),IF(AI20="no",_xlfn.TEXTJOIN(", ",TRUE,AI62,AI63),IF(AI20="equal",_xlfn.TEXTJOIN(", ",TRUE,AI24:AI25,AI62:AI63)))) -> draw, doubled | AK26: =AN10 -> 0.026025878 | AL26: =AQ7 -> 0.027612786 | AO26: =Sheet3!O40 -> away | BA26: =IF(AND(BA23=BA24,BA24=BA25),"equal",IF(BA23=BA25,"both equal",IF(BA23=MAX(BA23:BA25),"home",IF(BA24=MAX(BA23:BA25),"draw",IF(BA25=MAX(BA23:BA25),"away",IF(OR(BA23=BA24,BA25=BA24),"either side","check")))))) -> equal | BB26: =IF(BG5=8,"draw",IF(BG6=8,"away",IF(BG7=8,"draw",IF(BG8=8,"home",IF(BG9=8,"away",IF(BG10=8,"away",IF(BG11=8,"home",IF(BG12=8,"away",IF(BG13=8,"draw",IF(BG14=8,"home","rountime")))))))))) -> home | BC26: 5 | BD26: : | BE26: 0 | BF26: =POISSON(BC26,$C$7,FALSE)*POISSON(BE26,$D$7,FALSE)*100 -> 0.51034882 | BG26: =RANK(BF26,$BF$5:$BF$36,0) -> 31 | BH26: =IF(BH20="yes",_xlfn.TEXTJOIN(", ",TRUE,BH24,BH25),IF(BH20="no",_xlfn.TEXTJOIN(", ",TRUE,BH62,BH63),IF(BH20="equal",_xlfn.TEXTJOIN(", ",TRUE,BH24:BH25,BH62:BH63)))) -> draw, doubled | BJ26: =BM10 -> 0.026025878 | BK26: =BP7 -> 0.027612786 | BN26: =Sheet3!W40 -> away | BZ26: =IF(AND(BZ23=BZ24,BZ24=BZ25),"equal",IF(BZ23=BZ25,"both equal",IF(BZ23=MAX(BZ23:BZ25),"home",IF(BZ24=MAX(BZ23:BZ25),"draw",IF(BZ25=MAX(BZ23:BZ25),"away",IF(OR(BZ23=BZ24,BZ25=BZ24),"either side","check")))))) -> equal | CA26: =IF(CF5=8,"draw",IF(CF6=8,"away",IF(CF7=8,"draw",IF(CF8=8,"home",IF(CF9=8,"away",IF(CF10=8,"away",IF(CF11=8,"home",IF(CF12=8,"away",IF(CF13=8,"draw",IF(CF14=8,"home","rountime")))))))))) -> away | CB26: 5 | CC26: : | CD26: 0 | CE26: =POISSON(CB26,$C$8,FALSE)*POISSON(CD26,$D$8,FALSE)*100 -> 0.40152406 | CF26: =RANK(CE26,$CE$5:$CE$36,0) -> 18 | CG26: =IF(CG20="yes",_xlfn.TEXTJOIN(", ",TRUE,CG24,CG25),IF(CG20="no",_xlfn.TEXTJOIN(", ",TRUE,CG62,CG63),IF(CG20="equal",_xlfn.TEXTJOIN(", ",TRUE,CG24:CG25,CG62:CG63)))) -> draw, doubled | CM26: =Sheet3!AE40 -> home | CY26: =IF(AND(CY23=CY24,CY24=CY25),"equal",IF(CY23=CY25,"both equal",IF(CY23=MAX(CY23:CY25),"home",IF(CY24=MAX(CY23:CY25),"draw",IF(CY25=MAX(CY23:CY25),"away",IF(OR(CY23=CY24,CY25=CY24),"either side","check")))))) -> equal | CZ26: =IF(DE5=8,"draw",IF(DE6=8,"away",IF(DE7=8,"draw",IF(DE8=8,"home",IF(DE9=8,"away",IF(DE10=8,"away",IF(DE11=8,"home",IF(DE12=8,"away",IF(DE13=8,"draw",IF(DE14=8,"home","rountime")))))))))) -> #N/A | DA26: 5 | DB26: : | DC26: 0 | DD26: =POISSON(DA26,$C$9,FALSE)*POISSON(DC26,$D$9,FALSE)*100 -> #N/A | DE26: =RANK(DD26,$DD$5:$DD$36,0) -> #N/A | DF26: =IF(DF20="yes",_xlfn.TEXTJOIN(", ",TRUE,DF24,DF25),IF(DF20="no",_xlfn.TEXTJOIN(", ",TRUE,DF62,DF63),IF(DF20="equal",_xlfn.TEXTJOIN(", ",TRUE,DF24:DF25,DF62:DF63)))) -> #N/A | DL26: =Sheet3!AM40 -> #N/A
C27: =ABS(C23-C25) -> 0 | D27: =IF(I5=9,"draw",IF(I6=9,"away",IF(I7=9,"draw",IF(I8=9,"home",IF(I9=9,"away",IF(I10=9,"away",IF(I11=9,"home",IF(I12=9,"away",IF(I13=9,"draw",IF(I14=9,"home","rountime")))))))))) -> home | E27: 5 | F27: : | G27: 2 | H27: =POISSON(E27,$C$5,FALSE)*POISSON(G27,$D$5,FALSE)*100 -> 0.1293915 | I27: =RANK(H27,$H$5:$H$36,0) -> 24 | J27: =COUNTIF(J10:J13,0) -> 0 | L27: =O11 -> 0.0032234703 | M27: =R8 -> 0.0018063019 | O27: =MAX(Q28,Q29) -> 0.21651627 | P27: =Q14-Q52 -> 0.21651627 | Q27: =R14-R52 -> -0.072254643 | R27: =IF(P27<0,-P27,P27)-IF(Q27<0,-Q27,Q27) -> 0.14426162 | S27: =IF(O24="both tabs",ABS(P27)+ABS(Q27),ABS(R27)) -> 0.28877091 | Z27: =IF(Y25="D'over","Yes","no") -> no | AB27: =ABS(AB23-AB25) -> 0 | AC27: =IF(AH5=9,"draw",IF(AH6=9,"away",IF(AH7=9,"draw",IF(AH8=9,"home",IF(AH9=9,"away",IF(AH10=9,"away",IF(AH11=9,"home",IF(AH12=9,"away",IF(AH13=9,"draw",IF(AH14=9,"home","rountime")))))))))) -> rountime | AD27: 5 | AE27: =AD27+AF27 -> 7 | AF27: 2 | AG27: =POISSON(AD27,$C$6,FALSE)*POISSON(AF27,$D$6,FALSE)*100 -> 1.3428763 | AH27: =RANK(AG27,$AG$5:$AG$36,0) -> 22 | AI27: =COUNTIF(AI10:AI13,0) -> 1 | AK27: =AN11 -> 0.011707565 | AL27: =AQ8 -> 0.03105356 | AN27: =MAX(AP28,AP29) -> 0.2046581 | AO27: =AP14-AP52 -> -0.2046581 | AP27: =AQ14-AQ52 -> 0.057354539 | AQ27: =IF(AO27<0,-AO27,AO27)-IF(AP27<0,-AP27,AP27) -> 0.14730356 | AR27: =IF(AN24="both tabs",ABS(AO27)+ABS(AP27),ABS(AQ27)) -> 0.26201263 | BA27: =ABS(BA23-BA25) -> 0 | BB27: =IF(BG5=9,"draw",IF(BG6=9,"away",IF(BG7=9,"draw",IF(BG8=9,"home",IF(BG9=9,"away",IF(BG10=9,"away",IF(BG11=9,"home",IF(BG12=9,"away",IF(BG13=9,"draw",IF(BG14=9,"home","rountime")))))))))) -> rountime | BC27: 5 | BD27: : | BE27: 2 | BF27: =POISSON(BC27,$C$7,FALSE)*POISSON(BE27,$D$7,FALSE)*100 -> 1.3428763 | BG27: =RANK(BF27,$BF$5:$BF$36,0) -> 22 | BH27: =COUNTIF(BH10:BH13,0) -> 1 | BJ27: =BM11 -> 0.011707565 | BK27: =BP8 -> 0.03105356 | BM27: =MAX(BO28,BO29) -> 0.2046581 | BN27: =BO14-BO52 -> -0.2046581 | BO27: =BP14-BP52 -> 0.057354539 | BP27: =IF(BN27<0,-BN27,BN27)-IF(BO27<0,-BO27,BO27) -> 0.14730356 | BQ27: =IF(BM24="both tabs",ABS(BN27)+ABS(BO27),ABS(BP27)) -> 0.26201263 | BZ27: =ABS(BZ23-BZ25) -> 0 | CA27: =IF(CF5=9,"draw",IF(CF6=9,"away",IF(CF7=9,"draw",IF(CF8=9,"home",IF(CF9=9,"away",IF(CF10=9,"away",IF(CF11=9,"home",IF(CF12=9,"away",IF(CF13=9,"draw",IF(CF14=9,"home","rountime")))))))))) -> home | CB27: 5 | CC27: : | CD27: 2 | CE27: =POISSON(CB27,$C$8,FALSE)*POISSON(CD27,$D$8,FALSE)*100 -> 0.1293915 | CF27: =RANK(CE27,$CE$5:$CE$36,0) -> 24 | CG27: =COUNTIF(CG10:CG13,0) -> 0 | CL27: =MAX(CN28,CN29) -> 0.21651627 | CM27: =CN14-CN52 -> 0.21651627 | CN27: =CO14-CO52 -> -0.072254643 | CO27: =IF(CM27<0,-CM27,CM27)-IF(CN27<0,-CN27,CN27) -> 0.14426162 | CP27: =IF(CL24="both tabs",ABS(CM27)+ABS(CN27),ABS(CO27)) -> 0.28877091 | CY27: =ABS(CY23-CY25) -> 0 | CZ27: =IF(DE5=9,"draw",IF(DE6=9,"away",IF(DE7=9,"draw",IF(DE8=9,"home",IF(DE9=9,"away",IF(DE10=9,"away",IF(DE11=9,"home",IF(DE12=9,"away",IF(DE13=9,"draw",IF(DE14=9,"home","rountime")))))))))) -> #N/A | DA27: 5 | DB27: : | DC27: 2 | DD27: =POISSON(DA27,$C$9,FALSE)*POISSON(DC27,$D$9,FALSE)*100 -> #N/A | DE27: =RANK(DD27,$DD$5:$DD$36,0) -> #N/A | DF27: =COUNTIF(DF10:DF13,0) -> 0 | DK27: =MAX(DM28,DM29) -> #N/A | DL27: =DM14-DM52 -> #N/A | DM27: =DN14-DN52 -> #N/A | DN27: =IF(DL27<0,-DL27,DL27)-IF(DM27<0,-DM27,DM27) -> #N/A | DO27: =IF(DK24="both tabs",ABS(DL27)+ABS(DM27),ABS(DN27)) -> #N/A
C28: =IF(C27>1.4,"high",IF(C27>0.2,"low","medium")) -> medium | D28: =IF(I5=10,"draw",IF(I6=10,"away",IF(I7=10,"draw",IF(I8=10,"home",IF(I9=10,"away",IF(I10=10,"away",IF(I11=10,"home",IF(I12=10,"away",IF(I13=10,"draw",IF(I14=10,"home","rountime")))))))))) -> draw | E28: 3 | F28: : | G28: 5 | H28: =POISSON(E28,$C$5,FALSE)*POISSON(G28,$D$5,FALSE)*100 -> 0.012776573 | I28: =RANK(H28,$H$5:$H$36,0) -> 29 | J28: =IF(AND(K14="o2.5",K52="o2.5"),"o2.5",IF(AND(K52="o2.5",K14="u4.5"),"Rtu3.5",IF(AND(K14="o2.5",K52="u4.5"),"Rtu3.5",IF(AND(K52="u2.5",K14="u2.5"),"u2.5",IF(AND(K14="u4.5",K52="u4.5"),"u2.5+",IF(AND(K14="u4.5",K52="u2.5"),"u3.5",IF(AND(K52="u4.5",K14="u2.5"),"u3.5","check"))))))) -> check | L28: =P9 -> 0.014815945 | M28: =R9 -> 0.00079574202 | O28: =IF(Sheet3!D8="Tab1 ",Check!G7,N24) -> HOME | P28: =IF(AND(P27>0,Q27<0),"Home win",IF(AND(P27>0,Q27>0,P27>Q27),"home win",IF(AND(P27<0,Q27>0),"Away win","Draw"))) -> Home win | Q28: =IF(P27<0,-P27,P27) -> 0.21651627 | R28: =AVERAGE(Q28,Q29) -> 0.14438546 | S28: =R28+R29 -> 0.14450929 | AB28: =IF(AB27>1.4,"high",IF(AB27>0.2,"low","medium")) -> medium | AC28: =IF(AH5=10,"draw",IF(AH6=10,"away",IF(AH7=10,"draw",IF(AH8=10,"home",IF(AH9=10,"away",IF(AH10=10,"away",IF(AH11=10,"home",IF(AH12=10,"away",IF(AH13=10,"draw",IF(AH14=10,"home","rountime")))))))))) -> rountime | AD28: 3 | AE28: =AD28+AF28 -> 8 | AF28: 5 | AG28: =POISSON(AD28,$C$6,FALSE)*POISSON(AF28,$D$6,FALSE)*100 -> 1.0681955 | AH28: =RANK(AG28,$AG$5:$AG$36,0) -> 26 | AI28: =IF(AND(AJ14="o2.5",AJ52="o2.5"),"o2.5",IF(AND(AJ52="o2.5",AJ14="u4.5"),"Rtu3.5",IF(AND(AJ14="o2.5",AJ52="u4.5"),"Rtu3.5",IF(AND(AJ52="u2.5",AJ14="u2.5"),"u2.5",IF(AND(AJ14="u4.5",AJ52="u4.5"),"u2.5+",IF(AND(AJ14="u4.5",AJ52="u2.5"),"u3.5",IF(AND(AJ52="u4.5",AJ14="u2.5"),"u3.5","check"))))))) -> check | AK28: =AO9 -> 0.053088893 | AL28: =AQ9 -> 0.023282055 | AN28: =IF(Sheet3!L8="Tab1 ",Check!O7,AM24) -> away | AO28: =IF(AND(AO27>0,AP27<0),"Home win",IF(AND(AO27>0,AP27>0,AO27>AP27),"home win",IF(AND(AO27<0,AP27>0),"Away win","Draw"))) -> Away win | AP28: =IF(AO27<0,-AO27,AO27) -> 0.2046581 | AQ28: =AVERAGE(AP28,AP29) -> 0.13100632 | AR28: =AQ28+AQ29 -> 0.14730356 | BA28: =IF(BA27>1.4,"high",IF(BA27>0.2,"low","medium")) -> medium | BB28: =IF(BG5=10,"draw",IF(BG6=10,"away",IF(BG7=10,"draw",IF(BG8=10,"home",IF(BG9=10,"away",IF(BG10=10,"away",IF(BG11=10,"home",IF(BG12=10,"away",IF(BG13=10,"draw",IF(BG14=10,"home","rountime")))))))))) -> rountime | BC28: 3 | BD28: : | BE28: 5 | BF28: =POISSON(BC28,$C$7,FALSE)*POISSON(BE28,$D$7,FALSE)*100 -> 1.0681955 | BG28: =RANK(BF28,$BF$5:$BF$36,0) -> 26 | BH28: =IF(AND(BI14="o2.5",BI52="o2.5"),"o2.5",IF(AND(BI52="o2.5",BI14="u4.5"),"Rtu3.5",IF(AND(BI14="o2.5",BI52="u4.5"),"Rtu3.5",IF(AND(BI52="u2.5",BI14="u2.5"),"u2.5",IF(AND(BI14="u4.5",BI52="u4.5"),"u2.5+",IF(AND(BI14="u4.5",BI52="u2.5"),"u3.5",IF(AND(BI52="u4.5",BI14="u2.5"),"u3.5","check"))))))) -> check | BJ28: =BN9 -> 0.053088893 | BK28: =BP9 -> 0.023282055 | BM28: =IF(Sheet3!T8="Tab1 ",Check!W7,BL24) -> away | BN28: =IF(AND(BN27>0,BO27<0),"Home win",IF(AND(BN27>0,BO27>0,BN27>BO27),"home win",IF(AND(BN27<0,BO27>0),"Away win","Draw"))) -> Away win | BO28: =IF(BN27<0,-BN27,BN27) -> 0.2046581 | BP28: =AVERAGE(BO28,BO29) -> 0.13100632 | BQ28: =BP28+BP29 -> 0.14730356 | BZ28: =IF(BZ27>1.4,"high",IF(BZ27>0.2,"low","medium")) -> medium | CA28: =IF(CF5=10,"draw",IF(CF6=10,"away",IF(CF7=10,"draw",IF(CF8=10,"home",IF(CF9=10,"away",IF(CF10=10,"away",IF(CF11=10,"home",IF(CF12=10,"away",IF(CF13=10,"draw",IF(CF14=10,"home","rountime")))))))))) -> draw | CB28: 3 | CC28: : | CD28: 5 | CE28: =POISSON(CB28,$C$8,FALSE)*POISSON(CD28,$D$8,FALSE)*100 -> 0.012776573 | CF28: =RANK(CE28,$CE$5:$CE$36,0) -> 29 | CG28: =IF(AND(CH14="o2.5",CH52="o2.5"),"o2.5",IF(AND(CH52="o2.5",CH14="u4.5"),"Rtu3.5",IF(AND(CH14="o2.5",CH52="u4.5"),"Rtu3.5",IF(AND(CH52="u2.5",CH14="u2.5"),"u2.5",IF(AND(CH14="u4.5",CH52="u4.5"),"u2.5+",IF(AND(CH14="u4.5",CH52="u2.5"),"u3.5",IF(AND(CH52="u4.5",CH14="u2.5"),"u3.5","check"))))))) -> check | CL28: =IF(Sheet3!AB8="Tab1 ",Check!AE7,CK24) -> HOME | CM28: =IF(AND(CM27>0,CN27<0),"Home win",IF(AND(CM27>0,CN27>0,CM27>CN27),"home win",IF(AND(CM27<0,CN27>0),"Away win","Draw"))) -> Home win | CN28: =IF(CM27<0,-CM27,CM27) -> 0.21651627 | CO28: =AVERAGE(CN28,CN29) -> 0.14438546 | CP28: =CO28+CO29 -> 0.14450929 | CY28: =IF(CY27>1.4,"high",IF(CY27>0.2,"low","medium")) -> medium | CZ28: =IF(DE5=10,"draw",IF(DE6=10,"away",IF(DE7=10,"draw",IF(DE8=10,"home",IF(DE9=10,"away",IF(DE10=10,"away",IF(DE11=10,"home",IF(DE12=10,"away",IF(DE13=10,"draw",IF(DE14=10,"home","rountime")))))))))) -> #N/A | DA28: 3 | DB28: : | DC28: 5 | DD28: =POISSON(DA28,$C$9,FALSE)*POISSON(DC28,$D$9,FALSE)*100 -> #N/A | DE28: =RANK(DD28,$DD$5:$DD$36,0) -> #N/A | DF28: =IF(AND(DG14="o2.5",DG52="o2.5"),"o2.5",IF(AND(DG52="o2.5",DG14="u4.5"),"Rtu3.5",IF(AND(DG14="o2.5",DG52="u4.5"),"Rtu3.5",IF(AND(DG52="u2.5",DG14="u2.5"),"u2.5",IF(AND(DG14="u4.5",DG52="u4.5"),"u2.5+",IF(AND(DG14="u4.5",DG52="u2.5"),"u3.5",IF(AND(DG52="u4.5",DG14="u2.5"),"u3.5","check"))))))) -> u2.5+ | DK28: =IF(Sheet3!AJ8="Tab1 ",Check!AM7,DJ24) -> #N/A | DL28: =IF(AND(DL27>0,DM27<0),"Home win",IF(AND(DL27>0,DM27>0,DL27>DM27),"home win",IF(AND(DL27<0,DM27>0),"Away win","Draw"))) -> #N/A | DM28: =IF(DL27<0,-DL27,DL27) -> #N/A | DN28: =AVERAGE(DM28,DM29) -> #N/A | DO28: =DN28+DN29 -> #N/A
C29: =C23/(C23+C24+C25)*100 -> 33.333333 | D29: =C24/(C23+C24+C25)*100 -> 33.333333 | E29: 4 | F29: : | G29: 4 | H29: =POISSON(E29,$C$5,FALSE)*POISSON(G29,$D$5,FALSE)*100 -> 0.026291508 | I29: =RANK(H29,$H$5:$H$36,0) -> 28 | L29: =P10 -> 0.004895224 | M29: =S6 -> 0.00033209017 | O29: =IF(AND(P26="away",OR(R29>0.7,R29<-0.1),O24="Both Tabs"),"away",IF(AND(P26="home",OR(R29>0.7,R29<-0.1),O24="Both Tabs"),"home")) -> FALSE | P29: =IF(P28="home win",IF(R27<0,-R27,R27),IF(P28="draw",IF(R27<0,-R27,R27),IF(P28="away win",IF(R27<0,-R27,R27)))) -> 0.14426162 | Q29: =IF(Q27<0,-Q27,Q27) -> 0.072254643 | R29: =ABS(R28-P29) -> 0.00012383059 | S29: =S27/R29 -> 2331.9837 | AB29: =AB23/(AB23+AB24+AB25)*100 -> 33.333333 | AC29: =AB24/(AB23+AB24+AB25)*100 -> 33.333333 | AD29: 4 | AE29: =AD29+AF29 -> 8 | AF29: 4 | AG29: =POISSON(AD29,$C$6,FALSE)*POISSON(AF29,$D$6,FALSE)*100 -> 1.3091593 | AH29: =RANK(AG29,$AG$5:$AG$36,0) -> 23 | AK29: =AO10 -> 0.029852097 | AL29: =AR6 -> 0.0056325946 | AN29: =IF(AND(AO26="away",OR(AQ29>0.7,AQ29<-0.1),AN24="Both Tabs"),"away",IF(AND(AO26="home",OR(AQ29>0.7,AQ29<-0.1),AN24="Both Tabs"),"home")) -> FALSE | AO29: =IF(AO28="home win",IF(AQ27<0,-AQ27,AQ27),IF(AO28="draw",IF(AQ27<0,-AQ27,AQ27),IF(AO28="away win",IF(AQ27<0,-AQ27,AQ27)))) -> 0.14730356 | AP29: =IF(AP27<0,-AP27,AP27) -> 0.057354539 | AQ29: =ABS(AQ28-AO29) -> 0.01629724 | AR29: =AR27/AQ29 -> 16.077117 | BA29: =BA23/(BA23+BA24+BA25)*100 -> 33.333333 | BB29: =BA24/(BA23+BA24+BA25)*100 -> 33.333333 | BC29: 4 | BD29: : | BE29: 4 | BF29: =POISSON(BC29,$C$7,FALSE)*POISSON(BE29,$D$7,FALSE)*100 -> 1.3091593 | BG29: =RANK(BF29,$BF$5:$BF$36,0) -> 23 | BJ29: =BN10 -> 0.029852097 | BK29: =BQ6 -> 0.0056325946 | BM29: =IF(AND(BN26="away",OR(BP29>0.7,BP29<-0.1),BM24="Both Tabs"),"away",IF(AND(BN26="home",OR(BP29>0.7,BP29<-0.1),BM24="Both Tabs"),"home")) -> FALSE | BN29: =IF(BN28="home win",IF(BP27<0,-BP27,BP27),IF(BN28="draw",IF(BP27<0,-BP27,BP27),IF(BN28="away win",IF(BP27<0,-BP27,BP27)))) -> 0.14730356 | BO29: =IF(BO27<0,-BO27,BO27) -> 0.057354539 | BP29: =ABS(BP28-BN29) -> 0.01629724 | BQ29: =BQ27/BP29 -> 16.077117 | BZ29: =BZ23/(BZ23+BZ24+BZ25)*100 -> 33.333333 | CA29: =BZ24/(BZ23+BZ24+BZ25)*100 -> 33.333333 | CB29: 4 | CC29: : | CD29: 4 | CE29: =POISSON(CB29,$C$8,FALSE)*POISSON(CD29,$D$8,FALSE)*100 -> 0.026291508 | CF29: =RANK(CE29,$CE$5:$CE$36,0) -> 28 | CL29: =IF(AND(CM26="away",OR(CO29>0.7,CO29<-0.1),CL24="Both Tabs"),"away",IF(AND(CM26="home",OR(CO29>0.7,CO29<-0.1),CL24="Both Tabs"),"home")) -> FALSE | CM29: =IF(CM28="home win",IF(CO27<0,-CO27,CO27),IF(CM28="draw",IF(CO27<0,-CO27,CO27),IF(CM28="away win",IF(CO27<0,-CO27,CO27)))) -> 0.14426162 | CN29: =IF(CN27<0,-CN27,CN27) -> 0.072254643 | CO29: =ABS(CO28-CM29) -> 0.00012383059 | CP29: =CP27/CO29 -> 2331.9837 | CY29: =CY23/(CY23+CY24+CY25)*100 -> #DIV/0! | CZ29: =CY24/(CY23+CY24+CY25)*100 -> #DIV/0! | DA29: 4 | DB29: : | DC29: 4 | DD29: =POISSON(DA29,$C$9,FALSE)*POISSON(DC29,$D$9,FALSE)*100 -> #N/A | DE29: =RANK(DD29,$DD$5:$DD$36,0) -> #N/A | DK29: =IF(AND(DL26="away",OR(DN29>0.7,DN29<-0.1),DK24="Both Tabs"),"away",IF(AND(DL26="home",OR(DN29>0.7,DN29<-0.1),DK24="Both Tabs"),"home")) -> #N/A | DL29: =IF(DL28="home win",IF(DN27<0,-DN27,DN27),IF(DL28="draw",IF(DN27<0,-DN27,DN27),IF(DL28="away win",IF(DN27<0,-DN27,DN27)))) -> #N/A | DM29: =IF(DM27<0,-DM27,DM27) -> #N/A | DN29: =ABS(DN28-DL29) -> #N/A | DO29: =DO27/DN29 -> #N/A
C30: =C25/(C23+C24+C25)*100 -> 33.333333 | D30: =IF(AND(C29=D29,D29=C30),"all equal",IF(C29=C30,"both equal",IF(OR(C29=D29,C30=D29),"equal",IF(C29=MAX(C29,C30),"home","away")))) -> all equal | E30: 5 | F30: : | G30: 3 | H30: =POISSON(E30,$C$5,FALSE)*POISSON(G30,$D$5,FALSE)*100 -> 0.034625543 | I30: =RANK(H30,$H$5:$H$36,0) -> 26 | L30: =P11 -> 0.001293915 | M30: =S7 -> 0.00043889358 | O30: =IF(AND(O28="away",P28="away win",R30="D"),"ignore",IF(AND(O28="home",P28="home win",R30="D"),"ignore",IF(AND(O28="away",P28="away win",R30="B"),"Awin",IF(AND(O28="away",P28="away win",R30="B1"),"double away",IF(AND(O28="home",P28="home win",R30="B")," double home",IF(AND(O28="home",P28="home win",R30="B1"),"Hwin",IF(AND(O28="away",P28="away win",R30="A"),"Awin",IF(AND(O28="away",P28="away win",R30="A1"),"double away",IF(AND(O28="home",P28="home win",R30="A1"),"Hwin",IF(AND(O28="home",P28="home win",R30="A")," double home",IF(AND(O28="home",P28="draw",R30="d"),"ignore",IF(AND(O28="home",P28="draw",R30="B"),"double home",IF(AND(O28="home",P28="draw",R30="A"),"double home",IF(AND(O28="home",P28="draw",R30="A1"),"2 handicap home",IF(AND(O28="home",P28="draw",R30="B1"),"2 handicap home",IF(AND(O28="away",P28="draw",R30="d"),"ignore",IF(AND(O28="away",P28="draw",R30="B1"),"double away",IF(AND(O28="away",P28="draw",R30="A1"),"double away",IF(AND(O28="away",P28="draw",R30="B"),"2 HANDICAP AWAY",IF(AND(O28="away",P28="draw",R30="a"),"2 HANDICAP AWAY")))))))))))))))))))) -> ignore | P30: =P29-Q30 -> 0.14413779 | Q30: =IF(R29<0,-R29,R29) -> 0.00012383059 | R30: =IF(AND(R29<0.5,R29>-0.5),"D",IF(AND(R29<1,R29>0.5),"B",IF(AND(R29<-0.5,R29>-1),"B1",IF(R29>1,"A","A1")))) -> D | S30: =S29-S28 -> 2331.8391 | AB30: =AB25/(AB23+AB24+AB25)*100 -> 33.333333 | AC30: =IF(AND(AB29=AC29,AC29=AB30),"all equal",IF(AB29=AB30,"both equal",IF(OR(AB29=AC29,AB30=AC29),"equal",IF(AB29=MAX(AB29,AB30),"home","away")))) -> all equal | AD30: 5 | AE30: =AD30+AF30 -> 8 | AF30: 3 | AG30: =POISSON(AD30,$C$6,FALSE)*POISSON(AF30,$D$6,FALSE)*100 -> 1.026867 | AH30: =RANK(AG30,$AG$5:$AG$36,0) -> 28 | AK30: =AO11 -> 0.013428763 | AL30: =AR7 -> 0.012668922 | AN30: =IF(AND(AN28="away",AO28="away win",AQ30="D"),"ignore",IF(AND(AN28="home",AO28="home win",AQ30="D"),"ignore",IF(AND(AN28="away",AO28="away win",AQ30="B"),"Awin",IF(AND(AN28="away",AO28="away win",AQ30="B1"),"double away",IF(AND(AN28="home",AO28="home win",AQ30="B")," double home",IF(AND(AN28="home",AO28="home win",AQ30="B1"),"Hwin",IF(AND(AN28="away",AO28="away win",AQ30="A"),"Awin",IF(AND(AN28="away",AO28="away win",AQ30="A1"),"double away",IF(AND(AN28="home",AO28="home win",AQ30="A1"),"Hwin",IF(AND(AN28="home",AO28="home win",AQ30="A")," double home",IF(AND(AN28="home",AO28="draw",AQ30="d"),"ignore",IF(AND(AN28="home",AO28="draw",AQ30="B"),"double home",IF(AND(AN28="home",AO28="draw",AQ30="A"),"double home",IF(AND(AN28="home",AO28="draw",AQ30="A1"),"2 handicap home",IF(AND(AN28="home",AO28="draw",AQ30="B1"),"2 handicap home",IF(AND(AN28="away",AO28="draw",AQ30="d"),"ignore",IF(AND(AN28="away",AO28="draw",AQ30="B1"),"double away",IF(AND(AN28="away",AO28="draw",AQ30="A1"),"double away",IF(AND(AN28="away",AO28="draw",AQ30="B"),"2 HANDICAP AWAY",IF(AND(AN28="away",AO28="draw",AQ30="a"),"2 HANDICAP AWAY")))))))))))))))))))) -> ignore | AO30: =AO29-AP30 -> 0.13100632 | AP30: =IF(AQ29<0,-AQ29,AQ29) -> 0.01629724 | AQ30: =IF(AND(AQ29<0.5,AQ29>-0.5),"D",IF(AND(AQ29<1,AQ29>0.5),"B",IF(AND(AQ29<-0.5,AQ29>-1),"B1",IF(AQ29>1,"A","A1")))) -> D | AR30: =AR29-AR28 -> 15.929814 | BA30: =BA25/(BA23+BA24+BA25)*100 -> 33.333333 | BB30: =IF(AND(BA29=BB29,BB29=BA30),"all equal",IF(BA29=BA30,"both equal",IF(OR(BA29=BB29,BA30=BB29),"equal",IF(BA29=MAX(BA29,BA30),"home","away")))) -> all equal | BC30: 5 | BD30: : | BE30: 3 | BF30: =POISSON(BC30,$C$7,FALSE)*POISSON(BE30,$D$7,FALSE)*100 -> 1.026867 | BG30: =RANK(BF30,$BF$5:$BF$36,0) -> 28 | BJ30: =BN11 -> 0.013428763 | BK30: =BQ7 -> 0.012668922 | BM30: =IF(AND(BM28="away",BN28="away win",BP30="D"),"ignore",IF(AND(BM28="home",BN28="home win",BP30="D"),"ignore",IF(AND(BM28="away",BN28="away win",BP30="B"),"Awin",IF(AND(BM28="away",BN28="away win",BP30="B1"),"double away",IF(AND(BM28="home",BN28="home win",BP30="B")," double home",IF(AND(BM28="home",BN28="home win",BP30="B1"),"Hwin",IF(AND(BM28="away",BN28="away win",BP30="A"),"Awin",IF(AND(BM28="away",BN28="away win",BP30="A1"),"double away",IF(AND(BM28="home",BN28="home win",BP30="A1"),"Hwin",IF(AND(BM28="home",BN28="home win",BP30="A")," double home",IF(AND(BM28="home",BN28="draw",BP30="d"),"ignore",IF(AND(BM28="home",BN28="draw",BP30="B"),"double home",IF(AND(BM28="home",BN28="draw",BP30="A"),"double home",IF(AND(BM28="home",BN28="draw",BP30="A1"),"2 handicap home",IF(AND(BM28="home",BN28="draw",BP30="B1"),"2 handicap home",IF(AND(BM28="away",BN28="draw",BP30="d"),"ignore",IF(AND(BM28="away",BN28="draw",BP30="B1"),"double away",IF(AND(BM28="away",BN28="draw",BP30="A1"),"double away",IF(AND(BM28="away",BN28="draw",BP30="B"),"2 HANDICAP AWAY",IF(AND(BM28="away",BN28="draw",BP30="a"),"2 HANDICAP AWAY")))))))))))))))))))) -> ignore | BN30: =BN29-BO30 -> 0.13100632 | BO30: =IF(BP29<0,-BP29,BP29) -> 0.01629724 | BP30: =IF(AND(BP29<0.5,BP29>-0.5),"D",IF(AND(BP29<1,BP29>0.5),"B",IF(AND(BP29<-0.5,BP29>-1),"B1",IF(BP29>1,"A","A1")))) -> D | BQ30: =BQ29-BQ28 -> 15.929814 | BZ30: =BZ25/(BZ23+BZ24+BZ25)*100 -> 33.333333 | CA30: =IF(AND(BZ29=CA29,CA29=BZ30),"all equal",IF(BZ29=BZ30,"both equal",IF(OR(BZ29=CA29,BZ30=CA29),"equal",IF(BZ29=MAX(BZ29,BZ30),"home","away")))) -> all equal | CB30: 5 | CC30: : | CD30: 3 | CE30: =POISSON(CB30,$C$8,FALSE)*POISSON(CD30,$D$8,FALSE)*100 -> 0.034625543 | CF30: =RANK(CE30,$CE$5:$CE$36,0) -> 26 | CL30: =IF(AND(CL28="away",CM28="away win",CO30="D"),"ignore",IF(AND(CL28="home",CM28="home win",CO30="D"),"ignore",IF(AND(CL28="away",CM28="away win",CO30="B"),"Awin",IF(AND(CL28="away",CM28="away win",CO30="B1"),"double away",IF(AND(CL28="home",CM28="home win",CO30="B")," double home",IF(AND(CL28="home",CM28="home win",CO30="B1"),"Hwin",IF(AND(CL28="away",CM28="away win",CO30="A"),"Awin",IF(AND(CL28="away",CM28="away win",CO30="A1"),"double away",IF(AND(CL28="home",CM28="home win",CO30="A1"),"Hwin",IF(AND(CL28="home",CM28="home win",CO30="A")," double home",IF(AND(CL28="home",CM28="draw",CO30="d"),"ignore",IF(AND(CL28="home",CM28="draw",CO30="B"),"double home",IF(AND(CL28="home",CM28="draw",CO30="A"),"double home",IF(AND(CL28="home",CM28="draw",CO30="A1"),"2 handicap home",IF(AND(CL28="home",CM28="draw",CO30="B1"),"2 handicap home",IF(AND(CL28="away",CM28="draw",CO30="d"),"ignore",IF(AND(CL28="away",CM28="draw",CO30="B1"),"double away",IF(AND(CL28="away",CM28="draw",CO30="A1"),"double away",IF(AND(CL28="away",CM28="draw",CO30="B"),"2 HANDICAP AWAY",IF(AND(CL28="away",CM28="draw",CO30="a"),"2 HANDICAP AWAY")))))))))))))))))))) -> ignore | CM30: =CM29-CN30 -> 0.14413779 | CN30: =IF(CO29<0,-CO29,CO29) -> 0.00012383059 | CO30: =IF(AND(CO29<0.5,CO29>-0.5),"D",IF(AND(CO29<1,CO29>0.5),"B",IF(AND(CO29<-0.5,CO29>-1),"B1",IF(CO29>1,"A","A1")))) -> D | CP30: =CP29-CP28 -> 2331.8391 | CY30: =CY25/(CY23+CY24+CY25)*100 -> #DIV/0! | CZ30: =IF(AND(CY29=CZ29,CZ29=CY30),"all equal",IF(CY29=CY30,"both equal",IF(OR(CY29=CZ29,CY30=CZ29),"equal",IF(CY29=MAX(CY29,CY30),"home","away")))) -> #DIV/0! | DA30: 5 | DB30: : | DC30: 3 | DD30: =POISSON(DA30,$C$9,FALSE)*POISSON(DC30,$D$9,FALSE)*100 -> #N/A | DE30: =RANK(DD30,$DD$5:$DD$36,0) -> #N/A | DK30: =IF(AND(DK28="away",DL28="away win",DN30="D"),"ignore",IF(AND(DK28="home",DL28="home win",DN30="D"),"ignore",IF(AND(DK28="away",DL28="away win",DN30="B"),"Awin",IF(AND(DK28="away",DL28="away win",DN30="B1"),"double away",IF(AND(DK28="home",DL28="home win",DN30="B")," double home",IF(AND(DK28="home",DL28="home win",DN30="B1"),"Hwin",IF(AND(DK28="away",DL28="away win",DN30="A"),"Awin",IF(AND(DK28="away",DL28="away win",DN30="A1"),"double away",IF(AND(DK28="home",DL28="home win",DN30="A1"),"Hwin",IF(AND(DK28="home",DL28="home win",DN30="A")," double home",IF(AND(DK28="home",DL28="draw",DN30="d"),"ignore",IF(AND(DK28="home",DL28="draw",DN30="B"),"double home",IF(AND(DK28="home",DL28="draw",DN30="A"),"double home",IF(AND(DK28="home",DL28="draw",DN30="A1"),"2 handicap home",IF(AND(DK28="home",DL28="draw",DN30="B1"),"2 handicap home",IF(AND(DK28="away",DL28="draw",DN30="d"),"ignore",IF(AND(DK28="away",DL28="draw",DN30="B1"),"double away",IF(AND(DK28="away",DL28="draw",DN30="A1"),"double away",IF(AND(DK28="away",DL28="draw",DN30="B"),"2 HANDICAP AWAY",IF(AND(DK28="away",DL28="draw",DN30="a"),"2 HANDICAP AWAY")))))))))))))))))))) -> #N/A | DL30: =DL29-DM30 -> #N/A | DM30: =IF(DN29<0,-DN29,DN29) -> #N/A | DN30: =IF(AND(DN29<0.5,DN29>-0.5),"D",IF(AND(DN29<1,DN29>0.5),"B",IF(AND(DN29<-0.5,DN29>-1),"B1",IF(DN29>1,"A","A1")))) -> #N/A | DO30: =DO29-DO28 -> #N/A
E31: 4 | F31: : | G31: 5 | H31: =POISSON(E31,$C$5,FALSE)*POISSON(G31,$D$5,FALSE)*100 -> 0.0042214105 | I31: =RANK(H31,$H$5:$H$36,0) -> 31 | L31: =Q10 -> 0.0013099762 | M31: =S8 -> 0.00029002299 | N31: Carrarese | P31: =IF(AND(R27<0,R29<0,Q32<1.2),"under",IF(Q32<0.35,"u2.5",IF(Q32<0.66,"u 3.5","not visible"))) -> u2.5 | Q31: =MAX(P30,Q30) -> 0.14413779 | R31: =IF(AND(R27<0,R29>0,Q31=Q30),"over",IF(AND(R27<0,R29<0,Q31=P30),"over +",IF(AND(R27>0,R29>0,P30=Q31),"under","not visible"))) -> under | AD31: 4 | AE31: =AD31+AF31 -> 9 | AF31: 5 | AG31: =POISSON(AD31,$C$6,FALSE)*POISSON(AF31,$D$6,FALSE)*100 -> 0.60065062 | AH31: =RANK(AG31,$AG$5:$AG$36,0) -> 29 | AK31: =AP10 -> 0.02282722 | AL31: =AR8 -> 0.014247571 | AO31: =IF(AND(AQ27<0,AQ29<0,AP32<1.2),"under",IF(AP32<0.35,"u2.5",IF(AP32<0.66,"u 3.5","not visible"))) -> u2.5 | AP31: =MAX(AO30,AP30) -> 0.13100632 | AQ31: =IF(AND(AQ27<0,AQ29>0,AP31=AP30),"over",IF(AND(AQ27<0,AQ29<0,AP31=AO30),"over +",IF(AND(AQ27>0,AQ29>0,AO30=AP31),"under","not visible"))) -> under | BC31: 4 | BD31: : | BE31: 5 | BF31: =POISSON(BC31,$C$7,FALSE)*POISSON(BE31,$D$7,FALSE)*100 -> 0.60065062 | BG31: =RANK(BF31,$BF$5:$BF$36,0) -> 29 | BJ31: =BO10 -> 0.02282722 | BK31: =BQ8 -> 0.014247571 | BN31: =IF(AND(BP27<0,BP29<0,BO32<1.2),"under",IF(BO32<0.35,"u2.5",IF(BO32<0.66,"u 3.5","not visible"))) -> u2.5 | BO31: =MAX(BN30,BO30) -> 0.13100632 | BP31: =IF(AND(BP27<0,BP29>0,BO31=BO30),"over",IF(AND(BP27<0,BP29<0,BO31=BN30),"over +",IF(AND(BP27>0,BP29>0,BN30=BO31),"under","not visible"))) -> under | CB31: 4 | CC31: : | CD31: 5 | CE31: =POISSON(CB31,$C$8,FALSE)*POISSON(CD31,$D$8,FALSE)*100 -> 0.0042214105 | CF31: =RANK(CE31,$CE$5:$CE$36,0) -> 31 | CM31: =IF(AND(CO27<0,CO29<0,CN32<1.2),"under",IF(CN32<0.35,"u2.5",IF(CN32<0.66,"u 3.5","not visible"))) -> u2.5 | CN31: =MAX(CM30,CN30) -> 0.14413779 | CO31: =IF(AND(CO27<0,CO29>0,CN31=CN30),"over",IF(AND(CO27<0,CO29<0,CN31=CM30),"over +",IF(AND(CO27>0,CO29>0,CM30=CN31),"under","not visible"))) -> under | DA31: 4 | DB31: : | DC31: 5 | DD31: =POISSON(DA31,$C$9,FALSE)*POISSON(DC31,$D$9,FALSE)*100 -> #N/A | DE31: =RANK(DD31,$DD$5:$DD$36,0) -> #N/A | DL31: =IF(AND(DN27<0,DN29<0,DM32<1.2),"under",IF(DM32<0.35,"u2.5",IF(DM32<0.66,"u 3.5","not visible"))) -> #N/A | DM31: =MAX(DL30,DM30) -> #N/A | DN31: =IF(AND(DN27<0,DN29>0,DM31=DM30),"over",IF(AND(DN27<0,DN29<0,DM31=DL30),"over +",IF(AND(DN27>0,DN29>0,DL30=DM31),"under","not visible"))) -> #N/A
